Smiles,PIC50
CN(C)N1C(=O)C2=C3C4=C(C(=CC=C4)O)NC3=C5C(=C2C1=O)C6=C(N5C7C(C(C(C(O7)CO)O)O)O)C(=CC=C6)O,5.795880017
CC1=C(N=NN1C2=CC=C(C=C2)F)/C(=N/NC3=NC(=CS3)C4=CC=C(C=C4)Cl)/C,7.301029996
CC(=C(C1=CC(=C(C=C1)OC)O)C2=CC(=CC(=C2)OC)OC)C,6.013228266
COC1=CC2=C(C(=C1)OC)C(=O)NC(=N2)C3=CC=C(C=C3)OCCCCCCCC(=O)NO,6.536107011
COC(=O)[C@H](CC1=CNC2=CC=CC=C21)NC(=O)CCCCCCC(=O)NO,6.494850022
CC(C)C[C@@H](C(=O)C(=O)NC1=CC=CC(=C1)C(=O)C)NC(=O)[C@H](CC(C)C)NC(=O)[C@H](CC(C)C)NC(=O)OCC2=CC=CC=C2,7.655607726
COC1=CC2=C(C(=C1)OC)C(=O)NC(=N2)C3=CC=C(C=C3)OCCCCC(=O)NO,6.536107011
CN(C)CCNC(=O)C1=C2C(=CC=C1)N=C3C=CC4=C(C=CC=C4C3=N2)CO,6.373659633
CC(=O)OCC(=O)N(C)C1=CC=CC=C1C2=CN=C(O2)NC3=CC4=C(C=C3)C(=CN4C)C#N,6.575118363
COC1=CC2=C(CC3=C(NN=C32)/C=C/C(=O)C4=CC(=C(C=C4)OC)OC)C=C1,5.348721986
C1CCN2C(=C(C3=C2C(=NC(=N3)C4=CC=CC=C4)N5CCN(CC5)CCC6=CC=CC=C6)C#N)C1,6.145693958
CCC(C1=NC2=C(C(=O)N1CC3=CSC=N3)SC=C2)N(CCCN)C(=O)C4=CC=C(C=C4)C,5.041436117
CC1=C(C=CC=C1C2=CC3=C(C=C2)OCCO3)COC4=C(C=C(C(=C4)OCC5=CC(=CC=C5)C#N)CN6CC(C6)C(=O)O)Cl,7.838631998
C1=CC(=CC(=C1)O)N2C3=C(C=CC(=C3)C#N)C=C4C2=NC(=O)N(C4=O)C5=CC(=C(C=C5)Cl)Cl,7.853871964
CC(=CCC[C@]\1(C/C=C(\C(=O)/C=C/[C@@]([C@@H](/C=C1)OC(=O)C=C(C)C)(C)O)/CN=[N+]=[N-])C)C,6.040958608
COC1=CC(=CC(=C1OC)OC)C2CN=C(O2)C3=CC4=C(C=C3)N(C=C4)S(=O)(=O)C,5.087246696
CC1=C(NC2=C1C(=NC=N2)NC3=CC(=CC=C3)Cl)C4=CC=CC=C4,8
CC(C)(C1=CC2=C(C=C1)[C@@](N(C2=O)CC3=CC=C(C=C3)Cl)(C4=CC=C(C=C4)Cl)O[C@H]5CCOC5)O,7.387216143
CCN/C=C/1\C2=C(C(=O)C3=C([C@]2([C@H](OC1=O)COC)C)[C@@H](C[C@]4([C@H]3CC[C@@H]4O)C)OC(=O)C)O,5.150764909
C[C@]12CC[C@H]3[C@@]4(C=CC(=O)C(=C)[C@H]4CC[C@@]3(C1)C(=C)C2=O)C,6.397940009
COC1=CC2=C(C=CN=C2C=C1OC)OC3=CC4=C(C=C3)C(=CC=C4)C(=O)NC5CC5,9.219970873
CN1CCN(CC1)C2=CC(=C(C=C2)NC3=NC=C4CN(C(=O)N(C4=N3)C5=CC=CC(=C5)NC(=O)C=C)C)OC,7.744727495
CC1=CC2=C(NC(=CC2=O)C3=CC(=CC=C3)F)N=C1,6.200659451
CN1CC(C1)NC(=O)C2=CC(=CC=C2)NC3=NC4=NC5=C(CCCCC(=O)NC6=CC=CC(=C6)N4)C=NN53,6.568636236
CC1=NC2=C(C=C(C=C2Br)Br)C(=O)N1CC(=O)NNC(=S)NC3=CC=CC=C3,6.356547324
CC1=CC(=CC=C1)NC(=O)NC2=CC=C(C=C2)C3=C4C(=CC=C3)N(N=C4N)C,8.096910013
CC1=C(C=CC=C1C2=CC3=C(C=C2)OCCO3)COC4=C(C=C(C(=C4)OCC5=CC(=CC=C5)C#N)CN6CC(C6)(C)O)Cl,8
CCC(=O)N1CC[C@@H](C1)N2C3=NC(=NC=C3CN(C2=O)C4=CC(=CC=C4)Cl)NC5=CC(=C(C=C5)N6CCN(CC6)C)C,7.879426069
C1CCN(CC1)CCC(=O)NC2=C3C(=C(C=C2)NC(=O)CCN4CCCCC4)C(=O)C5=CC=CC=C5C3=O.Cl,6.537602002
CSC1=NN=C2N1C3=CC=CC=C3C(=O)N2CCC4=CC=CC=C4,4.301029996
C[C@@H]1CN(C[C@@H](O1)C)C2=NC(=NC(=N2)C3=CN=C(C=C3C(F)(F)F)N)N4C[C@@H]5[C@H](C4)OCCO5,5
CC1=NC2=C(C=C1)C(=O)C=C(N2)C3=C(SC(=C3)C)C,5.320000084
CN(C)CCNC(=O)C1=C2C(=CC=C1)NC3=CC=C4C(=O)C=CC=C4C3=N2,7.318758763
C1CCC(CC1)C2=CN(N=N2)C3=CC=CC(=C3)NC(=O)CCCCCCC(=O)NO,7.91721463
CC1=CN=C(N=C1NC(C)(C)C2=CC=C(C=C2)N3C=CN=N3)C4=CC=CC=C4C(C)C,6.229147988
CCOC1=CC=C(C=C1)OCC(=O)N(CC(=O)NC2=CN=NC=C2)C(C)C,6.586700236
C1=CC(=CC(=C1)NC(=O)CCCCCCC(=O)NO)C2=CN(N=N2)C3=CC(=CC(=C3)F)F,8.27572413
C1=CC(=CC=C1C2=CN=CC3=C2C(=NN3)N)NC(=O)NC4=C(C=CC(=C4)C(F)(F)F)F,8.886056648
C1COCCN1CCN2C(=O)C3=C(C=CC(=C3)F)N4C2=NNC4=S,5.787812396
CN(C)CCN(C)CCC(=O)NC1=C2C3=CC=CC=C3SC2=C(C=C1)C4=CC=CC5=C4OC(=CC5=O)N6CCOCC6,7.107905397
CC1=C(SC(=N1)C)C2=NC(=NC=C2)NC3=CC=C(C=C3)N,6.233587153
COC1=CC(=CC(=C1OC)OC)/C=C/C(=O)N2CCC=CC2=O,5.42945706
CC(=CCC[C@]\1(C/C=C(\C(=O)/C=C/[C@@]([C@@H](/C=C1)OC(=O)C=C(C)C)(C)O)/CN2C=C(N=N2)CO)C)C,5.494850022
CC1(C2(CCC1(OC2=O)C(=O)O[C@H]3CCC4=CC(=C(C(=C4C5=CC=C(C(=O)C=C35)SC)OC)OC)OC)C)C,5.849999245
C1=CC=C2C=C(C=CC2=C1)C3=CC(=O)C4=C(N3)N=CC(=C4)Cl,5.602059991
CN1C2=NC(=NC=C2C=C(C1=O)C3=C(C=CC=C3Cl)Cl)NC4CCCCC4,5.167491087
CC1=C(C(=NO1)C)C2=CC3=C(C=C2)N(C=C3CC4=CC=C(C=C4)F)CCCCCC(=O)NO,6.536107011
CC1=C(C=CC(=C1)OCC2=NN=C(N2C3=CN=CC=C3)SC4CCCC4)C5=CC=C(C=C5)S(=O)(=O)C,7.619788758
CCOC(=O)C1=C2C(=CN1)[C@@H](C3=C(N2)CN(CC3=O)C(=O)CN)C4=CC=C(O4)SC5=NC6=CC=CC=C6N5.Cl,7.698970004
CC1=C(C(=NO1)C)C2=CC3=C(C=C2)N(C=C3CC4=CC(=CC=C4)C(F)(F)F)CCCCCC(=O)NO,6.536107011
CC1=C(C(=CC=C1)C)N2C(=C(C=N2)C(=O)NC3=NC4=CC=CC=C4C=C3)C,7.585026652
CN1C=C(C2=CC=CC=C21)C3=NC(=NC=C3)NC4=CC=C(C=C4)C(=O)NCCCC(=O)NO,6
CN(C)CCN(C)CCOC1=C2C3=CC=CC=C3SC2=C(C=C1)C4=CC=CC5=C4OC(=CC5=O)N6CCOCC6,8.301029996
CC1=C(C=CC=C1C2=CC=CC=C2)COC3=C(C=C(C(=C3)OCC4=CC(=CC=C4)C#N)CN[C@@H]([C@@H](C)O)C(=O)O)Cl,8.045757491
C1COCCN1CC(=O)NC2=CC=C(C=C2)C3=NC4=CC=CC=C4S3,6.107905397
C[C@@H]1COCCN1C2=NC(=NC(=C2)C3=CC4=C(C=C3)C(=NN4)N)N,7.199970641
CN1C=C(C2=CC=CC=C21)C3=NC(=NC=C3)NC4=CC=C(C=C4)C(=O)NCCCCCCC(=O)NO,6
C1=CC(=CC(=C1)F)NC2=C3C=CN=CC3=C4C=CC=C(C4=N2)C5=NC=NN5,7.229147988
CC1=CN=C(N=C1NCC2=CN=CC=C2)C3=CC=CC=C3C(C)C,5.886056648
C1=CC=C(C=C1)CCN2C(=O)C3=C(C=CC(=C3)F)N4C2=NN=C4N,4.301029996
CN(C)CC1=CC=C(C=C1)C2C(C3=NNC(=O)C4=C3C(=CC(=C4)F)N2)C5=CC=C(C=C5)F,8.580044252
CN1CCN(CC1)C2=CC=CC(=C2)NC3=NN4C=CC=C(C4=N3)C5=CC=C(C=C5)C(F)(F)F,6.322393047
CCN(CC)CCCNC1=NC2=NC(=C(C=C2C=N1)C3=C(C=CC=C3Cl)Cl)N,5.619788758
CN1C=C(C2=C1C=C(C=C2)NC3=NC=C(O3)C4=CC=CC=C4CN)C#N,5.958607315
COC1=C(C=C(C=C1)C(=CC#N)C2=CC(=CC(=C2)OC)OC)O,8.602059991
C1=CC=C2C(=C1)C(=NC(=N2)C3=CC=CC=C3[N+](=O)[O-])NCC4=CC=C(C=C4)C5=CN=CC=C5,5.107905397
CC(=CCC[C@]\1(C/C=C(\C(=O)/C=C/[C@@]([C@@H](/C=C1)OC(=O)C=C(C)C)(C)O)/C(=O)N2CCN(CC2)C)C)C,5.262012674
CC(=O)N1CCN(CC1)C2=NN(N=C2C(=O)C3=CC(=C(C(=C3)OC)OC)OC)C4=CC(=C(C=C4)OC)[N+](=O)[O-],4.522878745
COC1=C2C=C(C=N1)C3=NN4C(=CN=C4S3)CC5=CC(=CC=C5)CNC(=O)C6=CC(=CC=C6)S(=O)(=O)N2,9
CCC(=O)N1CC[C@@H](C1)N2C3=NC(=NC=C3CN(C2=O)C4=CC=C(C=C4)C)NC5=CC(=C(C=C5)N6CCN(CC6)C)C,7.68613278
COC1=CC2=C(C=CN=C2C=C1OC)OC3=CC4=C(C=C3)C(=CC=C4)C(=O)NC5CCC5,8.669992299
CN(C)CCNC(=O)C1=C2C(=CC=C1)N=C3C=CC4=C(C3=N2)C=CC=C4N(S(=O)(=O)C)S(=O)(=O)C,5.670195478
COC1=CC(=C(C=C1)OC)/C=C/C(=O)C2=C(C=C(C=C2OC)OC)OC,5.142667504
CC(=O)OCC(=O)N(C)C1=CC=CC=C1C2=CN=C(O2)NC3=CC4=C(C=C3)C(=CN4)C5=CN=CO5,8.15490196
CC(C)NC(=O)CCN1C(=O)C2=CC=CC=C2N3C1=NNC3=S,5.408935393
CC1=CC=C(C=C1)NC(=O)NC2=CC=C(C=C2)C3=C4C(=CC=C3)NN=C4N,8.698970004
COC1=C(C(=C(C=C1)/C=C/C(=O)C2=C(C=C(C=C2OC)OC)OC)OC)OC,6.522878745
C[C@@H](C(=O)N[C@@H](CC1=CC=C(C=C1)OC)C(=O)N[C@@H](CC(C)C)C(=O)C(=O)NC2=CC=CC=C2)NC(=O)CN3CCOCC3,6.37788964
CC1=C(C(=NO1)C)C2=CC3=C(C=C2)N(C(=O)N(C3C4=CC=CC=C4)CC5=CN(N=N5)CCOCC(=O)NC6=CC=CC7=C6C(=O)N(C7=O)C8CCC(=O)NC8=O)C,7.378823718
CC1=CC(=CC=C1)NC2=NC=C3CN(C(=O)N(C3=N2)C4CCN(CC4)C(=O)/C=C/CN(C)C)C5=C(C(=CC(=C5Cl)OC)OC)Cl,8.935542011
C1CCC(C1)SC2=NN=C(N2C3=CN=CC=C3)COC4=CC(=CC=C4)Br,6.548213564
CN1C=C(N=C1)S(=O)(=O)N(CC2=CC=CC=C2)[C@H]3CC[C@H](C3)N(CC4=CN=CN4C)C5=CC=C(C=C5)C#N,6.187086643
C1=CC=NC(=C1)N/C=C/C2=NC3=C(C=C(C=C3Br)Br)C(=O)N2,4.15490196
C1=CC(=CC(=C1)NC(=O)CCCCCCC(=O)NO)C2=CN(N=N2)C3=CC(=CC(=C3)CO)CO,8.244125144
CC(=CCC[C@]\1(C/C=C(\C(=O)/C=C/[C@@]([C@@H](/C=C1)OC(=O)C=C(C)C)(C)OC)/COC)C)C,5.392544977
C1CC1C(C2=CC=CC=C2)NC(=O)C3=CC4=C(C=C3)NN=C4C5=CC=C(C=C5)OC6CCN(CC6)C=O,7.795880017
CC(=O)C1=CC=C(C=C1)C2=CC=C(C=C2)OCC3=NN=C(N3C4=CN=CC=C4)SC5CCCC5,7.187086643
C1CCC(CC1)(CNC(=O)C2=CC3=C(C=C2)NN=C3C4=CC=C(C=C4)N5CC6CCC(C5)O6)N7CCOCC7,7.744727495
C1CN(CCN1C2=NC(=NC(=N2)C3=CC=C(C=C3)N)N4CCOCC4)C(=O)C5=C(C=CC(=C5)CC6=NNC(=O)C7=CC=CC=C76)F,8.929962133
COC1=CC(=CC(=C1OC)OC)/C=C/2\CN(C=CC2=O)S(=O)(=O)C,4.798602876
CC[C@@H]1C(=O)N(C2=CN=C(N=C2N1C3CCCC3)NC4=C(C=C(C=C4)C(=O)NCC)OCCO)C,7.669992299
CC1C(=O)N(C2=C(N1C3CC3)C=C(C=C2)NS(=O)(=O)C4=CC=C(C=C4)OC)C,6.236572006
COC1=CC=C(C=C1)NCC(=O)NC2=CC=C(C=C2)C3=NC4=CC=CC=C4S3,5.187086643
CN(C)CCNC(=O)C1=C2C(=CC=C1)N=C3C=CC4=C(C3=N2)C=CC=C4C(=O)OC,7.040958608
CC1=C2C(=O)C=C(NC2=NC=C1)C3=CC=C(C=C3)OC,5.059999796
C1OC2=C(O1)C=C3C(=C2)C(=O)C=C(N3)C4=CC=CS4,5.660000322
COC1=CC2=C(C=CN=C2C=C1OC)OC3=CC4=NC=CC(=C4C=C3)C(=O)NC5=CC=C(C=C5)Cl,7.659952682
CN(C)CC(C(=O)OC)NC(=O)C1=C2C(=CC=C1)N=C3C=CC4=C(C3=N2)C=CC=C4OC,6.329754147
CC(C)N(CC(=O)NC1=CN=NC=C1)C(=O)COC2=CC=C(C=C2)OC,6.237321436
CC1=CN=C(N=C1NCC2=CC=C(C=C2)C3=CC(=NC=C3)C(F)(F)F)C4=CC=CC=C4C(C)C,6.494850022
CN1CCN(CC1)C2=NC=C(C=C2)C3=NNC4=C3C=CC(=C4)[C@@H]5C[C@]56C7=CC=CC=C7NC6=O,7.26760624
C1COCCN1C2=NC(=NC3=C2OC4=C3C=CC=N4)C5=CC(=CC=C5)O,8.13076828
CCCN1C(=O)C2=C(C(=CC=C2)OC)N3C1=NN=C3SC,4.301029996
C1CCC(C1)SC2=NN=C(N2C3=CN=CC=C3)COC4=CC(=CC(=C4)Cl)Cl,6.590066877
CNC1=NC=CC(=N1)OC2=CC3=C(C=C2)C(=CC=C3)C(=O)NC4=CC=C(C=C4)Cl,7.339988779
COC1=CC=CC=C1C2=NC3=CC=CC=C3C(=N2)NCC4=CC=C(C=C4)C5=CN=CC=C5,6.026872146
C1=CC=C(C(=C1)NC2=C3C=CN=CC3=C4C=CC=C(C4=N2)C(=O)N)F,8
CCNC(=O)C[C@H]1C2=NN=C(N2C3=C(C=C(C=C3)OC)C(=N1)C4=CC=C(C=C4)Cl)C,6.585026652
C1CCN(C1)C2=NC(=NC(=C2)C3=CC4=C(C=C3)C(=NN4)N)N,6.599997654
CC(=CCC[C@]\1(C/C=C(\C(/C=C/[C@@]([C@@H](/C=C1)OC(=O)C=C(C)C)(C)O)O)/C=O)C)C,6.619788758
CCNC1=NC(=C(S1)C2=NC(=NC=C2)NC3=CC=C(C=C3)N4CCOCC4)C,7.091514981
C1CNCCC1C2=C(C=C(N2)C3=CC=NC=C3)C(=O)N,5.886056648
C1CCN(CC1)CCN2C(=O)C3=C(C=CC(=C3)F)N4C2=NNC4=S,5.821023053
CC(=O)O[C@@H]1C[C@]2([C@@H](CC[C@@H]2O)C3=C1[C@]4([C@H](OC(=O)/C(=C/N5CCN(CC5)C6CCCCC6)/C4=C(C3=O)O)COC)C)C,7.366531544
CC1=CC=CC=C1C(=O)N[C@H](CO)C(=O)N[C@@H](C)C(=O)NC(CC2=CC=C(C=C2)N=C(N)N)P(=O)(OC3=CC=CC=C3)OC4=CC=CC=C4,8.301029996
CC(=O)O[C@@H]1C[C@]2([C@@H](CC[C@@H]2O)C3=C1[C@]4([C@H](OC(=O)/C(=C/N(C)CCCN5CCN(CC5)C)/C4=C(C3=O)O)COC)C)C,8
CC1C(=O)N(C2=C(N1CC3CCCO3)C=C(C=C2)NS(=O)(=O)C4=CC=C(C=C4)C)C,5.982966661
C1=CC(=CC=C1C2=CC=NC3=NNC(=C23)N)NC(=O)NC4=CC(=C(C=C4)F)Cl,8.292429824
CC1=C(SC=N1)C2=CC=C(C=C2)[C@H](C)NC(=O)[C@@H]3C[C@H](CN3C(=O)[C@H](C(C)(C)C)NC(=O)COCCCOCC(=O)N4CCN(CC4)CC[C@H](CSC5=CC=CC=C5)NC6=C(C=C(C=C6)S(=O)(=O)NC(=O)C7=CC=C(C=C7)N8CCN(CC8)CC9=C(CCC(C9)(C)C)C1=CC=C(C=C1)Cl)S(=O)(=O)C(F)(F)F)O,6.634512015
CC(C1=CC=C(C=C1)N2CCN(C2=O)C)C(=O)NC3=NNC(=C3)C4CC4,7.537602002
CCN1/C(=C/C2=[N+](C=CS2)CC3=C(C=CC=C3Cl)Cl)/S/C(=C/4\N(C5=C(S4)C=CC(=C5)C)C)/C1=O.[Cl-],7.26760624
COCCNC(=O)C1=CC=C(C=C1)NC2=NC=C3C=C(C=CC3=N2)C4=C(C=NC=C4)OC,6.576754126
C1=CC=C(C=C1)CNC(=O)[C@H](CCCCCC(=O)NO)NC(=O)CC2=CC=C(C=C2)C3=CC=CC=C3,5.627087997
CC1=C(SC(=N1)C)C2=NC(=NC=C2)NC3=CC=C(C=C3)N4CCN(CC4)C(=O)C,6.518557371
CN1CCN(CC1)CCCNC2=NC3=NC(=C(C=C3C=N2)C4=C(C=CC=C4Cl)Cl)N,6.346787486
CC1=CC=C(C2=NC3=CC=CC(=C3N=C12)C(=O)NCCCN(C)CCCNC(=O)C4=C5C(=CC=C4)N=C6C(=CC=C(C6=N5)C)Cl)Cl,7.537602002
C[C@@H](C1=CC=C(C=C1)NC2=NC=C3C=C(C=CC3=N2)C4=CC=NC=C4)NC(=O)CCOC,7.292429824
C/C=C/C(=O)O[C@H]1C=CC(=O)[C@]2([C@]13[C@H](O3)C[C@@H]4[C@@H]2CC[C@]5([C@]4([C@H](C=C5[C@H](C)[C@H]6CC(=C(C(=O)O6)C)C)OC(=O)C)O)C)C,6.431798276
CC(=O)N[C@H]1CC(C2=CC(=C(C(=C2C3=CC=C(C(=O)C=C13)SC)OC)OC)O)C=O,5.550000452
COC1=CC=C(C=C1)N2C=CC(=C2)C(=O)C3=CC(=C(C(=C3)OC)OC)OC,6.602059991
CC(C)C[C@@H](C(=O)C(=O)NC1=CC=CC=C1)NC(=O)[C@H](CC2=CC=CC=C2)NC(=O)[C@H](CC(C)C)NC(=O)OCC3=CC=CC=C3,6.636764196
COC1=CC(=CC(=C1OC)OC)C2CN=C(O2)C3=CC4=CC=CC=C4N3,6.455931956
COC1=C(C=C(C(=C1)O)C(=O)NC2=CC=CC(=C2)C#C)NC(=O)CCCCCC(=O)NO,6
CC1=C(OC2=C1C=CC(=C2)OC)C(=O)C3=CC(=C(C(=C3)OC)OC)OC,7.721246399
CC(C)(C)NC(=O)NC1=C(C=C2C=NC(=NC2=N1)NCCCN3CCOCC3)C4=C(C=CC=C4Cl)Cl,7.142667504
CC(C)N1CCN(CC1)CCC(=O)NC2=C3C4=CC=CC=C4SC3=C(C=C2)C5=CC=CC6=C5OC(=CC6=O)N7CCOCC7,7.431798276
COC1=CC2=NC(=C(N2C=C1)CC(=O)NC3=CC4=C(C=C3)C=CS4(=O)=O)C5=CC=CC=C5,5.920818754
CC[C@@H]1C(=O)N(C2=CN=C(N=C2N1C3CCCC3)NC4=C(C=C(C=C4)C(=O)NC5CCN(CC5)C)OC)C,6.602059991
CN1C=CN=C1[C@@H]2[C@H](NC3=CC(=CC4=C3C2=NNC4=O)F)C5=CC=C(C=C5)F,8.795880017
CCN(CC)/C=C/1\C2=C(C(=O)C3=C([C@]2([C@H](OC1=O)COC)C)[C@@H](C[C@]4([C@H]3CC[C@@H]4O)C)OC(=O)C)O,6.417936637
CN1CCN(CC1)C2=CC3=C(C=C(C=C3NCC4=CC(=CC=C4)[N+](=O)[O-])C(F)(F)F)N=C2,9.031517051
C1=CC=C2C(=C1)C=CC=C2C3=CC(=O)C4=C(N3)N=CC=C4,5.958607315
COC1=CC=CC(=C1)N2CCN(CC2)C3=NC4=C(CSCC4)C(=O)N3,8.318758763
CCOCCOC1=C(C=C2C(=C1)N=CN=C2NC3=CC(=C(C=C3)NCCS(=O)(=O)C)Cl)NC(=O)/C=C/CN(C)C,7.183096161
C1C[C@H](N(C1)S(=O)(=O)C2=CC(=CC(=C2)F)F)C(=O)N[C@@H](CNC(=O)NCC3=CC=CC=C3)C(=O)O,7.455931956
C1CNCCC1C(=O)NCCCN2C(=O)C3=C(C=CC(=C3)F)N4C2=NNC4=S,4.356448631
CC1(CCC(=C(C1)CN2CCN(CC2)C3=CC=C(C=C3)C(=O)NS(=O)(=O)C4=CC(=C(C=C4)N[C@H](CCN(C)CCCCCCCCNC5=CC=CC6=C5C(=O)N(C6=O)[C@@H]7CCC(=O)NC7=O)CSC8=CC=CC=C8)S(=O)(=O)C(F)(F)F)C9=CC=C(C=C9)Cl)C,5.698970004
COC1=CC=C(C=C1)C(=O)/C=C/C2=C3CC4=C(C3=NN2)C=C(C=C4)OC,5.2069084
CCCCCCCCCC(=O)OC1=C(C=CC(=C1)N(C)C2=CC(=O)OC3=CC=CC=C32)OC,6.64244628
C1C=C(C(=O)N1CCCC2=CC=C(C=C2)Cl)CCC(=O)NO,6.37675071
CC1=C(SC(=N1)C)C2=NC(=NC=C2)NC3=CC(=C(C(=C3)OC)OC)OC,8
CC1=CC(=C(C=C1)F)NC(=O)NC2=CC=C(C=C2)C3=CN=CC4=C3C(=NN4)N,9
CC1=NC=C(C=C1)C2=CC=C(C=C2)CNC3=NC(=NC=C3C)C4=CC=CC=C4C(C)C,7.301029996
CC(C)N1CC2=CN=C(N=C2N(C1=O)C3=CC=CC(=C3)NC(=O)C=C)NC4=C(C=C(C=C4)N5CCN(CC5)C)OC,8.397940009
CC1=C2C(=CC=C1)N=C3C(=N2)C=CC=C3C(=O)NCCCN(C)CCCNC(=O)C4=CC=CC5=NC6=C(C=CC=C6N=C54)C,6.233587153
CC1=C(C=C(C=C1)F)NC2=C3C=CN=CC3=C4C=CC=C(C4=N2)C5=NC=NN5,8.096910013
CCC(=O)N1CC[C@H](C1)N2C3=NC(=NC=C3CN(C2=O)C4=CC=CC=C4Cl)NC5=CC(=C(C=C5)N6CCN(CC6)C)C,7.679853714
CCCCC/C(=N\S(=O)(=O)CC1=CC=C(C=C1)F)/NC2=CC(=C(C=C2)OC3=C4C=C(C(=CC4=NC=C3)OC)OC)F,7.696372024
CCC(C1=NC2=C(C(=O)N1CC3=CC=CC=C3)SN=C2C)N(CCCN)C(=O)C4=CC=C(C=C4)C,8.301029996
C1CCC2=C(C1)C3=C(N2)N=CN=C3NC4=CC(=CC=C4)O,6.37675071
C1CCN(C1)CCOC2=CC(=C(C=C2)NC3=C4C=CN=CC4=C5C=CC=C(C5=N3)C6=NC=NN6)F,7.920818754
CC1=C(C=C(C=C1)C(F)(F)F)COC2=C(C=CC(=C2)NC(=O)C3=CC=C(C=C3)Br)N(C)S(=O)(=O)C,5.022733788
CC1=CC2=C(C=C1)N3C(=S)NN=C3N(C2=O)CCC4=CC=CC=C4,4.947306058
COC1=CC=C(C=C1)C(=O)/C=C/C2=CC(=C(C(=C2)OC)OC)OC,5.346787486
C1C=C(C(=O)N1CCC2=CC(=CC=C2)Br)CCC(=O)NO,6.37675071
COCC/C(=N\S(=O)(=O)CC1=CC=C(C=C1)Cl)/NC2=CC(=C(C=C2)OC3=C4C=C(C(=CC4=NC=C3)OCCCN5CCOCC5)OC)F,8.539102157
C1CC(OC1)CNCCC(=O)NC2=C3C4=CC=CC=C4SC3=C(C=C2)C5=CC=CC6=C5OC(=CC6=O)N7CCOCC7,8.15490196
CC1=C(C=CC(=C1)NC2=NC=C3CN(C(=O)N(C3=N2)[C@H]4CCN(C4)C(=O)CO)C5=CC=CC=C5Cl)N6CCN(CC6)C,7.698970004
C1=CC2=C3C(=C1)NC(C(C3=NNC2=O)C4=CN=CC=C4)C5=CN=CC=C5,7.752026734
COC1=C2C=C(C=N1)C3=NC4=C(C=NN4C=C3)C5=CN(CCNC(=O)C6=CC(=CC=C6)S(=O)(=O)N2)N=C5,8.113509275
COC1=CC2=C(C=CN=C2C=C1OC)OC3=CC4=C(C=C3)C(=CC=C4)C(=O)NC5=CC(=CC(=C5)Cl)Cl,9.519993057
C1=CC=C(C=C1)NC(=O)NC2=CC=C(C=C2)C3=C4C(=CC=C3)NN=C4N,7.26760624
C1=CC=C2C(=C1)N=C(S2)C3=CC=C(C=C3)NC(=O)CNC4=CC=C(C=C4)F,8.096910013
CC1=C(C=CC=C1C2=CC=CC=C2)COC3=C(C=C(C(=C3)OCC4=CC(=CC=C4)C#N)CN[C@@H]([C@H](C)O)C(=O)O)Cl,7.850780887
C1CCC2=C(C1)C(=O)NC(=N2)N3CCC4(CC3)C5=CC=CC=C5CO4,7.447331784
CC1=CC=CC=C1N2N=C(C(=N2)N3CCN(CC3)C(=O)C)C(=O)C4=CC(=C(C(=C4)OC)OC)OC,5.623423043
CC1=C(C=C(C=C1)C(=O)NC2=CC(=CC=C2)N3C=CN=C3)C#CC4=CN5C(=CC=N5)N=C4,7.720561212
C1=CC=C(C=C1)CCN2C(=O)C3=C(C=CC(=C3)Br)N4C2=NNC4=S,4.831502516
CC1=C(SC(=N1)C2=C3CCCCN3C4=C2N=CN=C4N5CCN(CC5)CCC6=CC=CC=C6)C,6.273272791
CC1=C(C=CC=C1C2=CC=CC=C2)COC3=C(C=C(C(=C3)OCC4=CC(=CC=C4)C#N)CNCC(=O)O)Cl,8
C1CCC(C1)SC2=NN=C(N2C3=CN=CC=C3)COC4=CC=CC(=C4)C#N,5.504594437
C1CC(CCC1C(=O)NCCCN2C(=O)C3=C(C=CC(=C3)F)N4C2=NNC4=S)N,5.401209493
C1=CC(=CC=C1CN2C(=CN=N2)C3=CC=C(C=C3)NC(=O)CCCCCCC(=O)NO)F,7.241088108
C1=CC(=CC=C1CN2C=CN=C2)C(=O)NCCCN3C(=O)C4=C(C=CC(=C4)F)N5C3=NNC5=S,5.829738285
CC1=C(C=C(C=C1)C(=O)NC2=CC=C(C=C2)OC)C#CC3=CN4C(=CC=N4)N=C3,7.650528201
CNC1=NC=C2CN(C(=O)N(C2=N1)CCCNC(=O)/C=C/CN(C)C)C3=C(C(=CC(=C3Cl)OC)OC)Cl,8.752026734
C[C@](CN1CCNCC1)(C2=CC3=C(C(=C2)F)[C@@](N(C3=O)CC4=C(C=C(C=C4)Cl)S(=O)(=O)C)(C5=CC=C(C=C5)Cl)OCC6(CC6)CO)O,8.236572006
CCNCCOC1=CC=C(C=C1)NC2=NC=C3C=C(C(=O)N(C3=N2)C)C4=C(C=CC=C4Cl)Cl,7.180456064
C1=CC=C(C=C1)CNC(=O)[C@H](CCCCCC(=O)NO)NC(=O)C2=CC3=C(N2)C=CC=C3O,6.48148606
CCC/C=C/C(=O)OC1=C(C=CC(=C1)N(C)C2=CC(=O)OC3=CC=CC=C32)OC,7.515700161
C1CCN(CC1)C(=S)SCC(=O)NC2=CC(=CC=C2)NC(=O)C3=CC=CC=N3,7.568636236
CC(C)(C1=CC2=C(C=C1)[C@@](N(C2=O)[C@@H](CC(=O)O)C3=CC=C(C=C3)Cl)(C4=CC=C(C=C4)Cl)OCC5(CC5)CO)O,8.301029996
C[C@@H]1C(=O)N(C2=C(N1C3CCCC3)C=C(C=C2)C4=NC(=NN4C5=CC=C(C=C5)C)C(=O)N6CCC7(CCCC7)CC6)C,7.565431096
COCC/C(=N\S(=O)(=O)CC1=CC(=C(C=C1)Cl)Cl)/NC2=CC(=C(C=C2)OC3=C4C=C(C(=CC4=NC=C3)OCCCN5CCOCC5)OC)F,8.203425667
C1=CC(=CC=C1N2C3=C(C=CC(=C3)C#N)C=C4C2=NC(=O)NC4=O)OC(F)F,6.055517328
CNC(=O)C1=CC=CC2=C3C=NC=CC3=C(N=C21)NC4=C(C(=CC=C4)OC)Cl,8.301029996
CC1(CC(CCO1)(CCNC2=CC(=CC=C2)S(=O)(=O)N(C)C)C3=CC=CC=C3)C,5.416801226
CC(C)(C)N1C=C2C(=N1)C(=O)CC3(O2)CCN(CC3)C(=O)C4=CC(=NC5=CC=CC=C54)C6=CC=C(C=C6)F,8.026872146
CC[C@@H]1C(=O)N(C2=CN=C(N=C2N1C3CCCC3)NC4=C(C=C(C(=C4)F)C(=O)NC)OCCO)C,8.001304842
C1=CC=C(C(=C1)C(=O)NC2=CC=CC3=C2N=CN3)OCCCCC(=O)NO,5.568636236
C1=CC(=C(C=C1NC(=O)CCCCCC(=O)NO)C(=O)NC2=CC(=C(C=C2)F)F)O,6
CC(=O)NC1=CC=CC(=C1)NCCC2(CCOC(C2)(C)C)C3=CC=CC=C3,5.869666232
CC(C)(C)C1=CC=C(C=C1)CN2CC=C(C2=O)CCC(=O)NO,7
CC1=C2[C@H](C(=O)[C@@]3([C@H](C[C@@H]4[C@]([C@H]3[C@@H]([C@@](C2(C)C)(C[C@@H]1OC(=O)[C@@H]([C@H](C5=CC=CC=C5)NC(=O)C6=CC=CC=C6)O)O)OC(=O)C7=CC=CC=C7)(CO4)OC(=O)C)O)C)OC(=O)C,7.420216403
C1=CC=C(C(=C1)C2=C(C=C(N2)C3=CC=NC=C3)C(=O)N)[N+](=O)[O-],7.408935393
CC(C)NC(=O)C1=CC=CC2=C3C=NC=CC3=C(N=C21)NC4=CC=CC=C4Cl,8.698970004
CN(C)CCNC(=O)C1=C2C(=CC(=C1)Cl)N=C3C=CC4=C(C3=N2)C=CC=C4OC,7.677780705
CN1C=C(N=C1)S(=O)(=O)N(CC2=CC=CC=C2)[C@@H]3CCC[C@@H]3N(CC4=CN=CN4C)C5=CC=C(C=C5)C#N,6
CC1=CC=C(C2=NC3=CC=CC=C3N=C12)C(=O)NCCCN(C)CCCNC(=O)C4=CC=C(C5=NC6=CC=CC=C6N=C45)C,6.425968732
C1=CC=C2C(=C1)C(=NC(=N2)C3=CC=CC=C3F)NCC4=CC=C(C=C4)C5=CN=CC=C5,5.187086643
CN(C)C/C=C/C(=O)N1CCC(CC1)N2C3=NC(=NC=C3CN(C2=O)C4=C(C(=CC(=C4Cl)OC)OC)Cl)NC5CCCCC5,8.974694135
CC1(C=CC2=C(C=CC(=C2O1)C(=O)/C=C/C3=CC(=C(C=C3)OC)NC(=O)C=C)OC)C,6.075720714
CCOCCOC1=C(C=C(C=C1)NC2=NC=NC3=CC(=C(C=C32)NC(=O)/C=C/CN(C)C)OCCOCC)Cl,8.209714836
CN(C)CCOC1=C2C3=CC=CC=C3SC2=C(C=C1)C4=CC=CC5=C4OC(=CC5=O)N6CCOCC6,8.096910013
COC1=CC=CC=C1C2=CSC3=CN=C(N=C32)NC4=CC=C(C=C4)NC(=O)C5CCNCC5,7.238824187
C1=CC(=CC(=C1)Br)NC2=NC=NC3=C2C=C(C=C3)NC(=O)C4=CC=CO4,8.075720714
CCN(CC)CC(=O)NC1=C2C3=CC=CC=C3SC2=C(C=C1)C4=CC=CC5=C4OC(=CC5=O)N6CCOCC6,7.075720714
CN1C=C(C2=CC=CC=C21)C3=NC(=NC=C3)NC4=CC=C(C=C4)C(=O)NCCCCCC(=O)NO,6
C1CCC2=C(C1)C(=O)NC(=N2)N3CCC4(CC3)C5=CC=CC=C5N(C4=O)CCO,7.585026652
COC1=C(C=C(C=C1)/C=C/2\CCC=CC2=O)OC,6.193820026
CN1C=C(C2=CC=CC=C21)/C=C/3\CCC=CC3=O,5.472370099
CC1=CC(=CC=C1)NC(=O)NC2=CC=C(C=C2)C3=C4C(=C(C=C3)OC)NN=C4N,7.537602002
CC(C)(C)N1C=C2C(=N1)C(=O)CC3(O2)CCN(CC3)C(=O)C4=CC(=NC5=CC=CC=C54)C6=CC=C(C=C6)N,8.88941029
C1CCC(C1)SC2=NN=C(N2C3=CN=CC=C3)COC4=CC=CC=C4Cl,5.893809103
COC1=CC=CC=C1C2=CSC3=CN=C(N=C32)NC4=C(C=C(C=C4)C(=O)NC5CCNCC5)OC,7.565431096
CN1C=C(N=C1)S(=O)(=O)N(CC2=CC=CC=C2)[C@H]3CCC[C@@H]3N(CC4=CN=CN4C)C5=CC=C(C=C5)C#N,6.346787486
C[C@@H](C1=CC=C(C=C1)Cl)N2C(=O)C3=C([C@@]2(C4=CC=C(C=C4)Cl)OC5COC[C@H]5O)C=CC(=C3)C(C)(C)O,6.638272164
COC1=C(C=C(C=C1)/C=C/C(=O)C2=CC(=C(C(=C2)OC)OC)OC)OC,6.522878745
CCC1=C(C=C(C=C1)C(=O)NC2=CC(=CC(=C2)C(F)(F)F)CN3CCN(CC3)C)C#CC4=CN5C(=CC=N5)N=C4,8.16678912
C1COCCN1C2=NC(=NC(=C2)C3=CC4=C(C=C3)C(=NN4)N)N,6.499996932
C1C2CC3CC1CC(C2)(C3)C(=O)N[C@@H](CCCCCC(=O)NO)C(=O)NCC4=CC=CC=C4,5.403402904
CNC1=NC=C2CN(C(=O)N(C2=N1)C3CCN(CC3)C(=O)/C=C/CN(C)C)C4=C(C(=CC(=C4Cl)OC)OC)Cl,9.13667714
CC1=CN=C(S1)NC(=O)[C@@H]2CC3(CC3)CN2C(=O)[C@H](CC4CCCC4)CC(=O)NO,8.555955204
CC1=CC(=CC=C1)C2=CC(=O)C3=C(N2)N=C(C=C3)C,5.721246399
CCN(CC)CCCNC1=NC2=NC(=C(C=C2C=N1)C3=C(C=CC=C3Br)Br)N,5.080921908
COC1=C2C=C(C=N1)C3=NN4C(=CN=C4S3)CC5=CC(=CN=C5)CNC(=O)C6=CC(=CC=C6)S(=O)(=O)N2,8.050609993
C1CNC2=CC3=C(C=C21)C(C(=C(O3)N)C#N)C4=CC(=CC=C4)Br,6.631341288
CCCCC/C(=N\S(=O)(=O)CC1=CC=CC=C1)/NC2=CC(=C(C=C2)OC3=C4C=C(C(=CC4=NC=C3)OC)OC)F,7.589391457
CC1=CC=C(C=C1)NC(=O)C2=CC(=NC3=C2C=CC(=C3)OC)C4=CC=CC=C4,4
CCN(CC)CCCCNC1=NC2=NC(=C(C=C2C=N1)C3=C(C=CC=C3Cl)Cl)NC(=O)NC4CCCCC4,7.366531544
C1CCC2=C(C1)C(=O)NC(=N2)N3CCC4(CC3)CNC5=C4C=CC(=C5)F,8.119186408
CCOC(=O)C1=C(OC2=C(C1C3=CC(=CC=C3)Cl)C=C4CCCNC4=C2)N,6.355561411
COC1=CC2=C(C=CN=C2C=C1OC)OC3=CC4=C(C=C3)N(CCO4)C(=O)NC5=CC=C(C=C5)F,8.519993057
CN1C=CC2=C(C=CC=C21)C3=NCC(O3)C4=CC(=C(C(=C4)OC)OC)OC,7.060480747
C1CCN(C(C1)CO)CCC(=O)NC2=C3C(=C(C=C2)NC(=O)CCN4CCCCC4CO)C(=O)C5=CC=CC=C5C3=O.Cl,7.698970004
CC1=CC2=C(C=C1)NC(=C(C2=O)C(=O)NC3=CC(=C(C=C3)OC4=NC=NC5=C4C(=CN5)C6=CC=CC=C6)F)C,6.251811973
CC(=CC(=O)OC1=C(C=CC(=C1)N(C)C2=CC(=O)OC3=CC=CC=C32)OC)C,7.512861625
CC(C)(C)OC(=O)NCCOCCOCCOCCC(=O)NCCCN1C(=O)C2=C(C=CC(=C2)F)N3C1=NNC3=S,5.540607512
C1COCCC12N=C(N=C(N2OCCCOC3=CC(=C(C=C3)Cl)Cl)N)N.Br,7.045757491
COC1=CC2=C(C=CN=C2C=C1OC)OC3=CC4=C(C=C3)C(=CC=C4)C(=O)NC5=CC=C(C=C5)F,9
CCCN1C(=O)C2=C(C(=CC=C2)OC)N3C1=NNC3=S,5.614393726
CN(CCCNC(=O)C1=C2C(=CC=C1)N=C3C=C(C=CC3=N2)Cl)CCCNC(=O)C4=C5C(=CC=C4)N=C6C=C(C=CC6=N5)Cl,5.528708289
C1COCCC12N=C(N=C(N2OCCCOC3=CC=C(C=C3)Br)N)N.Br,6.494850022
CC1=C(C=C(C=C1)NCCC2(CCOC(C2)(C)C)C3=CC=CC=C3)Cl,7.30980392
C1=CC(=CC(=C1)[N+](=O)[O-])C2=C(C=C(N2)C3=CC=NC=C3)C(=O)N,7.356547324
CC(=O)C1=CC=CC(=C1)C2=CC=C(C=C2)OCC3=NN=C(N3C4=CN=CC=C4)SC5CCCC5,6.345823458
CN(C)C1=CC2=C(C=C1)N=C3C(=C2)C=CC=C3C(=O)NCCCN(C)CCCNC(=O)C4=CC=CC5=CC6=C(C=CC(=C6)N(C)C)N=C54,6.119186408
CN1C=CC2=C1C=CC(=C2)C3=NC=CN4C3=NC=C4C5=CC(=C(C(=C5)OC)OC)OC,5
CCN(CC)S(=O)(=O)C1=CC=C(C=C1)NC(=O)NCC2=CN=CC=C2,7.853871964
C1=CC=C(C=C1)C2=CC3=NC(=C(N3C=C2)CC(=O)NC4=CC5=C(C=C4)C=CS5(=O)=O)C6=CC=CC=C6,5.619788758
CN(C)CC1=CC=C(C=C1)C2C(C3=NNC(=O)C4=C3C(=CC=C4)N2)C5=CC=CC=C5,8.627087997
C1=CC=C(C=C1)N2C(=NN=C2SC3=CC=CC=C3)COC4=CC=CC=C4,5.42136079
COC1=C(C=CC(=C1)C2=C3C4=CC(=C(C=C4C=CN3C5=C2C6=CC(=C(C=C6OC5=O)O)OC)O[C@H]7[C@@H]([C@@H]([C@H](O7)CO)O)O)OC)O,5.891773344
C1CC2=C(C(C3=CNC(=C3N2)C(=O)O)C4=CC=C(O4)SC5=NC6=CC=CC=C6N5)C(=O)C1,7.124938737
COC1=CC=CC(=C1Cl)NC2=C3C=CN=CC3=C4C=CC=C(C4=N2)C5=NC=NN5,9
CC[C@@H]1CO[C@@H](CN1C2=NC(=NC(=C2)C3=CC4=C(C=C3)C(=NN4)N)NC)C(=O)NC5CCCCC5,8.199970641
C1COCCC12N=C(N=C(N2OCCCOC3=C(C=C(C=C3)Cl)Cl)N)N.Br,6.055517328
CC1=CC=C(C=C1)CC2=CN(C3=C2C=C(C=C3)C4=C(ON=C4C)C)CCCCCCC(=O)NO,6.536107011
CCNC(=O)C1=CC=CC2=C3C=NC=CC3=C(N=C21)NC4=CC=CC=C4Cl,8.698970004
CC1=C(C=CC=C1C2=CC=CC=C2)COC3=CC4=C(C=C3)C=C(C=C4)CN5C[C@H](C[C@H]5C(=O)O)O,5
COCC/C(=N\S(=O)(=O)CC1=CC(=C(C=C1)Cl)Cl)/NC2=CC(=C(C=C2)OC3=C4C=C(C(=CC4=NC=C3)OC)OC)F,8.076755981
CC1=C(C=CC=C1C2=CN=CC=C2)COC3=C(C=C(C(=C3)OCC4=CC(=CC=C4)C#N)CNC(C)(C)C(=O)O)Cl,8
CC1(CC(CCO1)(CCNC2=CC=C(C=C2)Cl)C3=CC=CC=C3)C,6.443697499
CC(C)N1C=NC2=C(N=CN=C21)NCC3=CC=CO3,5.040958608
C1COCCN1C2=CC(=O)C3=C(O2)C(=CC=C3)C4=C5C(=C(C=C4)NC(=O)CCNCC6=CC=NC=C6)C7=CC=CC=C7S5,7.920818754
CC1=NC(=NO1)C2=C3CCCCN3C4=C2N=CN=C4N5CCN(CC5)CCC6=CC=CC=C6,6.187086643
C1CCN(CC1)C(=O)C2=CC=C(C=C2)NC(=O)NCC3=CN=CC=C3,7.30980392
C[C@H](C1=CC=C(C=C1)NC2=NC=C3C=C(C=CC3=N2)C4=CC=NC=C4)NC(=O)[C@H]5CCCCN5,6.595166283
CCN1/C(=C/C2=[N+](C=CS2)CC3=CC=CC=C3OC)/S/C(=C/4\N(C5=C(S4)C=C(C=C5)C)C)/C1=O.[Cl-],7.086186148
C[C@@H]1CC[C@H](CN1C2=NC(=NC(=C2)C3=CC4=C(C=C3)C(=NN4)N)N)C(=O)NC5=CC=CC=C5,6.099999035
C[C@@H](C(=O)NC(CC1=CC=C(C=C1)N=C(N)N)P(=O)(OC2=CC=CC=C2)OC3=CC=CC=C3)NC(=O)[C@@H](CO)NS(=O)(=O)C4=CC=CS4,8.823908741
CCN1C2=NC(=NC=C2C=C(C1=O)C3=C(C=CC=C3Cl)Cl)NC4=CC=NC=C4,6.30980392
COC1=CC(=CC(=C1OC)OC)C2C3=CC4=C(C=C3OC(=C2C#N)N)OCO4,7.485452247
CC(C)N1CCN(CC1)CC(=O)NC2=C3C4=CC=CC=C4SC3=C(C=C2)C5=CC=CC6=C5OC(=CC6=O)N7CCOCC7,8.045757491
CCC(C1=NC2=C(C(=O)N1CC3=CC=CC=C3)SC=C2)N(CCCN)C(=O)C4=CC(=C(C=C4)C)F,7.698970004
CC1=C(C=CC=C1C2=CC3=C(C=C2)OCCO3)COC4=C(C=C(C(=C4)OCC5=CC(=CC=C5)C#N)CN6CCN(CC6)C)Cl,6.648203693
C1COCCC12N=C(N=C(N2OCCCOC3=CC=CC=C3)N)N.Br,5.221125528
C1CCC2=C(C1)C(=O)NC(=N2)N3CCC4(CC3)C5=CC=CC=C5C(=O)N4,6.588380294
CC1=C(C=CC=C1C2=CC=NC=C2)COC3=C(C=C(C(=C3)OCC4=CC(=CC=C4)C#N)CNC(C)(C)C(=O)O)Cl,7
CC1(CC(CCO1)(CCNC2=CC=CC(=C2)C(C)(C)C)C3=CC=CC=C3)C,6.254925208
CC(=O)O.C1CCN(CC1)CCC(=O)NC2=CC3=C(C=C2)C(=O)C4=C(C3=O)C=CC(=C4)NC(=O)CCN5CCCCC5,5.886056648
COC1=C(C=C(C=C1)/C=C/C(=O)C2=CC(=C(C(=C2)OC)OC)OC)N,8
C1CCC(C1)[C@H](C2=CC=CC=N2)NC(=O)C3=CC4=C(C=C3)NN=C4C5=CC=C(C=C5)N6[C@@H]7CC(C[C@@H]6COC7)O,8.657577319
CC1=CC=C(C=C1)C(=O)/C=C\C(=O)O[C@H](CC=C(C)C)C2=CC(=O)C3=C(C=CC(=C3C2=O)O)O,7.344861565
COCCNC(=O)C1=CC=CC2=C1C=CC(=C2)OC3=C4C=C(C(=CC4=NC=C3)OC)OC,7.920095532
C/C(=C\C1=CC(=C(C=C1)OC)[N+](=O)[O-])/C(=O)C2=CC(=C(C(=C2)OC)OC)OC,7.22184875
CC1=C(C=C(C=C1)C(=O)NC2=CC=CC(=C2)C(F)(F)F)C#CC3=CN4C(=CC=N4)N=C3,8.211831629
CCOP(=O)(CCN1C(=O)C2=C(C=CC(=C2)F)N3C1=NNC3=S)OCC,4.857297754
C1CN(CCN1C2=NC=CC=N2)C(=S)SCC(=O)NC3=CC(=CC=C3)NC(=O)C4=CC=CC=N4,6.519993057
C[C@]12CC[C@H](C1(C)C)CC(=O)N2CC3=CN(N=N3)C4=CC=CC=C4Cl,6.568636236
C1CCN(CC1)C(=O)CCC(=O)OCCCCCCSC2=CC=C(C3=NON=C23)[N+](=O)[O-],5.701146924
C1=CC=C(C=C1)CNC(=O)[C@H](CCCCCC(=O)NO)NC(=O)C2=CC=CS2,6.050609993
CN1CCC(C1)N(C)C(=O)C2=CC(=CC=C2)NC3=NC4=NC5=C(CCCCC(=O)NC6=CC=CC(=C6)N4)C=NN53,7.080921908
CC1=C(N=NN1C2=CC=C(C=C2)Cl)/C(=N/NC3=NC(=CS3)C4=CC=C(C=C4)Cl)/C,7.22184875
CN1C=NC=C1CN(CCN(CC2CCCCC2)S(=O)(=O)C3=CC=CC=N3)C4=C(C=C(C=C4)C#N)F,6.602059991
CC1=C(N=NN1C2=CC=C(C=C2)C(=O)O)C3=NN(C=C3/C=N/O)C4=CC=CC=C4,7.397940009
CC1=C(C=CC=C1C2=CC3=C(C=C2)OCCO3)COC4=C(C=C(C(=C4)OCC5=CC(=CC=C5)C#N)CN6CCN(CC6)C(=O)C)Cl,6.389872387
C1CNC(=O)C2=C1NC(=C2)C3=CC=NC=C3,8
COC1=CC2=NC=CC(=C2C=C1)OC3=CC4=C(C=C3)C(=CC=C4)C(=O)NC5CC5,9.349984048
CC1=CC(=CC=C1)C2=CC(=O)C3=C(N2)N=CC=C3,5.48148606
C1=CC=C(C=C1)CNC(=O)[C@H](CCCCCC(=O)NO)NC(=O)C2=CC3=C(N2)C=CC=C3Br,6.30980392
CC(C)(C1=CC2=C(C=C1)[C@@](N(C2=O)CC3=C(C=C(C=C3)Cl)S(=O)(=O)C)(C4=CC=C(C=C4)Cl)OCC5(CC5)CO)O,8.721246399
C1C[C@H](N(C1)S(=O)(=O)C2=CC=CC=C2)C(=O)N[C@@H](CNC(=O)NCC3=CC=C(C=C3)N)C(=O)O,7.638272164
CCC(C1=NC2=C(C(=O)N1CC3=CC=CC=C3)SC=C2)N(CCCN)C(=O)C4=CC5=CC=CC=C5S4,7.397940009
CNC(=O)NC1=NC=C(C(=C1)C(F)(F)F)C2=NN3C=C(C=C3C(=N2)N4CCOCC4)CN5CCN(CC5)S(=O)(=O)C,7.627087997
COC1=CC2=C(C=C1)C(=CC(=N2)C3=CC=CC=C3)C(=O)NC4=CC=C(C=C4)Cl,4
CCOCCOC1=C(C=C2C(=C1)N=CN=C2NC3=CC(=C(C=C3)F)Cl)NC(=O)C=C,7.285586408
C1=CC(=CN=C1)CNC(=O)NC2=CC=C(C=C2)S(=O)(=O)C3=CC=C(C=C3)Cl,8.301029996
CS(=O)(=O)C1=CC(=C(C=C1)NC2=C3C=CN=CC3=C4C=CC=C(C4=N2)C5=NC=NN5)Cl,7.356547324
CC(=O)N1CCN(CC1)C2=NN(N=C2C(=O)C3=CC(=C(C(=C3)OC)OC)OC)C4=CC=C(C=C4)F,6.463441557
CC(=O)NN1C(=O)C2=C3C4=C(C(=CC=C4)O)NC3=C5C(=C2C1=O)C6=C(N5C7C(C(C(C(O7)CO)O)O)O)C(=CC=C6)O,6.585026652
C1=CC=C(C(=C1)C2=NC3=CC=CC=C3C(=N2)NCC4=CC=C(C=C4)C5=CC=NC=C5)C(F)(F)F,5.721246399
CC1=CC=C(C=C1)N2N=C(C(=N2)N3CCN(CC3)C(=O)C)C(=O)C4=CC(=C(C(=C4)OC)OC)OC,6.370590401
CCOP(=O)(C(C1=CC=C(C=C1)NC2=NC=C3C(=N2)C(=CS3)C4=CC=CC=C4OC)O)OCC,6.492819023
CN1C=NC=C1CN(CCN(CC2=CC=CC=C2)S(=O)(=O)C3=CC=CC=N3)C4=CC=C(C=C4)C#N,7.602059991
CC1C(=O)N(C2=C(N1C3CCCC3)C=C(C=C2)NS(=O)(=O)C4=CC=C(C=C4)C)C,6.420216403
CC(C)C(CN(C)C)NC(=O)C1=C2C(=CC=C1)N=C3C=CC4=C(C3=N2)C=CC=C4OC,7.602059991
CC(C)(C)OC(=O)NC1CCCN(C1)C2=NC(=NC(=C2)C3=CC4=C(C=C3)C(=NN4)N)N,7.299988938
C1=CC2=C(C=C1F)C(=O)N(C3=NNC(=S)N23)CCCNC(=O)CCOCCOCCOCCOCCN,5.27083521
C[C@@H]1C(=O)N(C2=C(N1C3CCCC3)C=C(C=C2)C4=NC(=NN4C5=CC=C(C=C5)C)C(=O)N6CC7CCC(C6)N7C)C,8.337242168
C1CCC2=C(C1)C3=C(N2)N=CN=C3NC4=CC(=CC=C4)Br,7.337242168
CC1=C(C(=NO1)C)C2=CC3=C(C=C2)N(C(=O)NC3C4=CC=CC=C4)C,7.333482019
CC1=C(SC2=C1C(=N[C@H](C3=NN=C(N32)C)CC(=O)OC(C)(C)C)C4=CC=C(C=C4)Cl)C,7.15490196
COC1=CC=CC=C1C2=CSC3=CN=C(N=C32)NC4=C(C=C(C=C4)C(=O)NC5CCNCC5)C(F)(F)F,6.149353765
CCC(C1=NC2=C(C(=O)N1)SC=C2)N(CCCN)C(=O)C3=CC=C(C=C3)C,5.045757491
C1CC1C2=CC(=NN2)NC(=O)[C@H](C3=CC=CC=C3)N,6.017728767
COCC/C(=N\S(=O)(=O)CC1=CC=C(C=C1)C(F)(F)F)/NC2=CC(=C(C=C2)OC3=C4C=C(C(=CC4=NC=C3)OC)OC)F,7.334231449
COC1=CC(=CC(=C1OC)OC)C(=O)C2=CN(C=C2)C3=CC=CC=C3,6.15490196
CNC1=NC=CC(=N1)C2=CC3=C(C=C2)C(=NN3)N,6
CCOC(=O)C1=C2C(=CN1)C(C3=C(N2)CCCC3=O)C4=CC=C(O4)SC5=NC6=C(N5)C=CC=C6F,8.397940009
CC(C)[C@@H](C(=O)OC)NC(=O)CCCCCCC(=O)NO,6.420216403
CC(C)N(CC(=O)NC1=CN=NC=C1)C(=O)COC2=CC=C(C=C2)CC(=O)OC,5.806597097
COC1=CC(=CC(=C1OC)OC)C2=CC3=C(C=C2)NN=C3C4=CC=CC(=C4)C#N,5
C1COCCN1C2=CC(=O)C3=C(O2)C(=CC=C3)C4=C5C(=C(C=C4)NC(=O)CNCCN)C6=CC=CC=C6S5,7.795880017
CC(C)(C)C(=O)OC1=C(C=CC(=C1)N(C)C2=CC(=O)OC3=CC=CC=C32)OC,7.472370099
CC(=O)O[C@@H]1C[C@]2([C@@H](CC[C@@H]2O)C3=C1[C@]4([C@H](OC(=O)/C(=C/N(C)CCCN(C)C)/C4=C(C3=O)O)COC)C)C,7.193820026
CC1(CC(CCO1)(CCNC2=CC(=C(C=C2)F)Cl)C3=CC=CC=C3)C,7.602059991
CC1(CC(CCO1)(CCNC2=CC=CC(=C2)C#N)C3=CC=CC=C3)C,7.180456064
C[C@@H](C1=CC=C(C=C1)N2CCNC2=O)C(=O)NC3=NNC(=C3)C4CC4,8.698970004
CCOCCOC1=C(C=C2C(=C1)N=CN=C2NC3=CC(=C(C=C3)F)Cl)NS(=O)(=O)C=C,7.862645889
CC1(CCC(=C(C1)CN2CCN(CC2)C3=CC=C(C=C3)C(=O)NS(=O)(=O)C4=CC(=C(C=C4)N[C@H](CCN5CCN(CC5)C(=O)CCCCCNC6=CC=CC7=C6C(=O)N(C7=O)[C@@H]8CCC(=O)NC8=O)CSC9=CC=CC=C9)S(=O)(=O)C(F)(F)F)C1=CC=C(C=C1)Cl)C,6.28567024
CS(=O)(=O)C1=CC=CC(=C1)C2=CC=C(C=C2)OCC3=NN=C(N3C4=CN=CC=C4)SC5CCCC5,6.041914151
CC1=CC2=NC3=C(C=CC=C3N=C2C=C1)C(=O)NCCCN(C)CCCNC(=O)C4=C5C(=CC=C4)N=C6C=CC(=CC6=N5)C,6.161150909
CC1=NC2=C(C=C(C=C2Br)Br)C(=O)N1N,7.22184875
C1=CC(=C2C(=C1)NN=C2N)C3=CC=C(C=C3)N,7.366531544
C1=CC2=C(C=C1OC(F)(F)F)C(=C(N2)O)C3=C(C4=C(N3)C=CC(=C4)F)N=O,7.219682688
C1=CC2=C(C(=C1)O)NC3=C4C(=C5C(=C23)C(=O)N(C5=O)NCC(CO)O)C6=C(N4C7C(C(C(C(O7)CO)O)O)O)C(=CC=C6)O,7.102372909
CC1=NN=C2N1C3=C(C=C(C=C3)F)C(=O)N2CCC4=CC=CC=C4,4.301029996
CC1=C(C(=O)O[C@H](C1)[C@@H](C)[C@@]23[C@@H](O2)[C@@H]([C@@]4([C@@]3(CC[C@H]5[C@H]4C[C@@H]6[C@]7([C@@]5(C(=O)C=C[C@@H]7O)C)O6)C)O)OC(=O)C)C,5.341988603
CN1C=C(C2=C1C=C(C=C2)NC3=NC=C(O3)C4=CC(=CC=C4)NC(=O)C5=CC=CC=C5)C#N,5.455931956
COC1=C(C(=C(C=C1)C(=O)/C=C/C2=CC(=C(C(=C2)F)OC)F)OC)OC,5.318758763
C1CSCCC12N=C(N=C(N2OCCCOC3=CC(=CC=C3)Br)N)N.Cl,9
COC1=CC(=CC(=C1OC)OC)/C=C/2\CN(C=CC2=O)C(=O)OCC3=CC=CC=C3,4.616184634
CN(C)C1=CC=C(C=C1)C(=O)NC(CCCCCC(=O)NO)C(=O)NC2CCCC3=CC=CC=C23,6.522878745
C[C@]12CC[C@H]3[C@@]4(C=CC(=O)C(=C)[C@H]4CC[C@@]3(C1)CC(=O)O2)C,5.026872146
CC1C(=O)N(C2=C(N1C3CC3)C=C(C=C2)NC(=O)OC4=CC=C(C=C4)C)C,6.080921908
CCC(C1=NC2=C(C(=O)N1CC3=CC=CC=C3)SC=C2)N(CCCNS(=O)(=O)C)C(=O)C4=CC=C(C=C4)C,5.222573178
C1=CC2=C(C=C1F)C(=O)N(C3=NNC(=S)N23)CCCNC(=O)CCOCCOCCOCCOCCNC(=O)[C@H](CCC(=O)O)N,4.881735274
COC1=CC(=CC(=C1OC)OC)C(=O)C2=CN(C=C2)C3=CC(=CC=C3)N4CCCC4,7.795880017
CC[C@@H]1C(=O)N(C2=CN=C(N=C2N1C3CCCC3)NC4=C(C=C(C=C4)C(=O)NC5CCOCC5)OCCO)C,8.025949097
CNC(=O)N1CCOC2=C1C=CC(=C2)OC3=C4C=C(C(=CC4=NC=C3)OC)OC,7.400007822
CCCC(=O)O[C@@H]1/C=C/[C@@](C/C=C(\C(=O)/C=C/[C@@]1(C)O)/CO)(C)CCC=C(C)C,5.378823718
C1CCC2=C(C1)C(=O)NC(=N2)N3CCC4(CC3)CNC5=C4C(=CC=C5)F,8.552841969
CC(C)N1CCN(CC1)CCOC2=C3C4=CC=CC=C4SC3=C(C=C2)C5=CC=CC6=C5OC(=CC6=O)N7CCOCC7,8.522878745
C1=CC(=CN=C1)CCN2C(=O)C3=C(C=CC(=C3)F)N4C2=NNC4=S,5.970616222
C1CCC2=C(C1)C(=O)NC(=N2)N3CCC4(CC3)C5=C(C=C(C=C5Cl)Cl)N(C4=O)CCO,8.022276395
COC1=CC(=CC(=C1OC)OC)C2=CC3=C(C=C2)NN=C3C4=CC=C(C=C4)/C(=N/O)/N,5
CC1=C(C=CC(=C1)OCC2=NN=C(N2C3=CN=CC=C3)SC4CCCC4)C5=CC=C(C=C5)S(=O)(=O)N,7.602059991
COC1=CC2=C(C=C1)C(=CC(=N2)C3=CC=CC=C3)C(=O)NC4=CC=C(C=C4)C5=CC=CS5,4.966576245
C1CCC(C1)C[C@H](CC(=O)NO)C(=O)N2CC3(CC3)C[C@H]2C4=NC(=NO4)C5=CC=CC=C5,8.42365865
C[C@](C1CCOCC1)(C2=CC3=C(C(=C2)F)[C@@](N(C3=O)[C@@H](CC(=O)O)C4=CC=C(C=C4)Cl)(C5=CC=C(C=C5)Cl)OC)O,9.102372909
CC1=NOC(=C1)NC(=O)C2=CC=CC3=C2C=CC(=C3)OC4=C5C=C(C(=CC5=NC=C4)OC)OC,9
C1=CC2=NC(=C(N2C=C1)CC(=O)NC3=CC4=C(C=C3)C=CS4(=O)=O)C5=CC=C(C=C5)[N+](=O)[O-],5.187086643
CC1(C[C@@](CCO1)(CCNC2=CC(=CC=C2)OC)C3=CC=CC=C3)C,6.638272164
C1CCC(CC1)C2=CC=C(C=C2)NC(=O)C3=CC(=NC4=C3C=CC(=C4)O)C5=CC=CC=C5,4
COC1=CC2=C(C=CN=C2C=C1OC)OC3=C(C=C(C=C3)N/C(=N\S(=O)(=O)CC4=CC=CC=C4)/CC5=CC=CC=C5)F,7.116054805
CC1=NC2=C(C=C1)C(=O)C=C(N2)C3=CC(=CC=C3)Cl,6.050609993
CC1=NC2=C(C=C1)C(=O)C=C(N2)C3=CC4=CC=CC=C4C=C3,5.292429824
CC(=CCC[C@]\1(C/C=C(\C(=O)/C=C/[C@@]([C@@H](/C=C1)OC(=O)C=C(C)C)(C)O)/CN2CCOCC2)C)C,5.954677021
COC1=CC(=CC(=C1OC)OC)SC2=C(NC3=C2C=CC=C3F)C4=CC=CC=C4,7.698970004
CN1C=C(N=C1)S(=O)(=O)N(CCN(CC2=CN=CN2C)C3=C(C=C(C=C3F)C#N)F)CC4CCN(CC4)C5=NC=CC=N5,6.537602002
CC1=C(C(=NO1)C)C2=CC3=C(C=C2)N(C=C3CCC4=CC=C(C=C4)F)CCCCCC(=O)NO,6.536107011
CCCCCCCCCC(=O)NC1=C(C=CC(=C1)N(C)C2=CC(=O)OC3=CC=CC=C32)OC,7.396855627
C/C(=N\S(=O)(=O)CC1=CC=C(C=C1)F)/NC2=CC(=C(C=C2)OC3=C4C=C(C(=CC4=NC=C3)OC)OC)F,7.781202002
C/C(=C\C1=CC(=C(C=C1)OC)O)/C(=O)C2=CC(=C(C(=C2)OC)OC)OC,9.677780705
CC(=O)O[C@@H]1C[C@]2([C@@H](CC[C@@H]2O)C3=C1[C@]4([C@H](OC(=O)/C(=C/N5CCN(CC5)C)/C4=C(C3=O)O)COC)C)C,7.045757491
C1CCN(C1)CCNC(=O)CCC(=O)OCCCCCCSC2=CC=C(C3=NON=C23)[N+](=O)[O-],5.216811309
CN1C=C(N=C1)S(=O)(=O)N(CCN(CC2=CN=CN2C)C3=CC=C(C=C3)C#N)CC4=COC=C4,6.494850022
CCC(=O)N1CC[C@@H](C1)N2C3=NC(=NC=C3CN(C2=O)C4=CC=CC=C4F)NC5=CC(=C(C=C5)N6CCN(CC6)C)C,8.283996656
CN(C1=CC(=C(C=C1)OC)OC(=O)CCCC(=O)OC)C2=CC(=O)OC3=CC=CC=C32,7.669586227
CCC1=C(C=CC(=C1)NC2=NC=C3CN(C(=O)N(C3=N2)[C@H]4CCN(C4)C(=O)CC)C5=C(C=CC(=C5)OC)F)N6CCN(CC6)C,8
C[C@H](C1=CC=C(C=C1)NC2=NC=C3C=C(C=CC3=N2)C4=CC=NC=C4)NC(=O)C5CCNCC5,6.638272164
CC[N+](C)(CC)CCOC1=CC=C(C=C1)NC2=NC=C3C=C(C(=O)N(C3=N2)C)C4=C(C=CC=C4Cl)Cl.[I-],7.397940009
C[C@@H](C1=NN=C(O1)[C@]23CCCC([C@@H]2CC(=O)C4=C3C(=O)C(=O)C(=C4)C(C)C)(C)C)NC(=O)OC(C)(C)C,6.598599459
CC(=O)NC1=CC=C(C=C1)C2=NC3=C(C(=N2)N4CCN(CC4)CCC5=CC=CC=C5)N6CCCCC6=C3C#N,6.244125144
C1CCN(CC1)S(=O)(=O)C2=CC=C(C=C2)OC(=O)NCC3=CN=CC=C3,5.318758763
C1=CC(=CC=C1C2=C(C=C(N2)C3=CC=NC=C3)C(=O)N)F,7.853871964
COC1=C(C=C(C(=C1)O)C(=O)NC2=CC(=C(C=C2)F)Cl)NC(=O)CCCCCC(=O)NO,6
C1=CC=C(C(=C1)C2=NC3=CC=CC=C3C(=N2)NCC4=CC=C(C=C4)Cl)C(F)(F)F,5.318758763
CN1CCN(CC1)CCCNC2=NC3=NC(=C(C=C3C=N2)C4=C(C=CC=C4Cl)Cl)NC(=O)NC5CCCCC5,7.537602002
CC1=CC(=C(N1C2=CC=CC=C2)C)/C=C/C3=[N+](C4=C(C=C3)C=C(C=C4)N(C)C)C,6.124938737
CC1=C(SC=N1)C2=CC=C(C=C2)[C@H](C)NC(=O)[C@@H]3C[C@H](CN3C(=O)[C@H](C(C)(C)C)NC(=O)CCCCCCN4CCN(CC4)CC[C@H](CSC5=CC=CC=C5)NC6=C(C=C(C=C6)S(=O)(=O)NC(=O)C7=CC=C(C=C7)N8CCN(CC8)CC9=C(CCC(C9)(C)C)C1=CC=C(C=C1)Cl)S(=O)(=O)C(F)(F)F)O,7.024568191
CN(C)C/C=C/C(=O)N1CCC(CC1)N2C3=NC(=NC=C3CN(C2=O)C4=C(C(=CC(=C4Cl)OC)OC)Cl)NC5=CC=C(C=C5)F,9.004364805
CC1=C(C=NN1C)CN(CCN(CC2=CN=CN2C)C3=CC=C(C=C3)C#N)S(=O)(=O)C4=CN(C=N4)C,5.27572413
C1COCCN1CCC(=O)NC2=C3C(=C(C=C2)NC(=O)CCN4CCOCC4)C(=O)C5=CC=CC=C5C3=O.Cl,5.431798276
CC1(CCC(=C(C1)CN2CCN(CC2)C3=CC=C(C=C3)C(=O)NS(=O)(=O)C4=CC(=C(C=C4)N[C@H](CCN5CCN(CC5)C(=O)CCCCNC6=CC=CC7=C6C(=O)N(C7=O)[C@@H]8CCC(=O)NC8=O)CSC9=CC=CC=C9)S(=O)(=O)C(F)(F)F)C1=CC=C(C=C1)Cl)C,6.460923901
C1CN(CCN1C2=NC(=NC(=C2)C3=CN=C(C=C3C(F)(F)F)N)N4CCOCC4)C(=O)C5=C(C=CC(=C5)CC6=NNC(=O)C7=CC=CC=C76)F,7.809948582
C1=CC=C2C(=C1)N=C(S2)C3=CC=C(C=C3)NC(=O)CNC4=CC=C(C=C4)Br,8.045757491
C1COCCC12N=C(N=C(N2OCCCOC3=CC=CC=C3Br)N)N.Br,7.522878745
CNC(=O)C1=CC=CC=C1NC2=NC(=NC=C2Cl)NC3=C(C=C(C=C3)N4CCOCC4)OC,8.200659451
COC1=CC(=CC(=C1OC)OC)C(=O)C2=CN(C=C2)C3=CC=CC=C3Cl,5.346787486
C[C@@H](C(=O)NC(CC1=CC=C(C=C1)N=C(N)N)P(=O)(OC2=CC=CC=C2)OC3=CC=CC=C3)NC(=O)[C@@H](CO)NC(=O)C4=CC=CS4,8.161150909
C1=CC=C(C=C1)C2=CC=C(C=C2)CNC3=NC(=NC4=CC=CC=C43)C5=CC=CC=C5C(F)(F)F,5.431798276
CN(C1=CC(=C(C=C1)OC)OC(=O)C=C)C2=CC(=O)OC3=CC=CC=C32,6.602755419
C1=CC=C2C(=C1)C(=NC(=N2)C3=CC=CC=C3Cl)NCC4=CC=C(C=C4)C5=CN=CC=C5,5.677780705
COC1=CC(=CC(=C1OC)OC)C(=O)/C=C/C2=C3CC4=CC(=C(C=C4C3=NN2)OC)OC,5.219682688
C[C@H](C1=CC=C(C=C1)N2CCOC2=O)C(=O)NC3=NNC(=C3)C4CC4,5.602059991
CN(C)CCNC(=O)C1=C2C(=CC=C1)N=C3C=CC4=C(C3=N2)C=CC=C4SC,7.026872146
COC1=CC(=CC(=C1OC)OC)C(=O)C2=C(NC3=C2C=C(C=C3)Br)C4=CC=CC=C4,6.27572413
C1=CC=C(C=C1)C2=C(C=C(N2)C3=C(C=NC=C3)F)C(=O)N,8.096910013
CN(C)C1=C(OC2=C1C=CC(=C2)OC)C(=O)C3=CC(=C(C(=C3)OC)OC)OC,7.318758763
CC[C@@H]1C(=O)N(C2=CN=C(N=C2N1C(C)C)NC3=C(C=C(C(=C3)F)C(=O)NC4CCN(CC4)C)OCCO)C,7.572351629
C1CCC2=C(C1)C(=O)NC(=N2)N3CCC4(CC3)CNC5=C4C(=CC(=C5)F)F,8.48148606
CCOCCOC1=C(C=C2C(=C1)N=CN=C2NC3=CC(=C(C=C3)F)Cl)NC(=O)C(=C)F,7.1397219
C1[C@@]([C@H]([C@@H](O1)O[C@@H]2[C@H]([C@@H]([C@H](O[C@H]2OC3=CC(=C4C(=C3)OC(=CC4=O)C5=CC=C(C=C5)O)O)CO)O)O)O)(CO)O,4
CN(CCCNC(=O)C1=C2C(=CC=C1)N=C3C(=N2)C=CC4=CC=CC=C43)CCCNC(=O)C5=C6C(=CC=C5)N=C7C(=N6)C=CC8=CC=CC=C87,6.346787486
CC1(C=CC2=C(C=CC(=C2O1)C(=O)/C=C/C3=CC(=C(C=C3)OC)NC(=O)CN)OC)C,6.552841969
CC1=C(C=CC=C1C2=CC3=C(C=C2)OCCO3)COC4=C(C=C(C(=C4)OCC5=CC(=CC=C5)C#N)CNCCNC(=O)OC(C)(C)C)Cl,7.252588192
C1CCC(C1)[C@@H](C2=NC=CC=N2)NC(=O)C3=CC4=C(C=C3)NN=C4C5=CC=C(C=C5)N6[C@H]7CC[C@H]6CC(C7)O,8.958607315
CN1CCN(CC1)C2=CC(=C(C=C2)NC3=C4C=CN=CC4=C5C=CC=C(C5=N3)C6=NC=NN6)Cl,7.920818754
CN1C=C(N=C1)S(=O)(=O)N(CCN(CC2=CN=CN2C)C3=C(C=C(C=C3)C#N)Cl)CC4CCN(CC4)C5=NC=CC=N5,6.259637311
C1CCC2=C(C1)C(=O)NC(=N2)N3CCC4(CC3)C5=CC=CC=C5CN4,7.53313238
CC1=C(C=CC=C1C2=CC3=C(C=C2)OCCO3)COC4=C(C=C(C(=C4)OCC5=CC(=CC=C5)C#N)CN6CC(C(C6)O)CO)Cl,7.777283529
COC1=CC2=C(C=C1)C(=CC(=N2)C3=CC=CC=C3)C(=O)NC4=CC=C(C=C4)C5=CC=CC=C5,5.27572413
CC1=CC(=CC=C1)NC(=O)NC2=CC=C(C=C2)C3=CN=CC4=C3C(=NN4)N,9.22184875
CCC(=O)N1CC[C@@H](C1)N2C3=NC(=NC=C3CN(C2=O)C4=C(C=CC(=C4)OC)Cl)NC5=CC(=C(C=C5)N6CCN(CC6)C7COC7)C,8.522878745
C1C/C(=C\C2=CC=CC=C2OC(F)(F)F)/C(=O)C=C1,5.995678626
C1=CC=C(C=C1)NC(=O)NN2C(=O)C3=C4C5=C(C(=CC=C5)O)NC4=C6C(=C3C2=O)C7=C(N6C8C(C(C(C(O8)CO)O)O)O)C(=CC=C7)O,6.602059991
CC1=CC=C(C=C1)CS(=O)(=O)/N=C(\CCOC)/NC2=CC(=C(C=C2)OC3=C4C=C(C(=CC4=NC=C3)OC)OC)F,7.555018888
CC1=CC=CC=C1C2=NC3=CC=CC=C3C(=C2)C(=O)N4CCC5(CC4)CC(=O)C6=NN(C=C6O5)C(C)(C)C,7
CCC(=O)N1CC[C@@H](C1)N2C3=NC(=NC=C3CN(C2=O)C4=C(C=CC(=C4)OC)F)NC5=CC(=C(C=C5)N6CCOCC6)C,7.598599459
C1CO[C@H](CN1C2=NC(=NC(=C2)C3=CC4=C(C=C3)C(=NN4)N)N)C(=O)NC5=CC=CC=C5,6
C1=CC=NC(=C1)CNC(=O)[C@H](CCCCCC(=O)NO)NC(=O)C2=CC=C(C=C2)Br,5.93930216
C1=CC2=C(C=C1O)C(=C(N2)C3=C(NC4=C3C=C(C=C4)OC(F)(F)F)O)N=O,8.079876674
CCC(=O)N1CC[C@@H](C1)N2C3=NC(=NC=C3CN(C2=O)C4=CC(=CC=C4)OC)NC5=CC(=C(C=C5)N6CCN(CC6)C)C,8.346787486
COC1=CC=C(C=C1)/C=C/C(=O)C2=C(C(=C(C=C2)OC)OC)OC,6.522878745
CCOC(=O)COC1=CC2=C(C=C1)C(=CC(=N2)C3=CC=CC=C3)C(=O)NCC4=CC=C(C=C4)C5CCCCC5,4
COCCOC1=C2C(=C3C(=C1)N=CN=C3OC4=CC=C(C=C4)NC(=O)NC5=C(C=CC(=C5)C(F)(F)F)F)OCCO2,8.769551079
CC1=C(C(=O)O[C@H](C1)[C@@H](C)C2=C[C@@H]([C@@]3([C@@]2(CC[C@H]4[C@H]3C[C@@H]5[C@]6([C@@]4(C(=O)C=C[C@@H]6OC(=O)N7CCOCC7)C)O5)C)O)OC(=O)C)C,6.004364805
CCCNC(=O)C1=CC=CC2=C1C=CC(=C2)OC3=C4C=C(C(=CC4=NC=C3)OC)OC,8.890084137
C[N+]1(CCCCC1CO)CCC(=O)NC2=C3C(=C(C=C2)NC(=O)CC[N+]4(CCCCC4CO)C)C(=O)C5=CC=CC=C5C3=O.[I-].[I-],6.420216403
CC1=CC(=C(C=C1)F)NC(=O)NC2=CC=C(C=C2)C3=CN=CC4=C3C(=NN4C)N,8.522878745
CN(CCCNC(=O)C1=C2C(=CC=C1)N=C3C=CC=C(C3=N2)Cl)CCCNC(=O)C4=C5C(=CC=C4)N=C6C=CC=C(C6=N5)Cl,7.408935393
CCC1(CC1)COC2(C3=C(C=C(C=C3)C(C)(C)O)C(=O)N2CC4=CC=C(C=C4)Cl)C5=CC=C(C=C5)Cl,7.657577319
COC1=CC2=NC(=C(N2C=C1)CC(=O)NC3=CC4=C(C=C3)C=CS4(=O)=O)C5=CC=C(C=C5)C(F)(F)F,6.15490196
CC1=NC2=C(C=C(C=C2Br)Br)C(=O)N1CC(=O)NC3=CC=CC=C3,4
C1=CC=C2C(=C1)C(=O)N(C3=NNC(=S)N23)CCC(F)(F)F,5.903089987
CN1C=CC2=C1C=CC(=C2)C3=CN=C4N3C=CN=C4C5=CC6=C(C=C5)N(C=C6)C,5
CC[C@@H]1C(=O)N(C2=CN=C(N=C2N1C3CCCC3)NC4=C(C=C(C(=C4)F)C(=O)NC5CCCC5)OCCO)C,8.410050399
CC1=C(C=CC=C1C2=CN=CC=C2)COC3=C(C=C(C(=C3)OCC4=CC(=CC=C4)C#N)CN5CCCC[C@H]5C(=O)O)Cl,7
CC1=C(C=CC(=C1)NC2=NC=C3CN(C(=O)N(C3=N2)[C@H]4CCN(C4)C(=O)C=C)C5=CC=CC=C5Cl)N6CCN(CC6)C,7.522878745
COC1=C2C=C(C=N1)C3=CC4=C(C=CN=C4C=C3)C5=CC=CC(=C5F)CNC(=O)C6=CC(=CC=C6)S(=O)(=O)N2,7.698970004
C1=CC(=CC=C1CCN2C(=O)C3=C(C=CC(=C3)F)N4C2=NNC4=S)Cl,5.243363892
CC=C(C1=CC(=C(C=C1)OC)OC)C2=CC(=CC(=C2)OC)OC,6.318758763
C[C@@H](C(=O)N[C@@H](CC1=CC=CC=C1)C(=O)N[C@@H](CC(C)C)C(=O)C(=O)NC2=CC=CC=C2)NC(=O)OCC3=CC=CC=C3,5.697236292
COC1=CC(=CC=C1)OCC2=NN=C(N2C3=CN=CC=C3)SC4CCCC4,6.425968732
C1CCN(CC1)C(=O)COC2=C3C4=CC=CC=C4SC3=C(C=C2)C5=CC=CC6=C5OC(=CC6=O)N7CCOCC7,7.721246399
CC1=CC(=CC=C1)NC(=O)C2=CC(=C(C=C2)C)C#CC3=CN4C(=CC=N4)N=C3,8.22475374
CC(=O)C1=CC2=C(C=CN=C2C=C1OC)OC3=CC4=C(C=C3)N(CCO4)C(=O)NC5=CC=C(C=C5)Cl,9.219970873
C1=CC=C(C=C1)S(=O)(=O)C2=CC=C(C=C2)NC(=O)NCC3=CN=C(C=C3)N4C=CN=C4,7.387216143
CC1CCN(CC1)CCCOC2=CC3=NC=CC(=C3C=C2OC)OC4=C(C=C(C=C4)N/C(=N/S(=O)(=O)CC5=CC=C(C=C5)Cl)/CCOC)F,8.290730039
C1COCCN1C2=CC(=O)C3=C(O2)C(=CC=C3)C4=C5C(=C(C=C4)NC(=O)CN)C6=CC=CC=C6S5,7.920818754
CC1C(=O)N(C2=C(N1CCN3CCOCC3)C=C(C=C2)NS(=O)(=O)C4=CC=C(C=C4)C)C,5.987162775
C1=CC=C(C=C1)C2=C(C(=C(N2)C3=NC(=NC=C3)N)Cl)C(=O)N,7.420216403
CC1=CC=C(C=C1)CCN2CC=C(C2=O)CCC(=O)NO,6.37675071
CN1CCCN(CC1)CC(=O)NC2=C3C4=CC=CC=C4SC3=C(C=C2)C5=CC=CC6=C5OC(=CC6=O)N7CCOCC7,7.259637311
C[C@]12CC[C@H]3[C@@]4(CCC5=C([C@H]4CC[C@@]3(C1)[C@@H](C2=O)C(=S)SC)COC5=O)C,4.769551079
C1CCC(C1)[C@@H](C2=CC=CC=N2)NC(=O)C3=CC4=C(C=C3)NN=C4C5=CC=C(C=C5)N6C7CCCC6COC7,8.080921908
COC1=C(C=C(C=C1)N2C=CC(=C2)C(=O)C3=CC(=C(C(=C3)OC)OC)OC)OC,7
C1CCN(CC1)S(=O)(=O)C2=CC=C(C=C2)NC(=S)NCC3=CN=CC=C3,8.15490196
CC(C1=CC=C(C=C1)N2CCCCC2=O)C(=O)NC3=NNC(=C3)C4CC4,6.619788758
CC1=C(C=CC=C1C2=CC(=O)C3=C(O2)C=CC(=C3)CNCCNC(=O)C)C4=CC=CC=C4,5.853871964
COC1=C(C=CC(=C1)C2=C3C4=CC(=C(C=C4C=CN3C5=C2C6=CC(=C(C=C6OC5=O)O)OC)O[C@H]7[C@@H]([C@H]([C@@H]([C@H](O7)CO)O)O)O)OC)O,7.853871964
CCOC1=C(C=C(C=C1)/C=C/2\CCC=CC2=O)OC,6.22184875
CCCN1C(=O)C2=CC=CC=C2N3C1=NN=C3SC,4.301029996
CC[C@@H]1C(=O)N(C2=CN=C(N=C2N1C3CCCC3)NC4=C(C=C(C(=C4)F)C(=O)NCC)OCCO)C,8.097453221
CC1=CC(=CC(=C1)NC(=O)NC2=CC=C(C=C2)C3=NC=CC4=C3C(=NN4)N)C,7.187086643
CC(C)(C1=CC2=C(C=C1)[C@@](N(C2=O)CC3=CC=C(C=C3)Cl)(C4=CC=C(C=C4)Cl)OCC5(COC5)CO)O,7.366531544
CC(C)(C)CC(=O)NC1=C(C=C2C=NC(=NC2=N1)NCCCN3CCN(CC3)C)C4=C(C=CC=C4Cl)Cl,5.096910013
COC1=CC(=CC(=C1OC)OC)C(=O)/C(=C/C2=CC(=C(C(=C2)F)OC)F)/OC,6.443697499
C1=CC=C(C=C1)C2=CC=C(C=C2)NC(=O)[C@H](CCCCCC(=O)NO)NC(=O)C3=CC=C(C=C3)Br,7.15490196
CC[C@@H]1C(=O)N(C2=CN=C(N=C2N1C(C)C)NC3=C(C=C(C(=C3)F)C(=O)NC4CCOCC4)OCCO)C,7.278931698
CC1=C(C=CC=C1C2=CC3=C(C=C2)OCCO3)COC4=C(C=C(C(=C4)OCC5=CC(=CC=C5)C#N)CN6CC[C@H](C6)O)Cl,7.826813732
C1=CC(=CC(=C1)O)N2C3=C(C=CC(=C3)C#N)C=C4C2=NC(=O)NC4=O,7.37675071
CC(C)(C)N1C=C2C(=N1)C(=O)CC3(O2)CCN(CC3)C(=O)C4=CC(=NC5=CC=CC=C54)C6=CC=CC=C6,8.22184875
CC(C)C1=CC=CC=C1C2=NC3=C(CNC3)C(=N2)NCC4=CC=C(C=C4)C5=CN=CC=C5,5.537602002
C[C@@H]1CN(C[C@@H](N1)C)C(=O)C2=NN(C(=N2)C3=CC4=C(C=C3)N(C(=O)[C@H](N4C5CCCC5)C)C)C6=CC=C(C=C6)C,8.27572413
CN1CCN(CC1)C(=O)COC2=C3C4=CC=CC=C4SC3=C(C=C2)C5=CC=CC6=C5OC(=CC6=O)N7CCOCC7,7.537602002
C1CCC(C1)C[C@H](CC(=O)NO)C(=O)N2CC3(CC3)C[C@H]2C(=O)NC4=NN=CC=C4,7.882728704
CCC1=CC2=C(C=C1)N(C(=C(C2=O)C(=O)NC3=CC(=C(C=C3)OC4=NC=NC5=C4C(=CN5)C6=CC=CC=C6)F)C)C,8.22184875
C1C=C(C(=O)N1CCC2=CC(=CC=C2)F)CCC(=O)NO,6.37675071
C1CCC(CC1)(CNC(=O)C2=CC3=C(C=C2)NN=C3C4=CC=C(C=C4)N5C6CCC5COC6)N7CCOCC7,8.958607315
CN(C)C(=O)COC1(C2=C(C=C(C=C2)Br)C(=O)N1CC3=CC=C(C=C3)Cl)C4=CC=C(C=C4)Cl,7.065501549
CCN1/C(=C/C2=[N+](C=CS2)CC3=C(ON=C3C)C)/S/C(=C/4\N(C5=C(S4)C=C(C=C5)Cl)C)/C1=O.[Cl-],5
C1=CC2=C(C(=C1)O)NC3=C4C(=C5C(=C23)C(=O)N(C5=O)NC(=O)CC#N)C6=C(N4C7C(C(C(C(O7)CO)O)O)O)C(=CC=C6)O,5.721246399
C1CN(CCN1C2=NC=CC=N2)C(=S)SCCC(=O)NC3=CC(=CC=C3)NC(=O)C4=CC=CC=N4,6.402304814
C[C@H](C1=CC=C(C=C1)NC2=NC=C3C=C(C=CC3=N2)C4=CC=NC=C4)NC(=O)C,7.721246399
CC1(CC(CC(S1)(C)C)(CCNC2=CC(=CC=C2)Cl)C3=CC=CC=C3)C,5.603800653
C1COCCN1C2=NC(=NC3=C2C=CC(=C3)C4=CN=C(C=C4C(F)(F)F)N)N5CCOCC5,5
CC1=C(C=CC(=C1)N2CCN(CC2)C)NC3=NC=C4CN(C(=O)N(C4=N3)C5=CC=CC(=C5)NC(=O)C=C)C,7.508638306
C1=CC(=CC(=C1)Br)NC2=NC=NC3=C2C=C(C=C3)NC(=S)NC4=CC=C(C=C4)O,8.050609993
CN(C1=CC=CC=C1C2=CN=C(O2)NC3=CC(=C(C=C3)C4=CN=CO4)OC)C(=O)CN5CCOCC5,6.283996656
COC(=O)N1CCN(CC1)C2=CC3=C(C=C(C=C3NCC4=CC(=CC=C4)[N+](=O)[O-])C(F)(F)F)N=C2,7.366531544
C1=CC=C2C(=C1)C(=C(N2)C3=C(NC4=C3C=C(C=C4)[N+](=O)[O-])O)N=O,8.133712661
COC1=CC=CC=C1N2CCCN(CC2)C3=NC4=C(CCCC4)C(=O)N3,5.357931373
COC1=CC2=C(C(=C1)OC)C(=O)NC(=N2)C3=CC=C(C=C3)OCC4=CC=C(C=C4)/C=C/C(=O)NO,6.536107011
C1=CC=C(C=C1)COC(=O)N[C@@H](CCCCCC(=O)NO)C(=O)NC2=CC=CC3=C2N=CC=C3,7.366531544
C1=CC(=CC(=C1)NC(=O)CCCCCCC(=O)NO)C2=CN(N=N2)C3=CC=C(C=C3)I,8.096910013
COC1=CC=CC2=C1C=CC3=NC4=CC=CC(=C4N=C23)C(=O)NCCN(CCO)CCO,5.471340355
C[C@H](C1=CC=C(C=C1)N2CCCC2=O)C(=O)NC3=NNC(=C3)C4CC4,5.602059991
CN1CCN(CC1)C2=C(C=C(C=C2)NC3=NC=C4CN(C(=O)N(C4=N3)C5=CC=CC(=C5)NC(=O)C=C)C)OC,7.387216143
CC1(CCC(=C(C1)CN2CCN(CC2)C3=CC=C(C=C3)C(=O)NS(=O)(=O)C4=CC(=C(C=C4)N[C@H](CCN5CCN(CC5)C(=O)CCCCCCNC6=CC=CC7=C6C(=O)N(C7=O)[C@@H]8CCC(=O)NC8=O)CSC9=CC=CC=C9)S(=O)(=O)C(F)(F)F)C1=CC=C(C=C1)Cl)C,5.698970004
CN1CCN(CC1)CCC(=O)NC2=C3C4=CC=CC=C4SC3=C(C=C2)C5=CC=CC6=C5OC(=CC6=O)N7CCOCC7,7.552841969
COC1=C2C=C(C=N1)C3=CC4=C(C=CN=C4C=C3)C5=CN(CCNC(=O)C6=CC(=CC=C6)S(=O)(=O)N2)N=C5,7.634512015
CC(C)CCNC(=O)C(CCCCCC(=O)NO)NC(=O)C1=CN=CC=C1,5.045757491
CC1=C(C=CC=C1C2=CC3=C(C=C2)OCCO3)COC4=C(C=C(C(=C4)OCC5=CC(=CC=C5)C#N)CN6CC(C6)O)Cl,7.517126416
COC1=CC(=CC(=C1OC)OC)C2CN=C(O2)C3=CC4=C(C=C3)NC=C4,7
C[C@@H]1CN(C[C@@H](O1)C)C2=NC(=NC(=C2)C3=CN=C(C=C3C(F)(F)F)N)N4C[C@@H]5[C@H](C4)OCCO5,5.240256632
C1=CC=C(C=C1)S(=O)(=O)C2=CC=C(C=C2)NC(=O)COC3=CN=CC=C3,7.568636236
CN(C)CCNC(=O)C1=C2C(=CC=C1)N=C3C=CC4=C(C3=N2)C=CC=C4S(=O)(=O)C,5.418733195
CC(C)C1=C2C(=NN1)C(=NC=N2)NC3=CC(=CC=C3)Cl,6.045757491
COC1=CC(=CC(=C1)/C=C/2\CCC=CC2=O)OC,6.22184875
CC(C)CCNC(=O)C(CCCCCC(=O)NO)NC(=O)C1=CC=CO1,5.823908741
C1CCN2C(=C(C3=C2C(=NC=N3)NCCN4CCC5=CC=CC=C5C4)C#N)C1,5.197226275
C1CCN(C1)CC2=CC=C(C=C2)C3C(C4=NNC(=O)C5=C4C(=CC=C5)N3)C6=CC=CC=C6,8.395773947
C1CCN2C(=C(C3=C2C(=NC=N3)N4CCN(CC4)S(=O)(=O)CC5=CC=CC=C5)C#N)C1,5.177178355
CC1=CN2C(=NC(=C2CC(=O)NC3=CC4=C(C=C3)C=CS4(=O)=O)C5=CC=C(C=C5)C#N)C=C1,5.698970004
CC1CCN(CC1)S(=O)(=O)C2=CC=C(C=C2)NC(=O)NCC3=CN=CC=C3,8.301029996
CC1=C(NC2=C1C(=NC=N2)NC3CCCCC3)C,5.159893906
C1CCC(C1)C[C@H](CC(=O)NO)C(=O)N2CC3(CC3)C[C@H]2C4=NC(=NO4)C5=C(C(=CC(=C5)F)F)F,8.149966742
CN1CCN(CC1)C2=CC=C(C=C2)C3=NNC4=C3C=C(C=C4)NC(=O)C(C5=CSC=C5)N6CCCC6,8.13076828
COC1=C(C=C(C=C1)/C=C/2\CCC=CC2=O)[N+](=O)[O-],6.229147988
CC(C)(C)N1C=C2C(=N1)C(=O)CC3(O2)CCN(CC3)C(=O)C4=CC(=NC5=CC=CC=C54)C6=CC=CC=C6Cl,7
C1=CC(=CC=C1N2C3=C(C=CC(=C3)C#N)C=C4C2=NC(=O)N(C4=O)C5=CC=C(C=C5)Cl)O,7.48148606
CCOC1=C(C=CC(=C1)C(=CC#N)C2=CC(=C(C=C2)OC)OC(=O)[C@H](C)N)OC.Cl,7.769551079
CC1=CC=CC=C1C2=NC3=C(C(=N2)N4CCN(CC4)CCC5=CC(=C(C=C5)F)F)N6CCCCC6=C3C#N,6.207608311
CC1=C(N(C2=NC=NC(=C12)N)C3=CC=CC=C3)C,5.567030709
CN1C=NC=C1C(C2=CC=C(C=C2)C#N)OCC3=C(C=C(C=C3)C#N)C4=CC=C(C=C4)C#N,8.886056648
COC1=CC(=CC(=C1OC)OC)SC2=C(NC3=C2C=C(C=C3)F)C4=CC=CC=C4,6.522878745
CC1=CC=CC=C1NC(=O)NC2=CC=C(C=C2)C3=C4C(=CC=C3)NN=C4N,8.522878745
CC1=C(C=CC=C1C2=CC3=C(C=C2)OCCO3)COC4=C(C=C(C(=C4)OCC5=CC(=CC=C5)C#N)CNC(C)(C)C(=O)O)Cl,7.598599459
CN1CCN(CC1)C2=CC=C(C=C2)C3=NNC4=C3C=C(C=C4)C(=O)NCC5(CCCCC5)N6CCOCC6,8.119186408
COC1=C2C=C(C=N1)C3=CC4=C(C=CN=C4C=C3)C5=CC(=NC=C5)CNC(=O)C6=CC(=CC=C6)S(=O)(=O)N2,8.214670165
CC(C)(C)NC(=O)NC1=C(C=C2C=NC(=NC2=N1)N)C3=C(C=CC=C3Br)Br,6.537602002
CC1=CC=C(C=C1)C2=NOC(=N2)[C@@H]3CC4(CC4)CN3C(=O)[C@H](CC5CCCC5)CC(=O)NO,8.033389013
CCCCCN1C(=O)C2=CC=CC=C2N3C1=NNC3=S,5.705533774
CC(C)C1=CC=CC=C1C2=NC3=C(C(=N2)NCC4=CC=C(C=C4)C5=CN=CC=C5)OC=C3,7.096910013
C1=CC=C(C(=C1)N)NC(=O)C2=CC=C(C=C2)CN3C=NC4=C(N=C(N=C43)Cl)NC5=CC(=CC=C5)Cl,5.216096421
CCOCCOC1=C(C=C2C(=C1)N=CN=C2NC3=CC(=C(C=C3)F)Cl)NC(=O)/C=C/CN(C)C,7.913640169
CC1=C(C=C(C=C1)C(=O)NC2=CC(=CC(=C2)C(F)(F)F)CN3CCCCC3)C#CC4=CN5C(=CC=N5)N=C4,7.425043224
CCCCC(=O)N(CCCN)C(CC)C1=NC2=C(C(=O)N1CC3=CC=CC=C3)SC=C2,5.258060922
C=CCN1C(=O)C2=CC=CC=C2N3C1=NNC3=S,5.882728704
C1CN(CCN1CCC(=O)NC2=C3C4=CC=CC=C4SC3=C(C=C2)C5=CC=CC6=C5OC(=CC6=O)N7CCOCC7)CCO,7.537602002
CCN1/C(=C/C2=[N+](C=CS2)CC3=CN=C(S3)Cl)/S/C(=C/4\N(C5=C(S4)C=C(C=C5)Cl)C)/C1=O.[Cl-],5.638272164
COC1=C(C=C2C(=C1)CC3=C(NN=C32)/C=C/C(=O)C4=CC=C(C=C4)N)OC,5.193820026
CN1CCN(CC1)C2=CC3=C(C=C(C=C3OCC4=CC(=CC=C4)[N+](=O)[O-])C(F)(F)F)N=C2,8.568636236
C1=CC=C2C(=C1)N=C(S2)C3=CC=C(C=C3)NC(=O)CNC4=NC(=CS4)C5=CC=C(C=C5)Cl,4.327902142
CCC1(C2=C(COC1=O)C(=O)N3CC4=C(C3=C2)N=C5C=CC(=CC5=C4)OCC(=O)O)O,6.602059991
CN(CCCNC(=O)C1=C(C=CC2=CC3=CC=CC=C3N=C21)Cl)CCCNC(=O)C4=C(C=CC5=CC6=CC=CC=C6N=C54)Cl,6.045757491
CC(C)(C)N1C=C2C(=N1)C(=O)CC3(O2)CCN(CC3)C(=O)C4=CC(=NC5=CC=CC=C54)N6CCOCC6,7.698970004
COC1=CC2=NC=CC(=C2C=C1C(=O)N)OC3=CC(=C(C=C3)NC(=O)NC4CC4)Cl,9.15490196
CC1=C(C(=O)O[C@H](C1)[C@@H](C)C2=C[C@@H]([C@@]3([C@@]2(CC[C@H]4[C@H]3C[C@@H]5[C@]6([C@@]4(C(=O)C=C[C@@H]6OC(=O)N(C)C)C)O5)C)O)OC(=O)C)C,5.995678626
C1=C(C2=NON=C2C(=C1)SCCCCCCOC(=O)CCC(=O)O)[N+](=O)[O-],6.13076828
CCC1=CC2=C(C=C1)N(C(=C(C2=O)C(=O)NC3=CC(=C(C=C3)OC4=NC=NC5=CC(=C(C=C54)OC)OC)F)C)C,8.397940009
CC1=C(N=NN1C2=CC=C(C=C2)S(=O)(=O)NC3=NC=CS3)C(=O)C,6.537602002
CCCN1C(=O)C2=CC=CC=C2N3C1=NN=C3SC(=O)C,5.876148359
C[C@]12CC[C@H](C1(C)C)CC(=O)N2CC3=CN(N=N3)C4=CC=C(C=C4)OC,6.48148606
CCOC1=C(C=CC(=C1)C(=C)C2=CC(=C(C=C2)OC)N)OC,7.420216403
CC1(CC(CCO1)(CCNC2=CC(=C(C=C2)Cl)F)C3=CC=CC=C3)C,6.327902142
CC[C@](C1CCN(CC1)CCC(=O)OC)(C2=CC3=C(C(=C2)F)[C@@](N(C3=O)CC4=CC=C(C=C4)Cl)(C5=CC=C(C=C5)Cl)OC)O,8.886056648
CCN1/C(=C/C2=[N+](C=CS2)CC3=CC=CC=C3)/S/C(=C/4\N(C5=C(S4)C=CC(=C5)OC(F)(F)F)C)/C1=O.[Cl-],5.920818754
COC1=C(C(=C(C=C1)C(=O)/C=C/C2=CC(=C(C=C2)O)O)OC)OC,5.769551079
COCCNCCC(=O)NC1=C2C3=CC=CC=C3SC2=C(C=C1)C4=CC=CC5=C4OC(=CC5=O)N6CCOCC6,8.096910013
CC1(CCC(=C(C1)CN2CCN(CC2)C3=CC=C(C=C3)C(=O)NS(=O)(=O)C4=CC(=C(C=C4)N[C@H](CCN5CCN(CC5)C(=S)NCCOCCOCCNC6=CC=CC7=C6C(=O)N(C7=O)[C@@H]8CCC(=O)NC8=O)CSC9=CC=CC=C9)S(=O)(=O)C(F)(F)F)C1=CC=C(C=C1)Cl)C,6.141462802
COC1=CC(=CC(=C1OC)OC)SC2=C(NC3=C2C(=CC=C3)Br)C4=CC=CC=C4,6.397940009
CCCC(=O)O[C@@H]1CCC2=CC(=C(C(=C2C3=C1C=C(C=C3)SC)OC)OC)OC,5.320000084
CC1=C(C(=O)O[C@H](C1)[C@@H](C)C2=C[C@@H]([C@@]3([C@@]2(CC[C@H]4[C@H]3C[C@@H]5[C@]6([C@@]4(C(=O)C=C[C@@H]6O)C)O5)C)O)OC(=O)C)C,5.605548319
CC(C)(C1=CC2=C(C=C1)[C@@](N(C2=O)CC3=CC=C(C=C3)Cl)(C4=CC=C(C=C4)Cl)OC[C@@H]5CCOC5)O,7.167491087
CC1=NC2=C(C=C1)C(=O)C=C(N2)C3=CC=CS3,5.219999702
C1=CC=C(C=C1)CC2=C(C=C(N2)C3=CC=NC=C3)C(=O)N,6.066006836
CCCN(C)CN1C(=S)N2C3=CC=CC=C3C(=O)N(C2=N1)C,5.920818754
CC1=CC2=CC3=CC=CC=C3N=C2C(=C1)C(=O)NCCCN(C)CCCNC(=O)C4=CC(=CC5=CC6=CC=CC=C6N=C54)C,6.59345982
CC1=C(N=NN1C2=CC=C(C=C2)S(=O)(=O)NC3=NC=CS3)/C(=N/NC4=NC(=CS4)C5=CC=C(C=C5)Cl)/C,7.397940009
CN(C)C1=CC=CC2=NC3=CC=CC(=C3N=C21)C(=O)NCCCN(C)CCCNC(=O)C4=C5C(=CC=C4)N=C6C=CC=C(C6=N5)N(C)C,5.642065153
C[C@H]1[C@H]([C@H](C[C@@H](O1)O[C@H]2C[C@@](CC3=C2C(=C4C(=C3O)C(=O)C5=C(C4=O)C(=CC=C5)OC)O)(C(=O)CO)O)N)O.Cl,6.13076828
CC(C)C[C@@H](C(=O)C(=O)NC1=CC=CC=C1)NC(=O)[C@H](CC(C)C)NC(=O)[C@H](CC(C)C)NC(=O)OCC2=CC=CC=C2,7.462180905
CC(C)NC(=O)CCN1C(=O)C2=C(C=CC(=C2)Cl)N3C1=NNC3=S,5.826813732
CCN(CCN(C)C)/C=C/1\C2=C(C(=O)C3=C([C@]2([C@H](OC1=O)COC)C)[C@@H](C[C@]4([C@H]3CC[C@@H]4O)C)OC(=O)C)O,8.301029996
COC1=C(C(=C2C(=C1)CC[C@@H](C3=CC(=O)C(=CC=C32)SC)NCC4=CC=C(C=C4)C#N)OC)OC,5.599999383
CN(C)CCCNC(=O)CCC(=O)OCCCCCCSC1=CC=C(C2=NON=C12)[N+](=O)[O-],5.795880017
C1CC1[C@@H](C2=CC=CC=N2)NC(=O)C3=CC4=C(C=C3)NN=C4C5=CC=C(C=C5)N6C7CCC6COC7,8.853871964
CCC(C1=NC2=C(C(=O)N1CC3=CC=CC=C3)SC=C2)N(CCCN)C(=O)C4=C(C=CS4)C,6.387216143
CN1C=C(C2=C1C=C(C=C2)NC3=NC=C(O3)C4=CC=CC=C4)C#N,5.096910013
CC(C)C1=CC2=C(C(=O)C1=O)[C@]3(CCCC([C@@H]3CC2=O)(C)C)C4=NN=C(O4)C(=O)C,6.539102157
C1CCC(C1)SC2=NN=C(N2C3=CN=CC=C3)COC4=CC=C(C=C4)C5=CC=C(C=C5)Br,6.281498311
CC1=C(C=C(C=C1)C(=O)NC2=CC(=CC(=C2)C(F)(F)F)CN3CCOCC3)C#CC4=CN5C(=CC=N5)N=C4,7.757210191
CC1=CC=CC=C1NCCC2(CCOC(C2)(C)C)C3=CC=CC=C3,5.443697499
CN(CCCNC(=O)C1=CC=CC2=CC3=C(C(=CC=C3)Cl)N=C21)CCCNC(=O)C4=CC=CC5=CC6=C(C(=CC=C6)Cl)N=C54,7.48148606
CC1=C(SC=N1)C2=CC=C(C=C2)[C@H](C)NC(=O)[C@@H]3C[C@H](CN3C(=O)[C@H](C(C)(C)C)NC(=O)CCCCCC(=O)N(C)CC[C@H](CSC4=CC=CC=C4)NC5=C(C=C(C=C5)S(=O)(=O)NC(=O)C6=CC=C(C=C6)N7CCN(CC7)CC8=C(CCC(C8)(C)C)C9=CC=C(C=C9)Cl)S(=O)(=O)C(F)(F)F)O,5.698970004
COC1=C(C=C(C=C1)/C=C/C(=O)C2=CC3=C(C=C2)OCO3)OC,5.148741651
CN(C)CCNC(=O)C1=C2C(=CC=C1)N=C3C=CC4=C(C3=N2)C=CC=C4OCC5=CC=CC=C5,6.054531415
CN1C=C(N=C1)S(=O)(=O)N(CCN(CC2=CN=CN2C)C3=CC=C(C=C3)C#N)CC=C,7.26760624
C1=CC(=CN=C1)CNC(=O)NC2=CC=C(C=C2)SC3=CC=C(C=C3)Cl,7.619788758
CC1=C(C=CC(=C1)OCC2=NN=C(N2C3=CN=CC=C3)SC4CCCC4)C5=CC=C(C=C5)C(=O)NC,7.26760624
CN1C2=NC(=NC=C2C=C(C1=O)C3=C(C=CC=C3Cl)Cl)NC4=CC=C(C=C4)OCCN,7.259637311
CC1=C(C(=O)C2=C(N1C)C=CC(=C2)F)C(=O)NC3=CC(=C(C=C3)OC4=NC=NC5=C4C(=CN5)C6=CC=CC=C6)F,5
CC(C)(C)NC(=O)NC1=C(C=C2C=NC(=NC2=N1)NCCCN(C)C)C3=C(C=CC=C3Cl)Cl,7.124938737
COC1=CC=CC2=C1C=CC3=NC4=CC=CC(=C4N=C23)C(=O)NCCN5CCCCC5,6.48148606
C1=CC=C(C=C1)NC2=NC=NC3=NNC(=C32)NC4=CC(=CC=C4)Cl,5.591760035
CC[C@@H]1C(=O)N(C2=CN=C(N=C2N1C3CCCC3)NC4=C(C=C(C=C4)C(=O)NC(C)C)OCCO)C,8.163675884
C1=CC(=CC=C1C(=O)N[C@@H](CCCCCC(=O)NO)C(=O)NCC2=CC=NC=C2)Br,6.080921908
C[C@@H](C(=O)NC(CC1=CC=C(C=C1)N=C(N)N)P(=O)(OC2=CC=CC=C2)OC3=CC=CC=C3)NC(=O)[C@@H](CO)NS(=O)(=O)CC4=CC=CC=C4,8.455931956
COC1=CC=C(C=C1)N2CCN(CC2)C3=NC4=C(CC(CC4)(F)F)C(=O)N3,7.438898616
CN1C2=NC(=NC=C2C=C(C1=O)C3=C(C=CC=C3Cl)Cl)NCCC4=CC=CC=N4,5.185086819
CC1(CC(CCO1)(CCNC2=CC=CC(=C2)C(F)(F)F)C3=CC=CC=C3)C,6.420216403
CCN(CC)CCCNC1=NC2=NC(=C(C=C2C=N1)C3=C(C=CC=C3Cl)Cl)/N=C\N(C)C,5
C1CCC(CC1)C2=CC=C(C=C2)NC(=O)C3=CC(=NC4=CC=CC=C43)C5=CC=CC=C5,5
CC1=C(C=CC=C1C2=CC=NC=C2)COC3=C(C=C(C(=C3)OCC4=CC(=CC=C4)C#N)CN5C[C@H](C[C@H]5C(=O)O)O)Cl,7
CC1=CC(=CC=C1)N2N=C(C(=N2)N3CCN(CC3)C(=O)C)C(=O)C4=CC(=C(C(=C4)OC)OC)OC,4.522878745
CC1=C(SC(=N1)NC(=O)N2CCC[C@H]2C(=O)N)C3=CC(=NC=C3)C(C)(C)C(F)(F)F,7.749579998
CC1=CN=C(N=C1NCC2=CC=C(C=C2)C3=CN=CC=C3)C4=CC=CC=C4C(C)C,7.15490196
COC1=CC(=CC(=C1OC)OC)C(=O)/C=C/C2=CC(=C(C(=C2)F)OC)F,5.207608311
CCC1=CC=C(C=C1)OCC(=O)N(CC(=O)NC2=CN=NC=C2)C(C)C,6.614393726
C1=CC=C(C=C1)C2=C(C=C(N2)C3=NC(=NC=C3)N)C(=O)N,7.657577319
CC1=CC=C(C=C1)C2(CCOC(C2)(C)C)CCNC3=CC(=CC=C3)OC,5.377785977
COC(C1=CC=CC=C1)C(=O)NC2=NNC(=C2)C3CC3,5.301029996
C1=CC=C(C=C1)C2=C(C=C(N2)C3=NC(=NC=C3F)N)C(=O)N,7.744727495
CCCCNC1=NC=C2C=C(C(=O)N(C2=N1)C)C3=C(C=CC=C3Cl)Cl,5.356547324
CC1=CC=C(C=C1)C2=NC3=CC=CC=C3C(=C2)C(=O)N4CCC5(CC4)CC(=O)C6=NN(C=C6O5)C(C)(C)C,8.653647026
C[C@H]1C(=O)N(C2=C(N1C)C=C(C=C2)NS(=O)(=O)C3=CC=C(C=C3)C)C,6.113509275
COC1=CC=CC(=C1)CCN2CCN(CC2)C3=NC=NC4=C3N5CCCCC5=C4C#N,5.638272164
CN1C=CN=C1C2C(NC3=CC(=CC4=C3C2=NNC4=O)Cl)C5=CC=CC=C5,8.209011525
COC1=CC(=CC(=C1OC)OC)CC2=C(NC3=C2C=C(C=C3)Br)C4=CC=CC=C4,6.15490196
COC1=CC2=C(C=CN=C2C=C1OC)OC3=CC4=C(C=C3)C(=CC=C4)C(=O)NCC(F)F,8.419987887
CN1C2=NC(=NC=C2C=C(C1=O)C3=C(C=CC=C3Cl)Cl)NC4=CC=CC(=C4)CO,7.045757491
CC1=C(C(=O)O[C@H](C1)[C@@H](C)C2=C[C@@H]([C@@]3([C@@]2(CC[C@H]4[C@H]3C[C@@H]5[C@]6([C@@]4(C(=O)C=C[C@@H]6OC(=O)C=C(C)C)C)O5)C)O)OC(=O)C)C,6.337242168
C1=CC=C(C=C1)S(=O)(=O)C2=CC=C(C=C2)NC(=O)NCC3=CN4C=CN=C4C=C3,8.522878745
CC1=C(C=C(C=C1)N2N=C(C(=N2)N3CCN(CC3)C(=O)C)C(=O)C4=CC(=C(C(=C4)OC)OC)OC)C,5.316052869
CC(=CCC[C@]\1(C/C=C(\C(=O)/C=C/[C@@]([C@@H](/C=C1)OC(=O)C=C(C)C)(C)O)/COC(=O)C2=CC=C(C=C2)[N+](=O)[O-])C)C,6.080921908
CC(C)C[C@@H](C(=O)C(=O)NC1=CC=CC=C1)NC(=O)[C@H](CC2=CC=CC=C2)NC(=O)[C@H](COC)NC(=O)OCC3=CC=CC=C3,6.613679426
CC1=C(C=C(C=C1)NC(=O)NC2=CC=C(C=C2)C3=C4C(=CC=C3)NN=C4N)F,7.327902142
CN1C=C(C=N1)NC(=O)[C@@H]2CC3(CC3)CN2C(=O)[C@H](CC4CCCC4)CC(=O)NO,7.519993057
CC(=CCC1=C(C=C2C(=C1O)C(=O)C[C@H](O2)C3=CC=C(C=C3)O)OC)C,4.015022874
CN(CCCNC(=O)C1=C2C(=CC=C1)N=C3C=CC4=CC=CC=C4C3=N2)CCCNC(=O)C5=C6C(=CC=C5)N=C7C=CC8=CC=CC=C8C7=N6,7.619788758
C1=CC2=C(C(=C1)O)NC3=C4C(=C5C(=C23)C(=O)N(C5=O)NC=O)C6=C(N4C7C(C(C(C(O7)CO)O)O)O)C(=CC=C6)O,6.508638306
CC1=CC(=C(C=C1)C)N2N=C(C(=N2)N3CCN(CC3)C(=O)C)C(=O)C4=CC(=C(C(=C4)OC)OC)OC,4.522878745
C[C@H]1C[C@@H]([C@@H]([C@H](/C=C(/[C@@H]([C@H](/C=C\C=C(\C(=O)NC2=CC(=O)C(=C(C1)C2=O)NCC=C)/C)OC)OC(=O)N)\C)C)O)OC,5.493494968
CCCCN1C(=C(C(=O)C2=C1C=CC(=C2)C)C(=O)NC3=CC(=C(C=C3)OC4=NC=NC5=C4C(=CN5)C6=CC=CC=C6)F)C,6.318758763
CC1=C(NC2=C1C(=NC=N2)NC3=CC(=CC=C3)F)C,6.259637311
COC1=CC=CC2=C1C(=C(N2)C3=CC=CC=C3)SC4=CC(=C(C(=C4)OC)OC)OC,5.853871964
C=CC(=O)NC1=CC2=C(C=C1)N=CN=C2NC3=C(C=C(C=C3)Br)F,8.677780705
CC1=CC=CC=C1C2=NC3=CC=CC=C3C(=N2)NCC4=CC=C(C=C4)C5=CN=CC=C5,5.958607315
CC1=CC(=C(C=C1)F)NC(=O)NC2=CC=C(C=C2)C3=CC=NC4=NNC(=C34)N,9
C1=CC=C(C=C1)CNCC(=O)NC2=CC=C(C=C2)C3=NC4=CC=CC=C4S3,6.616184634
C1CCC(C1)SC2=NN=C(N2C3=CN=CC=C3)COC4=CC=C(C=C4)C5=CC=C(C=C5)C(F)(F)F,5.907981529
C1=CC=C(C(=C1)CCN2C(=O)C3=C(C=CC(=C3)F)N4C2=NNC4=S)Cl,4.842543232
C1=CC=C(C(=C1)NC(=O)CCC(=O)OCCCCCCSC2=CC=C(C3=NON=C23)[N+](=O)[O-])F,6.075720714
CC(C)(C)CCC1=C(C=CC(=C1)C#N)COC(C2=CC=C(C=C2)C#N)C3=CN=CN3C,9.022276395
CCOC(=O)COC1=CC=CC2=C1C=CC3=NC4=CC=CC(=C4N=C23)C(=O)NCCN(C)C,6.295849483
CC(=O)O[C@@H]1C[C@]2([C@@H](CC[C@@H]2O)C3=C1[C@]4([C@H](OC(=O)/C(=C/N(CCO)CCO)/C4=C(C3=O)O)COC)C)C,6.037157319
C1CCC2=C(C1)C3=C(N2)N=CN=C3NC4=CC=CC=C4,6.508638306
C1=CC2=C(C=C1F)C(=O)N(C3=NNC(=S)N23)CCCNC(=O)CC4=CC=NC=C4,5.521433504
C1=CC(=CC=C1N2C3=C(C=CC(=C3)C#N)C=C4C2=NC(=O)N(C4=O)C5=CC=C(C=C5)Br)O,7.187086643
CC(C)SC1=NN=C(N1C2=CC=CC=C2)CSC3=CC=CC=C3,5.111820506
CCC(C1=NC2=C(C(=O)N1CC3=CC=CC=C3)SC=C2)N(CCCN)C(=O)C4=CC=C(C=C4)Br,7.522878745
COC1=C(C(=C2C(=C1)C[C@@H](C3=CC(=O)C(=CC=C32)SC)COC(=O)C4=CC=CC=C4F)OC)OC,5.440000066
C1C/C(=C\C2=CC=C(C=C2)OC(F)(F)F)/C(=O)C=C1,6.229147988
COC1=CC2=C(C=CN=C2C=C1OC)OC3=C(C=C(C=C3)N/C(=N\S(=O)(=O)CC4=CC=CC=C4)/CC5CCCCC5)F,7.296364762
CNCC1=CC=C(C=C1)C2=NC3=C4N2CCNC(=O)C4=CN=C3,7.886056648
CC(CN(C)C)NC(=O)C1=C2C(=CC=C1)N=C3C=CC4=C(C3=N2)C=CC=C4OC,7.356547324
C1=CC=C(C(=C1)C2=NC3=CC=CC=C3C(=N2)NCC4=CC=C(C=C4)C5=CC(=C(C=C5)Cl)Cl)C(F)(F)F,5.657577319
C1C=C(C(=O)N1CCCCC2=CC=C(C=C2)Cl)CCC(=O)NO,6.356547324
C[C@@H](C1=CC=C(C=C1)N2CCCC2)C(=O)NC3=NNC(=C3)C4CC4,7.096910013
CCOC(=O)C1=C2C(=CN1)C(C3=C(N2)CCCC3=O)C4=CC=C(O4)SC5=NC6=C(N5)C=C(C=C6F)F,8.096910013
CCC(C1=NC2=C(C(=O)N1CC3=CC=CC=C3)SC=C2)N(CCCN)C(=O)C4=CC=C(C=C4)C#N,5.568636236
CN(C)C1CCN(CC1)C(=O)C2=CC=C(C=C2)NC(=O)NC3=CC=C(C=C3)C4=NN5C=C(C=C5C(=N4)N6CCOCC6)CN7CCN(CC7)S(=O)(=O)C,7.402304814
CC(CN(C)C)N1C(=O)C2=C(C=CC(=C2)F)N3C1=NNC3=S,5.213248578
CC1=CC(=NC2=C1C(=O)C=C(N2)C3=CC(=CC=C3)F)C,6.13076828
CC1=CC=C(C=C1)NC(=O)C2=CC=CC3=C2C=CC(=C3)OC4=C5C=C(C(=CC5=NC=C4)OC)OC,9.299988938
COC1=C(C=C(C=C1)/C=C/C(=O)C2=CC(=C(C(=C2)OC)OC)OC)[N+](=O)[O-],5.397940009
CC1=CC(=NO1)NCC(=O)NC2=CC=C(C=C2)C3=NC4=CC=CC=C4S3,4.619788758
COCN1C=CC2=C1C=CC(=C2)C3=NCC(O3)C4=CC(=C(C(=C4)OC)OC)OC,6.167491087
CN(C)CCNC(=O)C1=C2C(=CC=C1)N=C3C=CC4=C(C3=N2)C=CC=C4OCC#N,7.619788758
CCOCCOC1=C(C=C2C(=C1)N=CN=C2NC3=CC(=C(C=C3)F)Cl)NC(=O)/C=C/C(=O)OCC,7.453087357
CC(=O)C1=CC2=C(C=C1)C(N(C2=O)CC3=C(C=C(C=C3)Cl)S(=O)(=O)N4CCOCC4)(C5=CC=C(C=C5)Cl)OCC6(CC6)CO,8.337242168
CN(C)C1=CC2=C(C=C1)N3C(=S)NN=C3N(C2=O)CCC4=CC=CC=C4,5.557520231
CNC1=CC(=CC=C1)N2C=CC(=C2)C(=O)C3=CC(=C(C(=C3)OC)OC)OC,7.522878745
CCOC(=O)C1=C2C(=CN1)C(C3=C(N2)CCCC3=O)C4=CC(=CC=C4)OC5=NC6=CC=CC=C6N5,7.769551079
C1=CC=C2C(=C1)C(=O)C(=O)N2CC(=O)NC3=CC=C(C=C3)C4=NC5=CC=CC=C5S4,4
CCN1/C(=C/C2=[N+](C=CS2)CC3=CC=C(S3)Br)/S/C(=C/4\N(C5=C(S4)C=C(C=C5)Cl)C)/C1=O.[Cl-],6.602059991
COC(=O)NC1=NC=C(C(=C1)C(F)(F)F)C2=NN3C=C(C=C3C(=N2)N4CCOCC4)CN5CCN(CC5)S(=O)(=O)C,8.229147988
C1CCN(C1)C(C2=CSC=C2)C(=O)NC3=CC4=C(C=C3)NN=C4C5=CC(=CC=C5)S(=O)(=O)N,8.537602002
C[C@@H](C(=O)N[C@@H](CC1=CC=C(C=C1)OC)C(=O)N[C@@H](CC(C)C)C(=O)C(=O)NC2=CC(=CC=C2)OC)NC(=O)C3=CC=C(O3)C4=CC=C(C=C4)C(=O)C,7.540607512
C1=CC=C(C=C1)C2=C3C(=NN2)N=CN=C3NC4=CC(=CC=C4)Cl,6.086186148
COC1=CC(=CC(=C1OC)OC)C2CN=C(O2)C3=CC4=C(C=C3)N(C=C4)CC(F)(F)F,5.37675071
CC(=CC[C@H](C1=CC(=O)C2=C(C=CC(=C2C1=O)O)O)OC(=O)/C=C\C(=O)C3=CC=C(C=C3)F)C,7.643974143
COC1=CC=CC(=C1)N2CCN(CC2)C3=NC4=C(CCCC4)C(=O)N3,7.401209493
CC1=CC(=CC=C1)C2=CN=C(O2)NC3=CC4=C(C=C3)C(=CN4C)C#N,6.30980392
C1=CC=C2C(=C1)N=C(S2)C3=CC=C(C=C3)NC(=O)CNC4=NN=C(O4)C5=CC=C(C=C5)Cl,4.318758763
C1=CC(=CC(=C1)O)N2C3=C(C=CC(=C3)C#N)C=C4C2=NC(=O)N(C4=O)C5=CC=C(C=C5)Cl,8.13667714
CCC(=O)N1CC[C@@H](C1)N2C3=NC(=NC=C3CN(C2=O)C4=CC=CC=C4Cl)NC5=CC(=C(C=C5)N6CCN(CC6)C)C,8.301029996
CN1C=CN=C1C2C(NC3=CC=CC4=C3C2=NNC4=O)C5=CC=CC=C5,8.628932138
CC1C(=O)N(C2=C(N1C3CC3)C=C(C=C2)NS(=O)(=O)C4=CC=C(C=C4)C)C,6.602059991
CC1=C(NC2=C1C(=NC=N2)NC3=CC=CC(=C3)C(F)(F)F)C,5.721246399
CC(C)C1=CC=CC=C1C2=NC=C(C(=N2)NCC3=CC=C(C=C3)C4=CN=CC=C4)N,6.508638306
CC1=C(C(=O)O[C@H](C1)[C@@H](C)C2=C[C@@H]([C@@]3([C@@]2(CC[C@H]4[C@H]3C[C@@H]5[C@]6([C@@]4(C(=O)C=C[C@@H]6OC(=O)/C=C/C7=CC(=CC=C7)C(F)(F)F)C)O5)C)O)OC(=O)C)C,6.091514981
CCC(C1=NC2=C(C(=O)N1CC3=CC=CC=C3)SC=C2)N(CCCN)C(=O)C4CCCC4,5.374687549
COC1=CC(=CC(=C1OC)OC)C2CN=C(O2)C3=CC4=C(C=C3)N(C=C4)C5CC5,5.537602002
C1CC1C2=CC(=NN2)NC(=O)C(C3=CC=CC=C3)F,7.004364805
COCCNC(=O)C1=C(C=C(C=C1)NC2=NC=C3C=C(C=CC3=N2)C4=CC=NC=C4)F,6.463441557
CCC(C1=NC2=C(C=C(S2)Cl)C(=O)N1CC3=CC=CC=C3)N(CCCN)C(=O)C4=CC=C(C=C4)C,7.070581074
C#CC1=CC(=CC=C1)NC(=O)C2=C(C=CC(=C2)NC(=O)CCCCCC(=O)NO)O,6
C[C@@H]1C(=O)N(C2=C(N1C3CCCC3)C=C(C=C2)C4=NC(=NN4C5=CC=C(C=C5)C)C(=O)N6C7CCC6CN(C7)C)C,8.180456064
CC1(CC(CCO1)(CCNC2=CC(=C(C(=C2)F)OC)F)C3=CC=CC=C3)C,7.508638306
C/C(=N\S(=O)(=O)CC1=CC=CC=C1)/NC2=CC(=C(C=C2)OC3=C4C=C(C(=CC4=NC=C3)OC)OC)F,7.691222226
CNC(=O)C1=CC=CC2=C1C=CC(=C2)OC3=C4C=C(C(=CC4=NC=C3)OC)OC,8.419987887
C1=CC(=CC(=C1)F)C2=C(C=C(N2)C3=CC=NC=C3)C(=O)N,7.638272164
CC1=C(SC=N1)C2=CC=C(C=C2)[C@H](C)NC(=O)[C@@H]3C[C@H](CN3C(=O)[C@H](C(C)(C)C)NC(=O)CCOCCC(=O)N4CCN(CC4)CC[C@H](CSC5=CC=CC=C5)NC6=C(C=C(C=C6)S(=O)(=O)NC(=O)C7=CC=C(C=C7)N8CCN(CC8)CC9=C(CCC(C9)(C)C)C1=CC=C(C=C1)Cl)S(=O)(=O)C(F)(F)F)O,6.48945499
CN(C)CCNC(=O)C1=C2C(=CC(=C1)Br)N=C3C=CC4=C(C3=N2)C=CC=C4OC,7
CN1C=CC2=C1C=CC(=C2)C3=NNC4=C3C=C(C=C4)C5=CC(=C(C(=C5)OC)OC)OC,5.000912977
COC1=CC(=CC(=C1OC)OC)/C=C/2\CCC=CC2=O,6.173925197
C1=CC(=CC(=C1)Cl)NC(=O)NC2=CC=C(C=C2)C3=CC=NC4=NNC(=C34)N,8.823908741
CC1=C(C(=O)O[C@H](C1)[C@@H](C)C2=C[C@@H]([C@@]3([C@@]2(CC[C@H]4[C@H]3C[C@H]([C@@]5([C@@]4(C(=O)C=C[C@@H]5O)C)Cl)O)C)O)OC(=O)C)C,4.698970004
CC(=O)NC1=C(C=CC(=C1)C(=CC#N)C2=CC(=CC(=C2)OC)OC)OC,7.036212173
CC1=CC(=CC=C1)NC(=O)NC2=CC=C(C=C2)C3=C4C(=C(C=C3)OCCN(C)C)NN=C4N,7.13667714
CN1CCN(CC1)CC(=O)NC2=CC=C(C=C2)C3=NC4=CC=CC=C4S3,6.088842391
CC(C)C1=CC=CC=C1C2=NC3=C(CCNC3)C(=N2)NCC4=CC=C(C=C4)C5=CN=CC=C5,6.065501549
C1CCN(CC1)C2=NC(=NC(=C2)C3=CC4=C(C=C3)C(=NN4)N)N,6.599997654
C1=CC2=C(C(=C1)O)NC3=C4C(=C5C(=C23)C(=O)N(C5=O)NCC(=O)O)C6=C(N4C7C(C(C(C(O7)CO)O)O)O)C(=CC=C6)O,5.537602002
C1CC1C(C2=CC=CC=C2)NC(=O)C3=CC4=C(C=C3)NN=C4C5=CC(=CC=C5)N6CCOCC6,6.468521083
CC(C)C1=CC=C(C=C1)C2C(NC3=CC=CC4=C3C2=NNC4=O)C5=CC=C(C=C5)CN(C)C,8.018181393
C1CCN2C(=C(C3=C2C(=NC=N3)N4CCN(CC4)CCC5=CC=CC=C5)C6=NC=CC=N6)C1,6.170696227
COC1=CC2=C(C=CN=C2C=C1OC)OC3=CC4=C(C=C3)C(=CC=C4)C(=O)NC5=CC=C(C=C5)C(F)(F)F,9.299988938
C[C@]12CC[C@H](C1(C)C)CC(=O)N2CC3=CN(N=N3)C4=CC(=CC=C4)Cl,6.585026652
CC(=O)N(C)C1=CC=C(C=C1)NC2=NC=C3C=C(C=CC3=N2)C4=CC=NC=C4,7.244125144
CN1C=C(C2=C1C=C(C=C2)NC3=NC=C(O3)C4=CC=CC=C4CNC(=O)OC5CCOC5)C#N,6.37675071
COC1=C(C=CC(=C1)C2=C3C4=CC(=C(C=C4C=CN3C5=C2C6=CC(=C(C=C6OC5=O)O[C@H]7[C@@H]([C@H]([C@@H]([C@H](O7)CO)O)O)O)OC)O)OC)O,8
C1=CC=C(C=C1)COC(=O)N[C@@H](CCCCCC(=O)NO)C(=O)NCC2=CC=NC=C2,5.364516253
C1=CC=C(C(=C1)CC(=O)[O-])NC2=C(C=CC=C2Cl)Cl.[Na+],6.096910013
COC1=CC2=C(C=CN=C2C=C1OC)OC3=C(C4=C(C=C3)C(=CC=C4)C(=O)NC5=CC=C(C=C5)Cl)F,9.519993057
CN1CCN(CC1)CCCNC2=NC3=NC(=C(C=C3C=N2)C4=C(C=CC=C4Cl)Cl)NC(=O)NC5=CC=C(C=C5)OC,7.13076828
C[C@@H]1CC[C@@H](CN1C2=NC(=NC(=C2)C3=CC4=C(C=C3)C(=NN4)N)NC)C(=O)NC5=CC=CC=C5,8.799970733
CCC(C1=NC2=C(C(=O)N1CC3=CC=CC=C3)SC=C2)N(C4CCNCC4)C(=O)C5=CC=C(C=C5)C,5.970616222
COC1=CC2=C(C=C1)C=C(O2)C(=S)C3=CC(=C(C(=C3)OC)OC)OC,7
C1=CC=NC(=C1)C2=C(C=C(N2)C3=NC(=NC=C3)N)C(=O)N,6.385102784
COC1=C(C=C2C(=C1)C(=NC=N2)OC3=CC4=C(C=C3)C(=CC=C4)C(=O)NC5CC5)OC,8.540004744
CC1(CC(CCO1)(CCNC2=CC=C(C=C2)[N+](=O)[O-])C3=CC=CC=C3)C,6.166215625
C1CC2=C(C(C3=C(N2)NN=C3)C4=CC=C(O4)SC5=NC6=CC=CC=C6N5)C(=O)C1,7.744727495
CN(C)CCNC(=O)C1=C2C(=CC=C1)N=C3C=CC4=C(C3=N2)C=CC=C4OC,7.30980392
C1CCC2=C(C3=C(N2CC1)C(=NC=N3)SCC4=CC=C(C=C4)Cl)C#N,5.408935393
CC1=CC2=C(C=C1)OC(=C2)C(=O)C3=CC(=C(C(=C3)OC)OC)OC,5.602059991
CC1=C(OC2=C1C=CC(=C2)F)C(=O)C3=CC(=C(C(=C3)OC)OC)OC,5.677780705
C1=CC=C(C=C1)COC(=O)N[C@@H](CCCCCC(=O)NO)C(=O)NC2=CC=C(C=C2)C3=CC=CC=C3,6.48148606
C1CNC2=CC3=C(C=C21)C(C(=C(O3)N)C#N)C4=CC(=CC=C4)F,7.462180905
CC(C)SC1=NN=C(N1C2=CC(=CC=C2)F)COC3=CC=CC=C3,5.68613278
COC1=CC(=CC(=C1OC)OC)/C=C/C(=O)C2=CC=C(C=C2)F,5.795880017
COC1=C(C=C(C=C1)/C=C(/C(=O)C2=CC(=C(C(=C2)OC)OC)OC)\OC)O,8.823908741
C[C@H](C1=CC=C(C=C1)NC2=NC3=CC(=C(C=C3C=N2)C4=CC=NC=C4)Cl)NC(=O)C,5.640164518
C1=CC=C2C(=C1)C(=CS2)C3=C(C=C(N3)C4=NC(=NC=C4)N)C(=O)N,7.167491087
C1=CC(=CC(=C1)Br)NC2=NC=NC3=C2C=C(C=C3)NC(=S)NC4=CC(=C(C=C4)F)Cl,7.596879479
COC1=CC(=CC(=C1OC)OC)C2=CC3=C(C=C2)NN=C3C4=CC(=C(C(=C4)OC)OC)OC,5
C[C@]12CC[C@H](C1(C)C)CC(=O)N2CC3=CN(N=N3)C4=CC(=CC=C4)OC,6.065501549
CC(=O)O[C@@H]1C[C@]2([C@@H](CC[C@@H]2O)C3=C1[C@]4([C@H](OC(=O)/C(=C/N5CCN(CC5)C6CCN(CC6)C)/C4=C(C3=O)O)COC)C)C,7.040958608
CC(C1=CN=CC=C1)NC(=O)NC2=CC=C(C=C2)S(=O)(=O)C3=CC=CC=C3,6.031517051
COC1=C(C=C2C(=C1)N=CN=C2NC3=CC(=C(C=C3)F)Cl)OCCCN4CCOCC4,8.096910013
CS(=O)(=O)N1CCN(CC1)CC2=CN3C(=C2)C(=NC(=N3)C4=CN=C(C=C4C(F)(F)F)N)N5CCOCC5,7.256490235
CN(CCCNC(=O)C1=C2C(=CC=C1)N=C3C=CC=C(C3=N2)OC)CCCNC(=O)C4=C5C(=CC=C4)N=C6C=CC=C(C6=N5)OC,6.088842391
CC(C1=CC=C(C=C1)NC2=NC=C3C=C(C=CC3=N2)C4=CC=NC=C4)NC(=O)CCOC,7.397940009
C1COC2=C(O1)C=CC(=C2)C(=O)/C=C/C3=CC4=C(C=C3)OCO4,5.096910013
C1COCCN1CCNCCC(=O)NC2=C3C4=CC=CC=C4SC3=C(C=C2)C5=CC=CC6=C5OC(=CC6=O)N7CCOCC7,8.22184875
C[N+]1(CCCCC1CO)CCC(=O)NC2=CC3=C(C=C2)C(=O)C4=C(C3=O)C=CC(=C4)NC(=O)CC[N+]5(CCCCC5CO)C.[I-].[I-],5.903089987
CCN1CCN(CC1)C(=O)C2=NN(C(=N2)C3=CC4=C(C=C3)N(C(=O)[C@H](N4C5CCCC5)C)C)C6=CC=C(C=C6)C,8.236572006
CC1=CC2=C(NC(=CC2=O)C3=CC=CC4=CC=CC=C43)N=C1,6.259637311
C1=CC=C(C=C1)N2C(=O)C3=CC4=C(C=C(C=C4)C#N)N(C3=NC2=O)C5=CC=C(C=C5)O,7.48148606
CC1(CC1)NC(=O)C2=CC=CC3=C2C=CC(=C3)OC4=C5C=C(C(=CC5=NC=C4)OC)OC,7.819874125
C[C@@H](C(=O)NC(CC1=CC=C(C=C1)N=C(N)N)P(=O)(OC2=CC=CC=C2)OC3=CC=CC=C3)NC(=O)[C@@H](CO)NC(=O)C4=CC=CC=C4,8.301029996
C1CN(CCN1CCC(=O)NC2=C3C4=CC=CC=C4SC3=C(C=C2)C5=CC=CC6=C5OC(=CC6=O)N7CCOCC7)CCOCCO,7.537602002
CC(C)C1=C(C(=C2C(=C1)CC[C@@H]3[C@@]2(CCCC3(C)C)C(=O)NCCN(C)C)O)O,5.920818754
C[C@](CO)(C1=CC2=C(C=C1)[C@@](N(C2=O)CC3=CC=C(C=C3)Cl)(C4=CC=C(C=C4)Cl)OCC5(CC5)CO)O,8.327902142
COC1=CC=CC=C1NC(=O)CCC(=O)OCCCCCCSC2=CC=C(C3=NON=C23)[N+](=O)[O-],5.793174124
CN1C(=NC=N1)C2C(NC3=CC(=CC4=C3C2=NNC4=O)F)C5=CC=C(C=C5)F,8.669586227
CN1C=NC=C1C(C2=CC=C(C=C2)C#N)OCC3=C(C=C(C=C3)C#N)C#CC4=CC=CC=N4,8.537602002
CC1=C(C=CC=C1C2=CC=CC=C2)COC3=CC4=C(C=C3)C=C(C=C4)CNCCNC(=O)C,5
CC(C)N1C=NC2=C(N=CN=C21)NCC3=CC=CC=C3,5.443697499
COC1=CC2=C(C=CN=C2C=C1OC)OC3=CC4=C(C=C3)C(=CC=C4)C(=O)NC5=CC=CC=N5,9.100015437
CC(C)N1CCC(CC1)C2=NC3=C4N2CCNC(=O)C4=CN=C3,7.036212173
CC(C)(C)NC(=O)NC1=C(C=C2C=NC(=NC2=N1)N)C3=CC(=CC(=C3)OC)OC,7.318758763
CC1(CCC(=C(C1)CN2CCN(CC2)C3=CC=C(C=C3)C(=O)NS(=O)(=O)C4=CC(=C(C=C4)N[C@H](CCN(C)CCCCCCCN5C=C(N=N5)COCCOCCNC6=CC=CC7=C6C(=O)N(C7=O)[C@@H]8CCC(=O)NC8=O)CSC9=CC=CC=C9)S(=O)(=O)C(F)(F)F)C1=CC=C(C=C1)Cl)C,7.534617149
CN1CCN(CC1)CCCNC2=NC3=NC(=C(C=C3C=N2)C4=C(C=CC=C4Cl)Cl)NC(=O)NC5=CC(=C(C=C5)Cl)Cl,6.22184875
CC1=C(SC=N1)C2=CC=C(C=C2)[C@H](C)NC(=O)[C@@H]3C[C@H](CN3C(=O)[C@H](C(C)(C)C)NC(=O)CCCCCN(C)CC[C@H](CSC4=CC=CC=C4)NC5=C(C=C(C=C5)S(=O)(=O)NC(=O)C6=CC=C(C=C6)N7CCN(CC7)CC8=C(CCC(C8)(C)C)C9=CC=C(C=C9)Cl)S(=O)(=O)C(F)(F)F)O,6.337242168
C1=CC(=CC(=C1)O)NC(=O)NC2=CC=C(C=C2)C3=C4C(=CC=C3)NN=C4N,7.585026652
CC(C)OC1=CC=CC2=C1C=CC3=NC4=CC=CC(=C4N=C23)C(=O)NCCN(C)C,6.058488567
C1=CC2=C(C=C1F)C(=C(N2)C3=C(NC4=C3C=C(C=C4)Cl)O)N=O,8.096367484
CC1C(=O)N(C2=C(N1C3CC3)C=C(C=C2)C4=NN=NN4C5=CC=C(C=C5)C)C,7.841637508
CN(C)C/C=C/C(=O)N1CCC(CC1)N2C3=NC(=NC=C3CN(C2=O)C4=C(C(=CC(=C4Cl)OC)OC)Cl)NC5=CC(=C(C=C5)F)F,8.338187314
CN1C(=NC=N1)[C@H]2[C@@H](NC3=CC=CC4=C3C2=NNC4=O)C5=CC=C(C=C5)F,7.161780778
COC1=C(C(=CC(=C1)C2=CN=CC3=CC(=NN32)C4=CNC5=CC=CC=C54)[Se]C)OC,6.179142011
CN(C)CCNC(=O)C1=C2C(=CC=C1)N=C3C=CC4=C(C3=N2)C=CC=C4NS(=O)(=O)C,5.302160632
CC1(CC(CCO1)(CCNC2=C(C=CC(=C2)Cl)F)C3=CC=CC=C3)C,7.494850022
C1=CC=C(C(=C1)C2=NC3=CC=CC=C3C(=N2)NCC4=CC=C(C=C4)C5=CN=CC=C5)C(F)(F)F,5.958607315
COC1=CC=CC=C1CC(=O)NCCCN2C(=O)C3=C(C=CC(=C3)F)N4C2=NNC4=S,5.93930216
CC(C)C1=NC(=NC(=C1)C2=CC3=C(C=C2)C(=NN3)N)N,6.599997654
COC1=CC=CC=C1NC2=C3C=CN=CC3=C4C=CC=C(C4=N2)C5=NC=NN5,7.036212173
CC1=NC2=C(C=C(C=C2Br)Br)C(=O)N1CC(=O)N3C(=CC(=O)N3)N,6
COC1=CC(=C(C=C1)OC)/C=C/C(=O)C2=C(C=C(C=C2)OC)Cl,5.397940009
C1=CC2=C3C=NC=CC3=C(N=C2C(=C1)C4=NC=NN4)NC5=C(C=CC=C5F)F,9
COC1=CC=CC(=C1)[C@@H]2CC(=O)C3=CC4=C(C=C3N2)OCO4,6.160000609
C1=CC=C(C=C1)CCN2C(=O)C3=C(C(=CC=C3)F)N4C2=NNC4=S,5.588380294
C1=CC2=C(C=C1[N+](=O)[O-])C(=C(N2)O)C3=C(C4=C(N3)C=CC(=C4)O)N=O,8.718966633
C1CN(CCN1CC(=O)NC2=C3C4=CC=CC=C4SC3=C(C=C2)C5=CC=CC6=C5OC(=CC6=O)N7CCOCC7)C8=CC=C(C=C8)F,7.823908741
CN(C1=C(C=C(C=C1)NC(=O)C2=CC3=CC=CC=C3C=C2)OCC4=C(C=CC(=C4)OC)OC)S(=O)(=O)C,7.779630368
C1CCC(C1)NC2=NC(=NC(=C2)C3=CC4=C(C=C3)C(=NN4)N)N,7.299988938
C1COCCC12N=C(N=C(N2OCCCOC3=C(C(=CC=C3)Cl)Cl)N)N.Br,8.301029996
CC1=CC=CC=C1NC(=O)CCC(=O)OCCCCCCSC2=CC=C(C3=NON=C23)[N+](=O)[O-],5.850780887
C[C@@H](C1=CC=C(C=C1)N2CCCC2=O)C(=O)NC3=NNC(=C3)C4CC4,7.431798276
C1CCC(=O)NC2=CC=CC(=C2)NC3=NC4=C(C1)C=NN4C(=N3)NC5CC5,6.537602002
C1COCCC12N=C(N=C(N2OCCCOC3=CC=CC=C3Cl)N)N.Br,7.15490196
CN1C2=NC(=NC=C2C=C(C1=O)C3=C(C=CC=C3Cl)Cl)N,5.251811973
CCCCC[C@H](CC(=O)NO)C(=O)N[C@@H](C(C)C)C(=O)N1CCC[C@H]1CO,7.500312917
C[C@@H]1CC[C@@H](CN1C2=NC(=NC(=C2)C3=CC4=C(C=C3)C(=NN4)N)N)C(=O)NC5=CC=CC=C5,8.500038134
CN1C=NC=C1C(C2=CC=C(C=C2)C#N)OCC3=C(C=C(C=C3)C#N)C4=CC=CC=C4,8.886056648
COC1=C2C=C(C=N1)C3=CN4C(=NC=C4C5=CN=CC(=C5)CNC(=O)C6=CC(=CC=C6)S(=O)(=O)N2)C=C3,9.096910013
COCCCNC(=O)C1=CC=CC2=C1C=CC(=C2)OC3=C4C=C(C(=CC4=NC=C3)OC)OC,8.379968105
CCOCCOC1=C(C=C2C(=C1)N=CN=C2NC3=CC(=C(C=C3)OCC4=CC(=CC=C4)F)Cl)NC(=O)/C=C/CN(C)C,7.303993285
CCCCN1C=NC2=C(N=C(N=C21)NCOCC3=CC=C(C=C3)C(=O)NC4=CC=CC=C4N)NC5=CC(=CC=C5)Cl,5.166215625
CCOC1=C(C=CC(=C1)C(=CC#N)C2=CC(=C(C=C2)OC)OCC)OC,6.356547324
CN1C=NC=C1CN(CCN(CC2=CC=CC=C2)S(=O)(=O)C3=CC=CC4=C3N=CC=C4)C5=CC=C(C=C5)C#N,7.522878745
CC1=C(C=CC(=C1)OCC2=NN=C(N2C3=CN=CC=C3)SC4CCCC4)C5=CC=C(C=C5)C#N,7.148741651
C[C@H]1C(=O)N(C2=C(N1C)C=C(C=C2)NS(=O)(=O)C3=CC=CC=C3Cl)C,5.815308569
CC1=CC=C(C=C1)NCC(=O)NC2=CC=C(C=C2)C3=NC4=CC=CC=C4S3,5.522878745
CC(C)C1=C(C(=C2C(=C1)CC[C@@H]3[C@@]2(CCCC3(C)C)C(=O)NC)O)O,5.568636236
CCC(C1=NC2=C(C(=O)N1CC3=CC=CC=C3)SC=C2)N(CCCN)C(=O)C4=CC=CC=C4Cl,6.214670165
CC1=C(C=CC(=C1)OC)/C=C/2\CCC=CC2=O,5.970616222
CC1=CC=C(C=C1)C(=O)N[C@H](CO)C(=O)N[C@@H](C)C(=O)NC(CC2=CC=C(C=C2)N=C(N)N)P(=O)(OC3=CC=CC=C3)OC4=CC=CC=C4,8.15490196
CCOC(=O)C1=C2C(=CN1)C(C3=C(N2)CNCC3=O)C4=CC=C(O4)SC5=NC6=CC=CC=C6N5.O.Cl,8.522878745
CC1=CC=C(C2=NC3=CC=CC=C3C=C12)C(=O)NCCCN(C)CCCNC(=O)C4=CC=C(C5=CC6=CC=CC=C6N=C45)C,7.387216143
COC(=O)C1=C2CCCCN2C3=C1N=CN=C3N4CCN(CC4)CCC5=CC=CC=C5,6.040958608
C1CNCCC1CC(=O)NCCCN2C(=O)C3=C(C=CC(=C3)F)N4C2=NNC4=S,5.402304814
COC1=CC(=CC(=C1OC)OC)C(=O)C2=NN(N=C2N3CCNCC3)C4=CC=CC=C4,5.906578315
CC(C)C1=C(C=C(N1)C2=CC=NC=C2)C(=O)N,6.334419009
CC1=C(SC=C1)C2=CC(=O)C3=C(N2)N=CC(=C3)C,5.420000453
COC1=CC=CC=C1C2=CSC3=CN=C(N=C32)NC4=CC=C(C=C4)C(=O)NC5CCNCC5,7.411168274
C1COCCN1CCNC2=NC(=CC(=N2)N3CCOCC3)C4=CN=C(C=C4C(F)(F)F)N,6.245651664
COC1=C(C=CC(=C1)C2=C3C4=CC(=C(C=C4C=CN3C5=C2C6=CC(=C(C=C6OC5=O)O)OC)O)OC)O[C@H]7[C@@H]([C@H]([C@@H]([C@H](O7)CO)O)O)O,4.581102378
C1=CC=C(C=C1)NC2=NC(=NC(=C2)C3=CC4=C(C=C3)C(=NN4)N)N,7.7000571
CC1=CC=C(C=C1)CCCN2CC=C(C2=O)CCC(=O)NO,6.37675071
C1=CC=C2C(=C1)C(=C(N2)O)/C=C/3\C=CC4=C(N=NC4=C3)C5=CN=CC=C5,7.537602002
C1=CC=C(C=C1)C2=C(C=C(N2)C3=CC=NC=C3)C(=O)N,8.045757491
C1=CC(=CC(=C1)Cl)NC2=C3C=CN=CC3=C4C=CC=C(C4=N2)C5=NC=NN5,7.744727495
CC(=O)NC1=C(C=CC(=C1)/C=C/C(=O)C2=C3C(=C(C=C2)OC)C=CC(O3)(C)C)OC,6.244125144
COC1=CC(=CC(=C1OC)OC)C2=CC3=C(C=C2)NN=C3C4=CC(=CC=C4)/C(=N\O)/N,5
COC1=CC(=CC(=C1OC)OC)C(=O)C2=C(NC3=C2C=CC(=C3)Cl)C4=CC=CC=C4,7.455931956
CC(C)OC1=NC2=CC=CC=C2C(=C1)C(=O)N3CCC4(CC3)CC(=O)C5=NN(C=C5O4)C(C)(C)C,7.698970004
CC1=C(NC2=C1C(=NC=N2)NCC3=CC=CC=C3)C,5.966576245
C1CCC(C1)C[C@H](CC(=O)NO)C(=O)N2CC3(CC3)C[C@H]2C4=NC(=NO4)C5=C(C=C(C=C5)C(F)(F)F)F,8.314258261
CC(C)(C1=CC2=C(C(=C1)F)[C@@](N(C2=O)CC3=C(C=C(C=C3)Cl)P(=O)(C)C)(C4=CC=C(C=C4)Cl)OCC5(CC5)CO)O,8.602059991
CC1=C(C(=O)O[C@H](C1)[C@@H](C)C2=C[C@@H]([C@@]3([C@@]2(CC[C@H]4[C@H]3C[C@@H]5[C@]6([C@@]4(C(=O)C=C[C@@H]6OC(=O)N7CCCC7)C)O5)C)O)OC(=O)C)C,5.950781977
COC1=CC2=C(C=C1)NC(=C2N=O)C3=C(NC4=C3C=C(C=C4)F)O,5.385102784
COC1=C(C=C(C=C1)/C=C/C(=O)C2=C(C(=C(C=C2)OC)OC)OC)O,8
CC(=CCC[C@]\1(C/C=C(\C(=O)/C=C/[C@@]([C@@H](/C=C1)OC(=O)C=C(C)C)(C)O)/C(=O)N(C)C)C)C,5.476253533
CC(C)(C)OC(=O)CC[C@@H](C(=O)NCCOCCOCCOCCOCCC(=O)NCCCN1C(=O)C2=C(C=CC(=C2)F)N3C1=NNC3=S)N,5.026872146
CN(CCCNC(=O)C1=C2C(=CC=C1)N=C3C=CC(=CC3=N2)OC)CCCNC(=O)C4=C5C(=CC=C4)N=C6C=CC(=CC6=N5)OC,7.124938737
CCCC(=O)NC1=CN(C(=N1)C(=O)NC2=CN(C(=N2)C(=O)NCCOC3=CC4=CC5=C(C6=CC7=C(COC(=O)C7(CC)O)C(=O)N6C5)N=C4C=C3)COC)COC,5.511449283
CCN1/C(=C/C2=[N+](C=CS2)CC3=CC(=NC=C3)Cl)/S/C(=C/4\N(C5=C(S4)C=C(C=C5)Cl)C)/C1=O.[Cl-],5.142667504
CS(=O)(=O)NC1=CC(=CC=C1)N2C3=C(C=CC(=C3)C#N)C=C4C2=NC(=O)N(C4=O)C5=CC=C(C=C5)Cl,8.214670165
CC(=O)N1CCN(CC1)C2=NN(N=C2C(=O)C3=CC(=C(C(=C3)OC)OC)OC)C4=CC=C(C=C4)OC,5.93930216
COC1=CC(=CC(=C1OC)OC)C(=O)C2=CN(C=C2)C3=CC=CC(=C3)NS(=O)(=O)C,7.22184875
CN1C=C(C2=C1C=C(C=C2)NC3=NC=C(O3)C4=CC=C(C=C4)CN)C#N,5.552841969
COCC/C(=N\S(=O)(=O)CC1=CC=CC=C1F)/NC2=CC(=C(C=C2)OC3=C4C=C(C(=CC4=NC=C3)OC)OC)F,7.876801925
C1=CC=C(C=C1)N2C=C(N=N2)C3=CC(=CC=C3)NC(=O)CCCCCCC(=O)NO,7.194499142
COC1=CC=C(C=C1)C[C@@H](C(=O)OC)NC(=O)CCCCCCC(=O)NO,6.096910013
CC1=C(C=C(C=C1)C(=O)NC2=CC(=CC=C2)N3C=C(N=C3)C)C#CC4=CN5C(=CC=N5)N=C4,6.412850502
CC(=CCC[C@]\1(C/C=C(\C(=O)/C=C/C(=C)[C@@H](/C=C1)OC(=O)C=C(C)C)/CO)C)C,5.55129368
C1=CC2=C(C(=C1)O)NC3=C4C(=C5C(=C23)C(=O)N(C5=O)NC6=CC=C(C=C6)C(=O)O)C7=C(N4C8C(C(C(C(O8)CO)O)O)O)C(=CC=C7)O,5.187086643
CC1=C(C=C(C=C1)C(F)(F)F)COC2=C(C=CC(=C2)NC(=O)C3=CC=C(C=C3)I)N(C)S(=O)(=O)C,5.455931956
CC1=CC=C(C=C1)[C@@H]2[C@H](O2)C(=O)C3=CC(=C(C(=C3)OC)OC)OC,5.468521083
CN1CCN(CC1)CC(=O)NCCCN2C(=O)C3=C(C=CC(=C3)F)N4C2=NNC4=S,5.331614083
C1CCC2=C(C1)C(=O)NC(=N2)N3CCC4(CC3)C5=C(C=C(C=C5Cl)Cl)NC4=O,8.148741651
C1=CC=C2C(=C1)C(=C(N2)O)/C=C/3\C=CC4=C(N=NC4=C3)C5=CC=CN5,7.193820026
C[C@]12CC[C@H]3[C@@]4(C=CC(=O)C(=C)[C@H]4CC[C@@]3(C1)[C@@H](C2=O)CN(C)C)C,6.096910013
COC1=CC(=CC(=C1OC)OC)C(=O)C2=CN(C=C2)C3=CC(=CC=C3)O,6.397940009
COC1=C(C=C(C=C1)/C=C/C(C2=CC(=C(C(=C2)OC)OC)OC)O)O,6.301029996
CN1C2=NC(=NC=C2C=C(C1=O)C3=C(C=CC=C3Cl)Cl)NC4=CC(=CC=C4)OC,7.522878745
C1=CC=C(C=C1)CNC(=O)NC2=CC3=C(C=C2)N=CN=C3NC4=CC(=CC=C4)Br,8.050609993
COCCN(CCOC)CC(=O)NC1=C2C3=CC=CC=C3SC2=C(C=C1)C4=CC=CC5=C4OC(=CC5=O)N6CCOCC6,7.744727495
CCC(=O)N1CC[C@@H](C1)N2C3=NC(=NC=C3CN(C2=O)C4=C(C=CC(=C4)OC)F)NC5=CC(=C(C=C5)N6CCN(CC6)C(=O)C)C,7.586700236
CN(C)C/C=C/C(=O)N1CCC(CC1)N2C3=NC(=NC=C3CN(C2=O)C4=C(C(=CC(=C4Cl)OC)OC)Cl)NC5=CC(=C(C=C5)F)OC,8.642065153
CC1=CC(=C(C=C1)F)NC(=O)NC2=CC=C(C=C2)C3=C4C(=CC=C3)N(N=C4N)CCOC,6.318758763
CC(C)(C)C1=CC=C(C=C1)OCCCON2C(=NC(=NC23CCSCC3)N)N.Cl,9
C[C@@](CN(C)C)(C1=CC2=C(C=C1)[C@@](N(C2=O)CC3=CC=C(C=C3)Cl)(C4=CC=C(C=C4)Cl)OCC5(CC5)CO)O,8.236572006
CN(CCCNC(=O)C1=CC=CC2=CC3=C(C(=CC=C3)OC)N=C21)CCCNC(=O)C4=CC=CC5=CC6=C(C(=CC=C6)OC)N=C54,6.462180905
CN1C(=CC=N1)C2C(NC3=CC(=CC4=C3C2=NNC4=O)F)C5=CC=C(C=C5)F,8.735182177
CN(C)C1=CC=CC(=C1)N2C=CC(=C2)C(=O)C3=CC(=C(C(=C3)OC)OC)OC,6
C1COCCN1CCCNCC(=O)NC2=C3C4=CC=CC=C4SC3=C(C=C2)C5=CC=CC6=C5OC(=CC6=O)N7CCOCC7,7.886056648
CC(=O)N1CCN(CC1)C2=NN(N=C2C(=O)C3=CC(=C(C(=C3)OC)OC)OC)C4=CC=C(C=C4)Br,6.064996849
CC1C(=O)N(C2=C(N1C3CC3)C=C(C=C2)NC(=O)C4=CC=C(C=C4)C)C,6.619788758
CN(C1=C(C=C(C=C1)NC(=O)C2=CC=C(C=C2)Br)OCC3=C(C=CC(=C3)Cl)Cl)S(=O)(=O)C,5.640164518
CC(C)C1=CC2=C(C(=O)C1=O)[C@@]34CCCC([C@@H]3CC2OC4=O)(C)C,6.325138859
CC1=NC2=C(C=C1)C(=O)C=C(N2)C3=CC(=CC=C3)OC,6.119998612
C1=CC=C2C(=C1)C=CC=C2C3=C(C=C(N3)C4=NC(=NC=C4)N)C(=O)N,6.488116639
CCN(CC)CCCNC1=NC2=NC(=C(C=C2C=N1)C3=C(C=CC=C3C)C)NC(=O)NC(C)(C)C,6.468521083
CC1=CC(=CC=C1)NC(=O)NC2=CC=C(C=C2)C3=C4C(=C(C=C3)OCCN5CCCC5=O)NN=C4N,7.823908741
COC1=CC(=CC(=C1OC)OC)C(=O)C2=CN(C=C2)C3=CC(=CC=C3)Cl,6.22184875
COC1=CC(=CC(=C1OC)OC)C(=O)C2=C(NC3=C2C=C(C=C3)Cl)C4=CC=CC=C4,6.48148606
COC1=C(C=CC(=C1)NS(=O)(=O)C)NC2=C3C=CC=CC3=NC4=CC=CC=C42,7.431798276
CC1=C(N=NN1C2=CC=C(C=C2)S(=O)(=O)N)/C(=N/NC(=O)N)/C,6.37675071
CN(C)C/C=C/C(=O)N1CCC(CC1)N2C3=NC(=NC=C3CN(C2=O)C4=C(C(=CC(=C4Cl)OC)OC)Cl)NC5=CC=C(C=C5)OC,9.552841969
C1CN(CCN1)CCC(=O)NC2=C3C4=CC=CC=C4SC3=C(C=C2)C5=CC=CC6=C5OC(=CC6=O)N7CCOCC7,7.431798276
CC(=O)N[C@H]1CCC2=CC(=C(C(=C2C3=CC=C(C(=O)C=C13)SC)OC)OC)OC,6.190002845
CC1=C(C(=O)C2=CC=CC=C2N1C)C(=O)NC3=CC(=C(C=C3)OC4=NC=NC5=C4C(=CN5)C6=CC=CC=C6)F,5
CC1=CC=C(C=C1)CC2=CN(C3=C2C=C(C=C3)C4=C(ON=C4C)C)CCCCCC(=O)NO,6.536107011
CN(C)C1=NC(=NC(=C1)C2=CC3=C(C=C2)C(=NN3)N)N,6.299997603
C1=CC(=CC(=C1)Cl)COC2=CC=C(C=C2)N3C4=C(C=CC(=C4)C#N)C=C5C3=NC(=O)NC5=O,6.004364805
CN(C1=C(C=C(C=C1)NC(=O)C2=CC=C(C=C2)Br)OCC3=C(C=CC(=C3)OC)OC)S(=O)(=O)C(F)(F)F,6.327902142
C1CCC(C1)C[C@H](CC(=O)NO)C(=O)N2CC3(CC3)C[C@H]2C4=NC(=NO4)C5=C(C=C(C=C5)F)C(F)(F)F,8.386158178
C1C/C(=C\C2=CC3=CC=CC=C3N=C2)/C(=O)C=C1,6.193820026
CC1=C(C(=O)O[C@H](C1)[C@@H](C)C2=C[C@@H]([C@@]3([C@@]2(CC[C@H]4[C@H]3C[C@@H]5[C@]6([C@@]4(C(=O)C=C[C@@H]6OC(=O)C(C)NC(=O)OC(C)(C)C)C)O5)C)O)OC(=O)C)C,5.747146969
C[C@@H](C(=O)N[C@@H](CC1=CC=C(C=C1)OC)C(=O)N[C@@H](CC(C)C)C(=O)C(=O)NC2=CC=CC=C2)NC(=O)OCC3=CC=CC=C3,5.988852639
CCOC(=O)C1=CC=C(C=C1)NCCC2(CCOC(C2)(C)C)C3=CC=CC=C3,5.540607512
CC(=O)N1CCN(CC1)CC2=CC3=C(C=C2)OC(=CC3=O)C4=CC=CC(=C4)C5=CC=CC=C5,5
C1=CC=C(C=C1)CNC(=O)C(CCCCCC(=O)NO)NC(=O)C2=CN=CC=C2,5.022276395
C1CSCCC12N=C(N=C(N2OCCCOC3=CC(=C(C=C3Cl)Cl)Cl)N)N.Cl,9
CCC(=O)N1CC[C@@H](C1)N2C3=NC(=NC=C3CN(C2=O)C4=C(C=CC(=C4)OC)F)NC5=CC(=C(C=C5)N6CCN(CC6)C)F,7.76700389
CC(C)(C)NCC1=CC=C(C=C1)C2=NC3=C4N2CCNC(=O)C4=CN=C3,7.124938737
CN(C)/C=C/C1=NC2=C(C=C(C=C2Br)Br)C(=O)N1,6.236572006
COC1=CC(=CC(=C1OC)OC)C(=O)C2=C(NC3=C2C=CC=C3Br)C4=CC=CC=C4,8.397940009
CN(C1=CC(=C(C=C1)OC)O)C2=CC(=O)OC3=C2C=CC(=C3)OC,6.170181813
CC1=C(C(=O)C2=C(N1C)C=C(C=C2)Cl)C(=O)NC3=CC(=C(C=C3)OC4=NC=NC5=C4C(=CN5)C6=CC=CC=C6)F,5
C1COCCN1C2=CC(=O)C3=C(O2)C(=CC=C3)C4=C5C(=C(C=C4)NC(=O)CCN)C6=CC=CC=C6S5,8.096910013
C1CCC(CC1)C2=CC=C(C=C2)NC(=O)C3=CC(=NC4=C3C=CC(=C4)OCC(=O)O)C5=CC=CC=C5,4
C1COCCC12N=C(N=C(N2OCCCOC3=CC=C(C=C3)F)N)N.Br,5.484126156
CCCCC1=CC=C(C=C1)OCC(=O)N(CC(=O)NC2=CN=NC=C2)C(C)C,7.30980392
CN1C=C(N=C1)S(=O)(=O)N(CCN(CC2=CN=CN2C)C3=CC=C(C=C3)C#N)CC4CC4,6.229147988
CN\1C2=C(C=C(C=C2)Cl)S/C1=C/3\C(=O)N(/C(=C/C4=[N+](C=CS4)CC5=CC=CC=C5)/S3)CCC(=O)OC.[Cl-],6.619788758
CC1=C(C=CC=C1C2=CC=CC=C2)COC3=C(C=C(C(=C3)OCC4=CC(=CC=C4)C#N)CN5CC(C5)C(=O)O)Cl,7.505845406
CN(CCCNC(=O)C1=CC=CC2=CC3=C(C=CC(=C3)F)N=C21)CCCNC(=O)C4=CC=CC5=CC6=C(C=CC(=C6)F)N=C54,7.017728767
CCN1/C(=C/C2=[N+](C=CS2)CC3=CC=C(C=C3)Cl)/S/C(=C/4\N(C5=C(S4)C=C(C=C5)Cl)C)/C1=O.[Cl-],6.387216143
CC(C)(C)N1C=C2C(=N1)C(=O)CC3(O2)CCN(CC3)C(=O)C4=CC(=NC5=CC=CC=C54)Cl,7.698970004
C[C@]12C[C@H](C3=C([C@@H]1CC[C@@H]2O)C(=O)C(=C\4[C@@]3([C@H](OC(=O)/C4=C/N(C)CCCN(C)C)COC)C)O)O,6.195179321
COC1=CC=C(C=C1)/C=C/C(=O)C2=C(C=C(C=C2)OC)OC,5.568636236
COC1=CC2=C(C=C1)C(=CC(=N2)C3=CC=CC=C3)C(=O)NC4=CC=C(C=C4)C5=CC6=C(C=C5)NC=C6,4
CC(C)NC(=NC(C)C)NC1=C(C=C2C=NC(=NC2=N1)NCCCN3CCN(CC3)C)C4=C(C=CC=C4Cl)Cl,5.602059991
CN1C2=C(C(N=C(C3=C2C=CC(=C3)OC)C4=CC=C(C=C4)Cl)CC(=O)N5CCCCC5)SC1=O,6.366531544
CC1=CC=C(C=C1)C2=CC3=C(C=C2)NN=C3C4=CC(=C(C(=C4)OC)OC)OC,6.576754126
CCC(C1=NC2=C(C(=O)N1CC3=CN=CC=C3)SC=C2)N(CCCN)C(=O)C4=CC=C(C=C4)C,5.420216403
CC1(CCC(=C(C1)CN2CCN(CC2)C3=CC=C(C=C3)C(=O)NS(=O)(=O)C4=CC(=C(C=C4)N[C@H](CCN5CCN(CC5)CCOCCOCCNC6=CC=CC7=C6C(=O)N(C7=O)[C@@H]8CCC(=O)NC8=O)CSC9=CC=CC=C9)S(=O)(=O)C(F)(F)F)C1=CC=C(C=C1)Cl)C,7.382999659
CC1=CC2=C(NC(=CC2=O)C3=CC=C(C=C3)Cl)N=C1,5.700000504
CC(=O)N1CCN(CC1)C2=NN(N=C2C(=O)C3=CC(=C(C(=C3)OC)OC)OC)C4=CC=CC=C4,7.075720714
C/C(=C\C1=CC(=C(C=C1)OC)O)/C(C2=CC(=C(C(=C2)OC)OC)OC)O,7.045757491
CCC1(C2=C(COC1=O)C(=O)N3CC4=C(C3=C2)N=C5C=CC(=CC5=C4)OCC(=O)ONC6=CN(C(=C6)C(=O)OCC)COC)O,7.30980392
C1CC(C1)CSC2=NN=C(N2C3=CC=CC=C3)COC4=CC=CC=C4,5.93930216
C1=CC=C(C=C1)CN2C=C(N=N2)C3=CC(=CC=C3)NC(=O)CCCCCCC(=O)NO,7.366531544
CC(C)OCCOC1=C(C=C2C(=C1)N=CN=C2NC3=CC(=C(C=C3)F)Cl)NC(=O)/C=C/CN(C)C,7.379551615
[2H]C([2H])([2H])C([2H])(C1=CC=CC=C1C2=NC=C(C(=N2)NC(C)(C)C3=CC=C(C=C3)N4C=CN=N4)C)C([2H])([2H])[2H],6.119186408
COC1=C2C=C(C=N1)C3=CC4=C(C=C3)N=CN=C4C5=CN=CC(=C5)CNC(=O)C6=CC(=CC=C6)S(=O)(=O)N2,8.886056648
CN1CCCN(CC1)CCC(=O)NC2=C3C4=CC=CC=C4SC3=C(C=C2)C5=CC=CC6=C5OC(=CC6=O)N7CCOCC7,7.387216143
CCCCCC(=O)OC1=C(C=CC(=C1)N(C)C2=CC(=O)OC3=CC=CC=C32)OC,7.399027104
CC1=CN2C=C(C=CC2=C1)C3=NCC(O3)C4=CC(=C(C(=C4)OC)OC)OC,6.283996656
COC1=CC=CC(=C1)NC2=NC=NC3=C2C4=C(N3)CCCC4,6.065501549
COC1=CC(=CC(=C1OC)OC)C(=O)C2=C(NC3=C2C=CC(=C3Cl)Cl)C4=CC=CC=C4,7.823908741
C1CC1[C@@H](C2=CC=CC=C2F)NC(=O)C3=CC4=C(C=C3)NN=C4C5=CC=C(C=C5)N6C7CCC6COC7,8.356547324
CC1=CC=C(C=C1)NC(=O)NC2=CC=C(C=C2)C3=CC=NC4=NNC(=C34)N,7.795880017
C1=CC2=C(C(=C1)F)N3C(=S)NN=C3N(C2=O)CCCN,5.294992041
CN(C1=C(C=C(C=C1)NC(=O)C2=CC=C(C=C2)Br)OCC3=C(C=CC(=C3)OC)OC)S(=O)(=O)C,8.454692884
CC1=C(C=NN1C2=C(C=C(C=C2)F)F)C(=O)NC3=NC4=CC=CC=C4C=C3,7.795880017
CCN1CC2=C(C(C3=CNC(=C3N2)C(=O)OCC)C4=CC=C(O4)SC5=NC6=CC=CC=C6N5)C(=O)C1,8.096910013
C1CN(CC2=C1C(=NC(=N2)C3=CN=C(C=C3C(F)(F)F)N)N4CCOCC4)C(=O)C5=C(C=CC(=C5)CC6=NNC(=O)C7=CC=CC=C76)F,8.219970873
CC1=C(N=NN1C2=CC=C(C=C2)F)C3=NN(C=C3/C=N/O)C4=CC=CC=C4,7.301029996
CCC(C1=NC2=C(C(=O)N1CC3=CC=CC=C3)SC=C2)N(CCCN)C(=O)C4=CN=C(C=C4)C,6.008773924
CCCCC/C(=N\S(=O)(=O)CC1=CC=CC=C1)/NC2=CC(=C(C=C2)OC3=NC=NC4=CC(=C(C=C43)OC)OC)F,7.127377621
COC1=C(C=CC(=C1)C2=C3C4=CC(=C(C=C4C=CN3C5=C2C6=CC(=C(C=C6OC5=O)O)OC)O)OC)O,7.602059991
C1=CC=C(C=C1)CN2C=C(N=N2)C3=CC=C(C=C3)NC(=O)CCCCCCC(=O)NO,6.168130226
COC1=C(C(=CC(=C1)C2C3=CC4=C(C=C3OC(=C2C#N)N)OCCO4)Br)OC,7.413412695
C1CN(CC2=C1C(=NC(=N2)C3=CN=C(N=C3)N)N4CCOCC4)C(=O)C5=C(C=CC(=C5)CC6=NNC(=O)C7=CC=CC=C76)F,8.590066877
CC1=C(C=C(C=C1)C(=O)NC2=CC=CC=C2OC)C#CC3=CN4C(=CC=N4)N=C3,6.327902142
CCNC1=NC(=C(S1)C2=NC(=NC=C2)NC3=CC(=C(C(=C3)OC)OC)OC)C,6.410050399
COC1=CC=CC(=C1)C2=CC(=O)C3=C(N2)C=CC(=C3)N4CCOCC4,6.439997673
CCN1/C(=C/C2=[N+](C=CS2)CC3=CC=CC=C3F)/S/C(=C/4\N(C5=C(S4)C=C(C=C5)Cl)C)/C1=O.[Cl-],6.537602002
C[C@]12CC[C@H](C1(C)C)CC(=O)N2CC3=CN(N=N3)C4=CC=C(C=C4)Cl,6.356547324
CC1=C(SC=N1)C2=CC=C(C=C2)[C@H](C)NC(=O)[C@@H]3C[C@H](CN3C(=O)[C@H](C(C)(C)C)NC(=O)CCCCCCCCCN(C)CC[C@H](CSC4=CC=CC=C4)NC5=C(C=C(C=C5)S(=O)(=O)NC(=O)C6=CC=C(C=C6)N7CCN(CC7)CC8=C(CCC(C8)(C)C)C9=CC=C(C=C9)Cl)S(=O)(=O)C(F)(F)F)O,5.975514332
CC(C1CCN(CC1)C)(C2=CC3=C(C(=C2)F)C(N(C3=O)CC4=C(C=C(C=C4)Cl)S(=O)(=O)C)(C5=CC=C(C=C5)Cl)O)O,8.585026652
C1CN(CCN1C2=NC(=NC(=N2)C3=C(C=C(C=C3)N)F)N4CCOCC4)C(=O)C5=C(C=CC(=C5)CC6=NNC(=O)C7=CC=CC=C76)F,9.140021558
CN(C1=C(C=C(C=C1)NC(=O)C2=CC=C(C=C2)I)OCC3=C(C=CC(=C3)OC)OC)S(=O)(=O)C,8.91721463
COC1=CC2=C(C=C1)NC(=O)[C@@]23C[C@H]3C4=CC5=C(C=C4)C(=NN5)C6=CC=C(C=C6)N7CCN(CC7)CCO,8.920818754
C1C[C@H](N(C1)S(=O)(=O)C2=CC=CC=C2)C(=O)N[C@@H](CNC(=O)CCC3=CC=CC=C3)C(=O)O,6.435333936
COC1=CC2=C(C=CN=C2C=C1OC)OC3=NC=C4C(=C3)C=CC=C4C(=O)NC5=CC=C(C=C5)Cl,7.639974911
CC1=CC(=CC(=C1)NC(=O)NC2=CC=C(C=C2)C3=CC=NC4=NNC(=C34)N)C,8.958607315
C1CCCN(CC1)CC(=O)NC2=C3C4=CC=CC=C4SC3=C(C=C2)C5=CC=CC6=C5OC(=CC6=O)N7CCOCC7,7.292429824
CCCCC1=CC=C(C=C1)NC(=O)C2=CC(=NC3=C2C=CC(=C3)OC)C4=CC=CC=C4,4
CCN(CC)C(=O)/C/1=C/C[C@](/C=C/[C@H]([C@](/C=C/C1=O)(C)O)OC(=O)C=C(C)C)(C)CCC=C(C)C,5.041914151
CC1=CN=C(N=C1NCC2=CC=C(C=C2)C3=NNN=N3)C4=CC=CC=C4C(C)C,5.229147988
C/C(=C\C1=C(C=CC(=C1)OC)OC)/C(=O)C2=CC=C(C=C2)OC,5.638272164
C1CCC(C1)SC2=NN=C(N2C3=CN=CC=C3)COC4=CC=C(C=C4)C5=CC=CC=C5C#N,6.27083521
CCC(C1=NC2=C(C(=NS2)C)C(=O)N1CC3=CC=CC=C3)N(CCCN)C(=O)C4=CC=C(C=C4)C,9
C1COCCN1CCOC2=CC(=C(C=C2)NC3=C4C=CN=CC4=C5C=CC=C(C5=N3)C6=NC=NN6)Cl,8.15490196
C1=CC=C(C=C1)N/C=C/C2=NC3=C(C=C(C=C3Br)Br)C(=O)N2,5.552841969
CC(C)C1=C(C(=C2C(=C1)CC[C@@H]3[C@@]2(CCCC3(C)C)C4=NN=C(O4)CN(C)C)O)O,6
CC1(CCC(=C(C1)CN2CCN(CC2)C3=CC=C(C=C3)C(=O)NS(=O)(=O)C4=CC(=C(C=C4)N[C@H](CCN(C)C(=O)CCCN5C=C(N=N5)COCCOCCNC6=CC=CC7=C6C(=O)N(C7=O)[C@@H]8CCC(=O)NC8=O)CSC9=CC=CC=C9)S(=O)(=O)C(F)(F)F)C1=CC=C(C=C1)Cl)C,6.113509275
CC(=O)CC(=O)N[C@H]1CCC2=CC(=C(C(=C2C3=CC=C(C(=O)C=C13)SC)OC)OC)OC,5.849999245
CC(C)(C)C#CC1=C(C=CC(=C1)C#N)COC(C2=CC=C(C=C2)C#N)C3=CN=CN3C,9.207608311
CC1=CN=C(N=C1NCC2=CC=C(C=C2)N3C=CN=N3)C4=CC=CC=C4C(C)C,7.119186408
COC1=CC=CC2=C1C=C(O2)C(=O)C3=CC(=C(C(=C3)OC)OC)OC,6.443697499
COC1=CC2=C(C=CN=C2C=C1OC)OC3=CC4=C(C=C3)N(CCO4)C(=O)NCC5=CC=CC=C5,7.280006174
COCCNC(=O)C1=CC=C(C=C1)NC2=NC=C3C=C(C=CC3=N2)C4=CC=CC=C4,6.037630664
CC1=C(C=C(C=C1)C(=O)NC2=CC(=CC(=C2)C)Cl)C#CC3=CN4C(=CC=N4)N=C3,7.525638024
COC1=C(C(=CC(=C1)C2C3=CC4=C(C=C3OC(=C2C#N)N)OCO4)Br)OC,7.632644079
CC(=O)O[C@@H]1C[C@]2([C@@H](CC[C@@H]2O)C3=C1[C@]4([C@H](OC(=O)/C(=C/N5CCN(CC5)CC6=CC=CC=C6)/C4=C(C3=O)O)COC)C)C,7.060480747
CCCC1=CC=C(C=C1)OCC(=O)N(CC(=O)NC2=CC=C(C=C2)C(F)(F)F)C(C)C,6.035269079
CCCN1C(=O)C2=C(C(=CC=C2)Cl)N3C1=NN=C3SC,4.301029996
CCC(C1=NC2=C(C(=O)N1CC3=CC=CC=C3)SC=C2)N(CCCN)C(=O)C4=CC(=CC=C4)C(F)(F)F,6.508638306
C1=CC=C(C=C1)CCN2C(=O)C3=C(C=NC=C3)N4C2=NNC4=S,4.556267759
CN1C=C(N=C1)S(=O)(=O)N(CCN2C=CC=C2)CCN(CC3=CN=CN3C)C4=CC=C(C=C4)C#N,7.522878745
CN(C1=C(C=C(C=C1)NC(=O)C2=CC=C(C=C2)I)OCC3=C(C=CC(=C3)OC)OC)S(=O)(=O)C(F)(F)F,6.292429824
CCO/C=C/C(=O)O[C@H]1C=CC(=O)[C@]2([C@]13[C@H](O3)C[C@@H]4[C@@H]2CC[C@]5([C@]4([C@H](C=C5[C@H](C)[C@H]6CC(=C(C(=O)O6)C)C)OC(=O)C)O)C)C,6.229147988
CC1=C(C=CC=C1C2=CC=NC=C2)COC3=C(C=C(C(=C3)OCC4=CC(=CC=C4)C#N)CN[C@H](CO)C(=O)O)Cl,7
COC1=CC=C(C=C1)N2CCN(CC2)C3=NC4=C(CCCC4)C(=O)N3,7.341988603
C1CC2CN(CC1O2)S(=O)(=O)C3=CC=C(C=C3)NC(=O)NCC4=CN=CC=C4,8.15490196
CCN(CCCN(C)C)/C=C/1\C2=C(C(=O)C3=C([C@]2([C@H](OC1=O)COC)C)[C@@H](C[C@]4([C@H]3CC[C@@H]4O)C)OC(=O)C)O,7.920818754
CCOCCOC1=C(C=C2C(=C1)N=CN=C2NC3=CC(=C(C=C3)F)Cl)NC(=O)C#C,7.307064997
COC1=CC=C(C=C1)OC2=CC=CC(=C2)C3C4=C(NC5=C3C(=O)CNC5)NN=C4,5.201487467
CN1CCN(CC1)CCCOC2=CC3=NC=CC(=C3C=C2OC)OC4=C(C=C(C=C4)N/C(=N/S(=O)(=O)CC5=CC=C(C=C5)Cl)/CCOC)F,8.416801226
COCC/C(=N\S(=O)(=O)CC1=CC=C(C=C1)Br)/NC2=CC(=C(C=C2)OC3=C4C=C(C(=CC4=NC=C3)OC)OC)F,7.608183076
C1=CC=C(C(=C1)C2=NC3=CC=CC=C3C(=N2)NCC4=CC=C(C=C4)C5=CC(=NC=C5)C(F)(F)F)C(F)(F)F,5.30980392
C1=CC2=C(C=C1F)C(=O)N(C3=NNC(=S)N23)CCCNC(=O)[C@H](CCC(=O)O)N,4.897909474
C1=CC(=CC=C1C2=CC=NC3=NNC(=C23)N)NC(=O)NC4=C(C=CC(=C4)C(F)(F)F)F,8.102372909
C1CC1S(=O)(=O)N2CCN(CC2)C3=CC4=C(C=C(C=C4NCC5=CC(=CC=C5)[N+](=O)[O-])C(F)(F)F)N=C3,9.075720714
C[C@]12CC[C@H]3[C@@]4(CCC5=C([C@H]4CC[C@@]3(C1)[C@@H](C2=O)CN(C)C)C(=C)OC5=O)C,5.677780705
C1=CC(=CC=C1C2=CC=NC3=NNC(=C23)N)NC(=O)NC4=CC(=CC(=C4)F)F,8.091514981
C1=CC(=CC(=C1)Cl)NC2=NC=NC3=NNC(=C32)NC4=CC=C(C=C4)N,8.301029996
CC[C@@H]1C(=O)N(C2=C(N1C)C=C(C=C2)NS(=O)(=O)C3=CC=C(C=C3)C)C,5.832682665
CCCC(=O)O[C@H]1CCC2=CC(=C(C(=C2C3=C1C=C(C=C3)SC)OC)OC)OC,5.550000452
C1=CC(=CC(=C1)Br)NC2=NC=NC3=C2C=C(C=C3)NC(=S)NC4=C(C=C(C=C4)Cl)Cl,7.310691141
CCN(C1=CC2=C(C=C1)N(C(=O)C(N2C3CC3)C)C)C(=O)OC4=CC=C(C=C4)F,6.091514981
C1=CC(=CC(=C1)[N+](=O)[O-])C2=C3C(=NN2)N=CN=C3NC4=CC(=CC=C4)Cl,6.568636236
C1CCC(C1)SC2=NN=C(N2C3=CN=CC=C3)COC4=CC=C(C=C4)C5=CC=C(C=C5)S(=O)(=O)N,7.148741651
CN1C=C(N=C1)S(=O)(=O)N(CCN(CC2=CN=CN2C)C3=C(C=C(C=C3)C#N)F)CC4CCN(CC4)C5=NC=CC=N5,7.193820026
CCCC1=CC=C(C=C1)OCC(=O)N(CC(=O)NC2=CN=NC=C2)C(C)C,7.050609993
C1CCC(C1)NC(=O)NC2=CC=C(C=C2)C3=C4C(=CC=C3)NN=C4N,7.408935393
C1COCCN1C2=CC(=O)C3=C(O2)C(=CC=C3)C4=C5C(=C(C=C4)NC(=O)CNCC6=CC=NC=C6)C7=CC=CC=C7S5,8.096910013
CC1=CC(=CC2=CN=C(N=C12)NC3=CC=C(C=C3)[C@@H](C)NC(=O)C)C4=CC=NC=C4,7.091514981
C1CC1[C@H](C2=CC=CC=N2)NC(=O)C3=CC4=C(C=C3)NN=C4C5=CC=C(C=C5)N6C7CCC6COC7,8.698970004
C1CCN(C1)CC2=CC=C(C=C2)C3=NC4=C5N3CCNC(=O)C5=CN=C4,7.698970004
CC1=CC=CC=C1CS(=O)(=O)/N=C(\CCOC)/NC2=CC(=C(C=C2)OC3=C4C=C(C(=CC4=NC=C3)OC)OC)F,7.727694156
C1[C@H]2[C@H](CO[C@@H]2C3=CC4=C(C=C3)OCO4)[C@H](O1)C5=CC6=C(C=C5)OCO6,4
C1=CC=C(C=C1)NS(=O)(=O)C2=CC=C(C=C2)NC(=O)NCC3=CN=CC=C3,7.229147988
C1CCC(CC1)C2=CC=C(C=C2)CNC(=O)C3=CC(=NC4=CC=CC=C43)C5=CC=CC=C5,4
CC(C)C[C@@H](C1=CC=CC=N1)NC(=O)C2=CC3=C(C=C2)NN=C3C4=CC=C(C=C4)N5[C@H]6CC[C@H]5CC(C6)O,8.769551079
C1=CC=C(C(=C1)NC2=C3C=CN=CC3=C4C=CC=C(C4=N2)C5=NC=NN5)F,8.522878745
COC1=CC(=CC(=C1OC)OC)C(=O)C2=CN(C=C2)C3=CC=C(C=C3)O,6.346787486
CN1C=C(N=C1)S(=O)(=O)N(CCN(CC2=CN=CN2C)C3=C(C(=C(C(=C3F)F)C#N)F)F)CC4CCN(CC4)C5=NC=CC=N5,6.30980392
CC1C(=O)N(C2=C(N1C3CC3)N=C(C=C2)NS(=O)(=O)C4=CC=C(C=C4)C)C,6.568636236
C/C=C/C=C/C(=O)O[C@H]1C=CC(=O)[C@]2([C@]13[C@H](O3)C[C@@H]4[C@@H]2CC[C@]5([C@]4([C@H](C=C5[C@H](C)[C@H]6CC(=C(C(=O)O6)C)C)OC(=O)C)O)C)C,5.847711656
CN1C=CC2=C1C=CC(=C2)C3=CN=C4N3C=CN=C4C5=CC(=C(C(=C5)OC)OC)OC,5
CC1=C(C=C(C=C1)C(=O)NC2CCCCC2)C#CC3=CN4C(=CC=N4)N=C3,7.535361441
CC1=NC2=C(C=C1)C(=O)C=C(N2)C3=CC(=CC=C3)F,6.27572413
C1CC1C(C2=CSC=C2)NC(=O)C3=CC4=C(C=C3)NN=C4C5=CC=C(C=C5)N6CCC(CC6)O,7.619788758
CC1=C(C=CC(=C1)NC2=NC=C3C=C(C(=O)N(C3=N2)C)C4=C(C=CC=C4Cl)Cl)OC,6.602059991
CC(C)C1=C(C(=C2C(=C1)CC[C@@H]3[C@@]2(CCCC3(C)C)C(=O)NCC4=CC=CC=C4)O)O,5.219682688
CC1=CC(=CC=C1)NC2=NC=NC3=NNC(=C32)NC4=CC(=CC=C4)Cl,5.568636236
C1COCCN1C2=CC=C(C=C2)NC3=NC(=CC(=N3)N4CCOCC4)C5=CN=C(C=C5C(F)(F)F)N,7.585026652
C1=CC2=C3C=NC=CC3=C(N=C2C(=C1)C4=NC=NN4)NC5=C(C=C(C=C5)O)Cl,8.698970004
CN(C)C/C=C/C(=O)N1CCC(CC1)N2C3=NC(=NC=C3CN(C2=O)C4=C(C(=CC(=C4Cl)OC)OC)Cl)NC5=CC(=CC(=C5)F)F,8.742321425
C1CC1NC(=O)C2=CC=CC3=C4C=NC=CC4=C(N=C32)NC5=CC(=CC=C5)Cl,7.13076828
C[C@@H](C1=CC=C(C=C1)Cl)N2C(=O)C3=C([C@@]2(C4=CC=C(C=C4)Cl)OCC5(CC5)CO)C=CC(=C3)[C@](C)(COC)O,8.431798276
C1COCCC1C(=O)NCCCN2C(=O)C3=C(C=CC(=C3)F)N4C2=NNC4=S,5.747146969
C1CCC(C1)C[C@H](CC(=O)NO)C(=O)N2CC3(CC3)C[C@H]2C(=O)NC4=NC=CN=C4,8.231361899
C1=CC(=CC(=C1)Cl)CC(=O)NCCCN2C(=O)C3=C(C=CC(=C3)F)N4C2=NNC4=S,5.93930216
CN(CC(=O)N(CC1=CC=C(C=C1)C2CCCCC2)C3=CC(=C(C=C3)C(=O)O)O)S(=O)(=O)C4=C(C(=C(C(=C4F)F)F)F)F,5.698970004
CC(=O)N1CCN(CC1)CC2=CC3=C(C=C2)OC(=CC3=O)C4=CC=CC(=C4F)C5=CC=CC=C5,5
C[C@]12CC[C@H]3[C@@]4(C=CC(=O)C(=C)[C@H]4CC[C@@]3(C1)CC(=O)N2CC5=CC=CC=C5)C,6.045757491
C1=CC=C2C(=C1)C(=C(N2)O)/C=C/3\C=CC4=C(N=NC4=C3)C5=NC=CS5,6.30980392
C1=CC(=CC(=C1)NC(=O)CCCCCCC(=O)NO)C2=CN(N=N2)C3=CC=C(C=C3)N,8.995678626
C1C/C(=C\C2=CC3=C(C=C2)OCO3)/C(=O)C=C1,5.782516056
CN(C)CCNC(=O)C1=C2C(=CC=C1)N=C3C=CC4=C(C3=N2)C=CC=C4OCCCC#N,7.236572006
CS(=O)(=O)N1CCN(CC1)C2=CC=C(C=C2)NC3=NC(=CC(=N3)N4CCOCC4)C5=CN=C(C=C5C(F)(F)F)N,7.508638306
COC1=CC=CC=C1C2=CSC3=CN=C(N=C32)NC4=CC(=C(C=C4)C(=O)NC5CCNCC5)F,7.549750892
C[C@@H]1CN(C[C@@H](O1)C)C2=NC(=NC(=N2)C3=CN=C(C=C3C(F)(F)F)N)N4C[C@H](O[C@H](C4)C)C,5
CCCC1=CC=C(C=C1)OCC(=O)N(CC(=O)NC2=CC=C(C=C2)OC)C(C)C,6.021363052
C1CCC(C1)SC2=NN=C(N2C3=CN=CC=C3)COC4=CC=C(C=C4)C5=CC=C(C=C5)N,6.581698709
C1CCC(C1)SC2=NN=C(N2C3=CN=CC=C3)COC4=CC=C(C=C4)C5=CC=C(C=C5)F,6.165579296
CC(C1=CC=C(C=C1)N2CC3=CC=CC=C3C2=O)C(=O)NC4=NNC(=C4)C5CC5,7.886056648
CC1=C(C=C(C=C1)C(=O)NC2=CC(=CC(=C2)C(F)(F)F)N3C=C(N=C3)C)NC4=NC=CC(=N4)C5=CN=CC=C5,7.4867824
CC1=CC(=CC=C1)NCCC2(CCOCC2)C3=CC=CC=C3,5.488116639
C[C@@H](C(=O)NC(CC1=CC=C(C=C1)N=C(N)N)P(=O)(OC2=CC=CC=C2)OC3=CC=CC=C3)NC(=O)[C@@H](CO)NS(=O)(=O)C4=CC=CC5=CC=CC=C54,8.236572006
CC(CN1CCN(CC1)C)(C2=CC3=C(C(=C2)F)[C@@](N(C3=O)CC4=C(C=C(C=C4)Cl)S(=O)(=O)C)(C5=CC=C(C=C5)Cl)O[C@@H]6CCOC6)O,8.15490196
CC(C)(C1=CC2=C(C(=C1)F)C(N(C2=O)CC3=CC=C(C=C3)C#N)(C4=CC=C(C=C4)Cl)OCC5(CC5)CO)O,8.124938737
C1CN(CCN1C2=CC=CC=C2)C(=S)SCC(=O)NC3=CC(=CC=C3)NC(=O)C4=CC=CC=N4,7.017728767
CC(C)NC(=O)NC1=C(C=C2C=NC(=NC2=N1)NCCCN3CCN(CC3)C)C4=C(C=CC=C4Cl)Cl,7.468521083
C1=CC=C(C=C1)C[C@@H](C(=O)N2C=CC=C2)NC(=O)CCCCCCC(=O)NO,6.48148606
CC1=CC(=CC=C1)NC(=O)NC2=CC=C(C=C2)C3=C4C(=C(C=C3)OCCN5CCOCC5)NN=C4N,7.619788758
CCOC1=C(C=CC(=C1)C(=CC#N)C2=CC=C(C=C2)N(C)C)OC,7.508638306
COC1=CC2=C(C(=C1)OC)C(=O)NC(=N2)C3=CC=C(C=C3)OCCCCCC(=O)NO,6.536107011
COC1=C(C=C2C(=C1)C(=C(C=N2)F)OC3=CC4=C(C=C3)C(=CC=C4)C(=O)NC5=CC=C(C=C5)Cl)OC,7.7000571
CN(C)CCNC(=O)C1=C2C(=CC=C1)N=C3C=CC4=C(C3=N2)C=CC=C4OCCO,6.628932138
CN1C=C(N=C1)S(=O)(=O)N(CCN(CC2=CN=CN2C)C3=CC=C(C=C3)C#N)CC4=CC=C(C=C4)C#N,6.431798276
CC1=C(C=CC=C1C2=CC3=C(C=C2)OCCO3)COC4=CC5=C(C=C4)C=C(C=C5)CN6C[C@H](C[C@H]6C(=O)O)O,5
CC(C)C[C@@H](C(=O)C(=O)NC1=CC=CC2=C1C=CN=C2)NC(=O)[C@H](CC(C)C)NC(=O)[C@H](CC(C)C)NC(=O)OCC3=CC=CC=C3,7.19314197
CC(=C)C(=O)OC1=C(C=CC(=C1)N(C)C2=CC(=O)OC3=CC=CC=C32)OC,7.853871964
C1CO[C@@H](CN1C2=NC(=NC(=C2)C3=CC4=C(C=C3)C(=NN4)N)N)C(=O)NC5=CC=CC=C5,7.7000571
CNS(=O)(=O)C1=CC=CC2=C1C=CC3=NC4=CC=CC(=C4N=C23)C(=O)NCCN(C)C,6.434152181
CC(C)(C)C(=O)NCC1=CC=C(C=C1)C2=CN=C(O2)NC3=CC4=C(C=C3)C(=CN4C)C#N,5.30980392
CC(C)(C1=CC2=C(C(=C1)F)[C@@](N(C2=O)CC3=C(C=C(C=C3)Cl)S(=O)(=O)C)(C4=CC=C(C=C4)Cl)OCC5(CC5)CO)O,9.096910013
CC1=C(C=C(C=C1)NCCC2(CCOC(C2)(C)C)C3=CC=CC=C3)C,7.161150909
C1C/C(=C\C2=CC(=CC=C2)OC(F)(F)F)/C(=O)C=C1,6.086186148
CC1=C(C(=NO1)C)C2=CC3=C(C=C2)N(C(=O)N(C3C4=CC=CC=C4)CC5=CN(N=N5)CCOCC(=O)NC6=CC=CC7=C6CN(C7=O)C8CCC(=O)NC8=O)C,7.847711656
C1CN(CC2=C1C(=NC(=N2)C3=C4C=CNC4=CC=C3)N5CCOCC5)C(=O)C6=C(C=CC(=C6)CC7=NNC(=O)C8=CC=CC=C87)F,8.309981219
COC1=C2C(=C3C(=C1)N=CN=C3OC4=CC=C(C=C4)NC(=O)NC5=CC(=C(C=C5)Cl)C(F)(F)F)OCCO2,8.619788758
CC1=CC2=C(C=C1)N(C(=C(C2=O)C(=O)NC3=CC(=C(C=C3)OC4=NC=NC5=C4C(=CN5)C6=CC=CC=C6)F)C)C7=CC=CC=C7,6.207608311
CC1=C(C=CC=C1C2=CC=CC=C2)/C=C/C(=O)C3=C(C=CC(=C3)CN4CCN(CC4)C(=O)C)O,4.841637508
CC1=C(C=C(C=C1)C(=O)NC2=CC=CC(=C2)CN3CCN(CC3)C)C#CC4=CN5C(=CC=N5)N=C4,6.489320969
CC(C)C[C@@H](C(=O)C(=O)NC1=CC(=CC(=C1)OC)OC)NC(=O)[C@H](CC(C)C)NC(=O)[C@H](CC(C)C)NC(=O)OCC2=CC=CC=C2,7.590066877
CS(=O)(=O)C1=CC=C(C=C1)C2=CC=C(C=C2)OCC3=NN=C(N3C4=CN=CC=C4)SC5CCCC5,7.200659451
COC1=CC=C(C=C1)/C=C/2\CCC=CC2=O,5.790484985
CCOC(=O)C1=C2C(=CN1)C(C3=C(N2)CCCC3=O)C4=CC=C(O4)SC5=NC6=C(N5)C=CC=C6Cl,8.397940009
C1=CC2=C(C(=C1)O)NC3=C4C(=C5C(=C23)C(=O)NC5=O)C6=C(N4)C(=CC=C6)O,5.698970004
CC(C)C1=C2C(=NN1)C(=NC=N2)NCC3=CC=C(C=C3)OC,5.638272164
CCCC1=CC=C(C=C1)OCC(=O)N(CC(=O)NC2=CC=C(C=C2)C#N)C(C)C,6.442492798
CC1=CC(=CC=C1)NC(=O)NC2=CC=C(C=C2)C3=CC=NC4=NNC(=C34)N,9
COC1=CC=C(C=C1)OCCCON2C(=NC(=NC23CCSCC3)N)N.Cl,7.15490196
CCOC(=O)CCCC1=CC=C(C=C1)NC2=NC=C3C=C(C(=O)N(C3=N2)C)C4=C(C=CC=C4Cl)Cl,6.15490196
C1=CC=C2C(=C1)N=C(S2)C3=CC=C(C=C3)NC(=O)CN4C=CN=C4,7.657577319
CC1=C(C(=O)O[C@H](C1)[C@@H](C)C2=C[C@@H]([C@@]3([C@@]2(CC[C@H]4[C@H]3C[C@@H]5[C@]6([C@@]4(C(=O)C=C[C@@H]6OC(=O)/C=C/C7=CC=CC=C7)C)O5)C)O)OC(=O)C)C,6.113509275
COC1=CC=C(C=C1)C2=CC3=NC(=C(N3C=C2)CC(=O)NC4=CC5=C(C=C4)C=CS5(=O)=O)C6=CC=CC=C6,6
COC1=C(C=C(C=C1)NC(=O)CCC(=O)OCCCCCCSC2=CC=C(C3=NON=C23)[N+](=O)[O-])OC,6.060480747
CCCCNC(=O)CC1C2=C(C3=C(C=C(C=C3)OC)C(=N1)C4=CC=C(C=C4)Cl)N(C(=O)S2)C,5.991399828
COC1=CC=C(C=C1)CNC2=NNC3=C2C(=NC=N3)NC4=CC(=CC=C4)Cl,6.065501549
C1C[C@H](N(C1)S(=O)(=O)C2=CC=C(C=C2)C3=CC=CC=C3)C(=O)N[C@@H](CNC(=O)NCC4=CC=CC=C4)C(=O)O,6.542118103
COC1=CC=C(C=C1)C2=NNC3=C2C=C(C=C3)C4=CC(=C(C(=C4)OC)OC)OC,5
CN1CCN(CC1)CCCNC2=NC3=NC(=C(C=C3C=N2)C4=C(C=CC=C4Cl)Cl)NC(=O)NC5=CC=C(C=C5)C(F)(F)F,6.214670165
COC1=CC(=C(C=C1)OC)C(=O)/C=C/C2=CC3=C(C=C2)OCCO3,6.522878745
CC1(CC(CCO1)(CCN(CC(=O)C2=CC=CO2)C3=CC=CC=C3)C4=CC=CC=C4)C,6.508638306
COC1=CC(=CC(=C1OC)OC)C(=O)/C=C/C2=CC3=C(C=C2)OCCO3,7.096910013
CC1=CC(=CC(=C1)NCCC2(CCOC(C2)(C)C)C3=CC=CC=C3)C,7.26760624
CN(C)CCN1CCN(CC1)CC(=O)NC2=C3C4=CC=CC=C4SC3=C(C=C2)C5=CC=CC6=C5OC(=CC6=O)N7CCOCC7,8
CC1=C(C(=NO1)C)CCC(=O)NCCCN2C(=O)C3=C(C=CC(=C3)F)N4C2=NNC4=S,5.749579998
CN1C2=NC(=NC=C2C=C(C1=O)C3=C(C=CC=C3Cl)Cl)NC4=CC=C(C=C4)OCCN5CCCCC5,7.408935393
C1CN(CCN1)C2=C(C=C3C4=C2OC5=C(N4C=C(C3=O)C(=O)O)C=CC6=CC=CC=C65)F,6.187086643
C1CCC2=C(C1)C(=O)NC(=N2)N3CCC4(CC3)C5=C(C=CC=C5Cl)NC4=O,8.30980392
COC1=CC(=C(C=C1)OC)COC2=C(C=CC(=C2)NC(=O)C3=CC=C(C=C3)Br)NS(=O)(=O)C,8.018634491
COC1=CC2=C(C=C1)C(=CC(=N2)C3=CC=CC=C3)C(=O)NC4=CC=C(C=C4)C5CCCCC5,5.229147988
CC1=C(NC2=C1C(=NC=N2)NC3=CC(=CC=C3)Br)C,7.602059991
CC(=O)O[C@@H]1C[C@]2([C@@H](CC[C@@H]2O)C3=C1[C@]4([C@H](OC(=O)/C(=C/N5CCCC5)/C4=C(C3=O)O)COC)C)C,6.304518324
CCN1CCN(CC1)CC2=CC3=C(C=C2)OC(=CC3=O)C4=CC=CC(=C4C)C5=CC=CC=C5,5
CC1=CC=C(C=C1)NC(=O)N2CCOC3=C2C=CC(=C3)OC4=C5C=C(C(=CC5=NC=C4)OC)C(=O)C,9.299988938
CC(=O)N1CCN(CC1)C2=NN(N=C2C(=O)C3=CC(=C(C(=C3)OC)OC)OC)C4=CC(=CC=C4)F,5.772113295
CC1=CC2=NC(=NC=C2C=C1C3=CC=NC=C3)NC4=CC=C(C=C4)[C@@H](C)NC(=O)C,5.585026652
CC1=CC(=NO1)NC(=O)C2=CC=CC3=C2C=CC(=C3)OC4=C5C=C(C(=CC5=NC=C4)OC)OC,9.219970873
C1=CC(=CN=C1)CNC(=S)NC2=CC=C(C=C2)S(=O)(=O)N,6.200659451
C1CCC2=C(C1)C(=O)NC(=N2)N3CCC4(CC3)COC5=CC=CC=C45,7.835647144
CC1=CC(=CC=C1)C2=CC(=O)C3=C(C=CN=C3N2)C,5.744727495
CC(C)(C1=CC2=C(C(=C1)F)[C@@](N(C2=O)CC3=C(C=C(C=C3)Cl)SC)(C4=CC=C(C=C4)Cl)OCC5(CC5)CO)O,7.853871964
CC1C(=O)N(C2=C(N1C3CCCC3)C=C(C=C2)C4=NN=NN4C5=CC=C(C=C5)C)C,8.022276395
CN1C=NC=C1C(C2=CC=C(C=C2)C#N)OCC3=C(C=C(C=C3)C#N)/C=C/C4=CC=C(C=C4)[N+](=O)[O-],9.214670165
CCC1(C2=C(COC1=O)C(=O)N3CC4=C(C3=C2)N=C5C=CC(=CC5=C4)OCCNC(=O)C6=CC(=CN6COC)NC(=O)C7=CC(=CN7COC)NC(=O)CCCN(C)C)O,5.201349355
CCCCC(=O)OC1=C(C=CC(=C1)N(C)C2=CC(=O)OC3=CC=CC=C32)OC,7.527243551
C1COCCN1C2=CC(=O)C3=C(O2)C(=CC=C3)C4=CC=CC5=C4SC6=CC=CC=C56,7.37675071
CC1=C(C=CC=C1C2=CC3=C(C=C2)OCCO3)COC4=C(C=C(C(=C4)OCC5=CC(=CC=C5)C#N)CN6CC[C@H](C6)C(=O)O)Cl,7.818156412
CC1=CC=C(C=C1)S(=O)(=O)N2CCC[C@H]2C(=O)N[C@@H](CNC(=O)NCC3=CC=CC=C3)C(=O)O,7.443697499
COC1=CC=CC=C1N2CCN(CC2)C3=NC4=C(CC(CC4)(F)F)C(=O)N3,7.1837587
CC1=C(C=C(C=C1)C(=O)NC2=CC(=CC(=C2)C(F)(F)F)CN3CCN(CC3)C)C#CC4=CN5C(=CC=N5)N=C4,8.049148541
C=CC(=O)NC1=C(C=C2C(=C1)C(=NC=N2)NC3=CC(=C(C=C3)F)Cl)OCCCN4CCOCC4,9
CN(CCCNC(=O)C1=CC=CC2=CC3=C(C=CC(=C3)C4=CC=CC=C4)N=C21)CCCNC(=O)C5=CC=CC6=CC7=C(C=CC(=C7)C8=CC=CC=C8)N=C65,5.991399828
CC1=CN=C(N=C1NCC2=CC=C(C=C2)C3=CN=CC=C3)C4=CC=CC=C4C(=O)C,5.060480747
CCC1=CC2=C(C=C1)N(C(=C(C2=O)C(=O)NC3=CC(=C(C=C3)OC4=C(C(=NC=C4)N)Cl)F)C)C,7.142667504
COC1=CC=C(C=C1)CCCC2=CC(=C(C(=C2)OC)OC)OC,6.301029996
C1=CC=NC(=C1)CC(=O)NCCCN2C(=O)C3=C(C=CC(=C3)F)N4C2=NNC4=S,5.272458743
CC1=C(C(=NO1)C)C2=CC3=C(C=C2)N(C(=O)N(C3C4=CC=CC=C4)CC5=CN(N=N5)CCOCCOCC(=O)NC6=CC=CC7=C6CN(C7=O)C8CCC(=O)NC8=O)C,7.812479279
CCCC1=CC=C(C=C1)OCC(=O)N(CC(=O)NC2=CN=CN=C2)C(C)C,6.552841969
CC1=C(SC(=N1)C)C2=NC(=NC=C2)NC3=CC=C(C=C3)N4CCOCC4,6.478861916
C1=CN(C=N1)CC(O)(P(=O)(O)O)P(=O)(O)O,7
CC1=CC(=CC=C1)NC2=NC=NC3=C2C4=C(N3)CCCC4,6.086186148
CCCC1=CC=C(C=C1)OCC(=O)N(CC(=O)NC2=NN=CS2)C(C)C,5.413075292
CN(C1=C(C=C(C=C1)NC(=O)C2=CC3=C(C=C2)OCO3)OCC4=C(C=CC(=C4)OC)OC)S(=O)(=O)C(F)(F)F,6.148741651
CNC1=NC=C2CN(C(=O)N(C2=N1)[C@H]3CCN(C3)C(=O)/C=C/CN(C)C)C4=C(C(=CC(=C4Cl)OC)OC)Cl,8.632644079
CCC1=CC(=CC=C1)NC(=O)C(=O)[C@H](CC(C)C)NC(=O)[C@H](CC(C)C)NC(=O)[C@H](CC(C)C)NC(=O)OCC2=CC=CC=C2,7.458420756
CCC(C1=NC2=C(C(=O)N1CC3=CC=CC=C3)SC=C2)N(CCCN)C(=O)C4=CC=CC=C4C,5.974694135
C1CN(CCN1C2=NC(=NC(=N2)C3=CC4=C(C=C3)C=NN4)N5CCOCC5)C(=O)C6=C(C=CC(=C6)CC7=NNC(=O)C8=CC=CC=C87)F,9.169989064
CC[C@@H]1C(=O)N(C2=CN=C(N=C2N1C3CCCC3)NC4=C(C=C(C(=C4)F)C(=O)NCCN5CCOCC5)OCCO)C,7.698970004
CN(C1=C(C=C(C=C1)NC(=O)C2=CC=C(C=C2)OC)OCC3=C(C=CC(=C3)Cl)Cl)S(=O)(=O)C,6.30980392
CC(C)C1=C(C(=C2C(=C1)CC[C@@H]3[C@@]2(CCCC3(C)C)C4=NN=C(O4)C5=CC=C(C=C5)C#N)O)O,5.13076828
C1CN(CCN1C2=NC(=NC(=N2)C3=CC(=C(C=C3)N)F)N4CCOCC4)C(=O)C5=C(C=CC(=C5)CC6=NNC(=O)C7=CC=CC=C76)F,9.079981084
CC(=O)NC1CCC2=CC(=C(C(=C2C3=C1C=C(C=C3)OC)OC)OC)OC,5.820000358
C1CCN(CC1)CCNCC(=O)NC2=C3C4=CC=CC=C4SC3=C(C=C2)C5=CC=CC6=C5OC(=CC6=O)N7CCOCC7,7.214670165
CC1=C(C=CC=C1C2=CC3=C(C=C2)OCCO3)COC4=CC5=C(C=C4)C=C(C=C5)CN[C@@H](CO)C(=O)O,5
CC(C)C1=C(C(=C2C(=C1)C(=O)C[C@@H]3[C@@]2(CCCC3(C)C)C(=O)NCCN(C)C)O)O,5.096910013
CC(C1=CC=C(C=C1)N2CCNC2=O)C(=O)NC3=NNC(=C3)C4CC4,7.920818754
COC1=C(C(=C2C(=C1)C[C@@H](C3=CC(=O)C(=CC=C32)SC)COC(=O)C4=CC=C(C=C4)F)OC)OC,5.349999603
CC(=O)NC1=CC2=C(C=C1)N3C(=S)NN=C3N(C2=O)CCC4=CC=CC=C4,5.659555885
CCOC(=O)C1=C2C(=CN1)[C@@H](C3=C(N2)CCCC3=O)C4=CC(=CC=C4)OC5=NC6=CC=CC=C6N5,9.22184875
CC1=C(SC=C1)C2=CC(=O)C3=C(N2)N=C(C=C3)C,5.550000452
C1=CC(=C(C=C1NC(=O)CCCCCC(=O)NO)C(=O)NC2=CC(=C(C=C2)Cl)C(F)(F)F)O,6
CCN1/C(=C/C2=[N+](C=CS2)CC3=CC(=CC=C3)Cl)/S/C(=C/4\N(C5=C(S4)C=C(C=C5)Cl)C)/C1=O.[Cl-],6.292429824
CC1=CC=C(C2=NC3=C(C=CC=C3N=C12)C(=O)NCCCN(C)CCCNC(=O)C4=C5C(=CC=C4)N=C6C(=CC=C(C6=N5)C)C)C,7.585026652
CC(C)(C)OC(=O)NCCNC(=O)NC1=C(C=C2C=NC(=NC2=N1)NCCCN3CCN(CC3)C)C4=C(C=CC=C4Cl)Cl,7.173925197
CCC(=O)N1CC[C@@H](C1)N2C3=NC(=NC=C3CN(C2=O)C4=C(C=CC(=C4)OC)F)NC5=CC=C(C=C5)N6CCN(CC6)C,7.866461092
COC1=CC(=CC(=C1OC)OC)C2=CC3=C(C=C2)NN=C3C4=CC=C(C=C4)F,5
C1CCC(C1)C[C@H](CC(=O)NO)C(=O)N2CC3(CC3)C[C@H]2C4=NC(=NO4)C5=CC=C(C=C5)C6CC6,8.300162274
CC1=CC=C(C=C1)C2=C(C=C(N2)C3=CC=NC=C3)C(=O)N,7.22184875
CC1=C(C(=O)O[C@H](C1)[C@@H](C)C2=C[C@@H]([C@@]3([C@@]2(CC[C@H]4[C@H]3C[C@@H]5[C@]6([C@@]4(C(=O)C=C[C@@H]6OC(=O)/C=C/C(=O)N(C)C)C)O5)C)O)OC(=O)C)C,7.096910013
CCN(CC)C(=O)NC1=C(C=C2C=NC(=NC2=N1)NCCCN3CCN(CC3)C)C4=C(C=CC=C4Cl)Cl,5.259637311
CC1=NC2=C(C=C1)C(=O)C=C(N2)C3=CC=CC4=CC=CC=C43,6.180456064
CN1C=C(C2=C1C=C(C=C2)NC3=NC=C(O3)C4=CC=CC(=C4)CNC(=O)C5=CC=CC=C5)C#N,5.27572413
CN1CC2=CN=C(N=C2N(C1=O)C3=CC=CC(=C3)NC(=O)C=C)NC4=C(C=C(C=C4)N(C)C)OC,6.13076828
COC1=C(C=CC(=C1)NC2=NC=C(O2)C3=CC=CC=C3)C4=CN=CO4,7.795880017
CC1=C(OC2=CC=CC=C12)C(=O)C3=CC(=C(C(=C3)OC)OC)OC,5.886056648
CC1=C(C=CC(=C1)OCC2=NN=C(N2C3=CN=CC=C3)SC4CCCC4)C5=CC=C(C=C5)C=O,7.173925197
COC1=CC=CC=C1C2=CCN(CC2)C3=NC4=C(CCCC4)C(=O)N3,7.303643611
C=CCN1CCN(CC1)C(=S)SCC(=O)NC2=CC(=CC=C2)NC(=O)C3=CC=CC=N3,6.543633967
C[C@](C1=CC2=C(C(=C1)F)[C@@](N(C2=O)[C@@H](CC(=O)O)C3=CC=C(C=C3)Cl)(C4=CC=C(C=C4)Cl)OC)(C5(CCOCC5)F)O,9.096910013
CCC1=CC=C(C=C1)C2=NOC(=N2)[C@@H]3CC4(CC4)CN3C(=O)[C@H](CC5CCCC5)CC(=O)NO,8.055024092
CC1(CCC(=C(C1)CN2CCN(CC2)C3=CC=C(C=C3)C(=O)NS(=O)(=O)C4=CC(=C(C=C4)N[C@H](CCN5CCN(CC5)CCOCCOCCOCCNC6=CC=CC7=C6C(=O)N(C7=O)[C@@H]8CCC(=O)NC8=O)CSC9=CC=CC=C9)S(=O)(=O)C(F)(F)F)C1=CC=C(C=C1)Cl)C,7.761953897
CC1=C(NC2=C1C(=NC=N2)NC3=CC(=CC=C3)O)C,5.903089987
CC1=C(C=CC(=C1)NC2=NC=C3CN(C(=O)N(C3=N2)[C@H]4CCN(C4)C(=O)C5CCCCC5)C6=CC=CC=C6Cl)N7CCN(CC7)C,7.514278574
CCN1CCCC1CNCCC(=O)NC2=C3C4=CC=CC=C4SC3=C(C=C2)C5=CC=CC6=C5OC(=CC6=O)N7CCOCC7,7.30980392
CN(C)C/C=C/C(=O)N1CCC(CC1)N2C3=NC(=NC=C3CN(C2=O)C4=C(C(=CC(=C4Cl)OC)OC)Cl)NC5CCOCC5,8.879426069
C1=CC=C(C(=C1)CC(=O)NCCCN2C(=O)C3=C(C=CC(=C3)F)N4C2=NNC4=S)C(F)(F)F,5.853871964
CN(C1=C(C=C(C=C1)NC(=O)C2=CC3=CC=CC=C3C=C2)OCC4=C(C=CC(=C4)Cl)Cl)S(=O)(=O)C,5.655607726
CCC1(C2=C(COC1=O)C(=O)N3CC4=C(C3=C2)N=C5C=CC(=CC5=C4)OCC(=O)ONC6=CN(C(=C6)C(=O)NC7=CN(C(=C7)C(=O)NC8=CN(C(=C8)C(=O)NCCCN(C)C)COC)COC)COC)O,5.259637311
C1=CC=C(C=C1)COC2=CC=CC(=C2)N3C4=C(C=CC(=C4)C#N)C=C5C3=NC(=O)NC5=O,6.420216403
CC1=CC2=C(C=C1)N(C(=C(C2=O)C(=O)NC3=CC(=C(C=C3)OC4=NC=NC5=C4C(=CN5)C6=CC=CC=C6)F)C7=CC=CC=C7)C,7.107905397
C1=CC=C(C=C1)C2=C(C=C(N2CC(F)(F)F)C3=NC(=NC=C3)N)C(=O)N,7.443697499
CN(CCCNC(=O)C1=C2C(=CC=C1)N=C3C(=N2)C=CC=C3Cl)CCCNC(=O)C4=C5C(=CC=C4)N=C6C(=N5)C=CC=C6Cl,5.111259039
C1COCCN1C2=NC(=CC(=N2)N3C[C@@H]4[C@@H](C3)OCCO4)C5=CN=C(C=C5C(F)(F)F)N,6.425968732
C1CN(C(=O)N1)CCNCC(=O)NC2=C3C4=CC=CC=C4SC3=C(C=C2)C5=CC=CC6=C5OC(=CC6=O)N7CCOCC7,8.15490196
COC1=CC(=CC(=C1OC)OC)C2CN=C(O2)C3=CC=CC4=C3NC=C4,6.327902142
C1=CC(=CC(=C1)NC(=O)CCCCCCC(=O)NO)C2=CN(N=N2)CC3=CC=C(C=C3)O,8.517126416
CC(C1=CC=C(C=C1)N2C=NNC2=O)C(=O)NC3=NNC(=C3)C4CC4,7.13667714
CC(=O)NC1=NC=C(S1)SCC2=NC=C(O2)C(C)(C)C,7.301029996
CC1=C(C=CC=C1C2=CC3=C(C=C2)OCCO3)COC4=C(C=C(C(=C4)OCC5=CC(=CC=C5)C#N)CN6CCN(CC6)C7CC7)Cl,6.388595362
C[N+]1(CCOCC1)CCC(=O)NC2=C3C(=C(C=C2)NC(=O)CC[N+]4(CCOCC4)C)C(=O)C5=CC=CC=C5C3=O.[I-].[I-],6.119186408
CCC(=O)N1CC[C@@H](C1)N2C3=NC(=NC=C3CN(C2=O)C4=C(C=CC(=C4)OC)F)NC5=CC(=C(C=C5)N6CCN(CC6)C)C,8.698970004
CC1=C(C(=CC=C1)N2C(=O)C3=CC=CC=C3N4C2=NNC4=S)C,5.732828272
CCCCCCC#CC1=C(C=CC(=C1)C#N)COC(C2=CC=C(C=C2)C#N)C3=CN=CN3C,9.045757491
CS(=O)(=O)C1=CC=C(C=C1)C2=CC=CN3C2=NC(=N3)NC4=CC=C(C=C4)N5CCOCC5,7.214670165
C1=CC(=C(C(=C1)Br)C2=C(N=C3C(=C2)C=NC(=N3)N)N)Br,5.795880017
CCC(=O)N1CC[C@@H](C1)N2C3=NC(=NC=C3CN(C2=O)C4=CC=C(C=C4)F)NC5=CC(=C(C=C5)N6CCN(CC6)C)C,7.742321425
CC1CCCN(C1)S(=O)(=O)C2=CC=C(C=C2)NC(=O)NCC3=CN=CC=C3,8.045757491
C1=CC=C(C=C1)CCNC(=O)[C@H](CC2=CC=CC=C2)NC(=O)CCCCCCC(=O)NO,6.585026652
COC1=C2C=C(C=N1)C3=NN4C(=NC=C4C5=CN=CC(=C5)CNC(=O)C6=CC(=CC=C6)S(=O)(=O)N2)C=C3,8.522878745
C1CCC2=C(C1)C(=O)NC(=N2)N3CCC4(CC3)C5=CC=CC=C5OC4=O,7.73754891
CC1(CCC(=C(C1)CN2CCN(CC2)C3=CC=C(C=C3)C(=O)NS(=O)(=O)C4=CC(=C(C=C4)N[C@H](CCN5CCN(CC5)C(=O)CCCNC6=CC=CC7=C6C(=O)N(C7=O)[C@@H]8CCC(=O)NC8=O)CSC9=CC=CC=C9)S(=O)(=O)C(F)(F)F)C1=CC=C(C=C1)Cl)C,7.086186148
CN(C)CC1=CC=C(C=C1)C2C(C3=NNC(=O)C4=C3C(=CC=C4)N2)C5=CC=C(C=C5)C(F)(F)F,8.201349355
C1=CC=C(C=C1)CCN2C(=O)C3=C(C=C(C=C3)F)N4C2=NNC4=S,5.081445469
CC1=CC=C(C=C1)C2=CC(=O)C3=C(N2)N=C(C=C3)C,5.30999984
CCOCCOC1=C(C=C2C(=C1)N=CN=C2NC3=CC(=C(C=C3)OCCOC)Cl)NC(=O)/C=C/CN(C)C,8.13667714
CN(C)C/C=C/C(=O)N1CCC(CC1)N2C3=NC(=NC=C3CN(C2=O)C4=C(C(=CC(=C4Cl)OC)OC)Cl)NC5CCOC5,8.910094889
C1CNC2=CC3=C(C=C21)C(C(=C(O3)N)C#N)C4=CC(=CC=C4)Cl,6.478861916
CCOC(=O)C1=C2C(=CN1)C(C3=C(N2)CCCC3=O)C4=CC=C(O4)SC5=NC6=C(N5)C=C(C=C6)Cl,7.468521083
CC1(C2(CCC1(OC2=O)C(=O)N[C@H]3CCC4=CC(=C(C(=C4C5=CC=C(C(=O)C=C35)SC)OC)OC)OC)C)C,5.620000528
CN1CCC(CC1)C2=CC(=CC=C2)NC3=NN4C=CC=C(C4=N3)C5=CC=C(C=C5)S(=O)(=O)C,7.301029996
CCCC(=O)NC1=CN(C(=N1)C(=O)NCCOC2=CC3=CC4=C(C5=CC6=C(COC(=O)C6(CC)O)C(=O)N5C4)N=C3C=C2)COC,6
CC1=C(C=CC=C1C2=CC=CC=C2)COC3=C(C=C(C(=C3)OCC4=CC(=CC=C4)C#N)CN5CC(C5)(C)O)Cl,7
CCOCCOC1=C(C=C2C(=C1)N=CN=C2NC3=CC(=C(C=C3)F)Cl)NC(=O)/C=C\Cl,8.795880017
C[C@@H](C1=CC=C(C=C1)N2CC3=CC=CC=C3C2=O)C(=O)NC4=NNC(=C4)C5CC5,8.698970004
C1CCC(C1)SC2=NN=C(N2C3=CN=CC=C3)COC4=CC=C(C=C4)C5=CC=C(C=C5)C(=O)N,7.387216143
CCN1C(=CC(=C1C2=CC=CC=C2)C(=O)N)C3=NC(=NC=C3)N,7.397940009
CN1C2=C(C(N=C(C3=C2C=CC(=C3)OC)C4=CC=C(C=C4)Cl)CC(=O)NC5=CC=C(C=C5)O)SC1=O,6.292429824
C1=CC(=CC=C1C2=CC=NC3=NNC(=C23)N)NC(=O)NC4=CC(=C(C=C4)F)C(F)(F)F,8.420216403
C[C@@H](C(=O)NC(CC1=CC=C(C=C1)N=C(N)N)P(=O)(OC2=CC=CC=C2)OC3=CC=CC=C3)NC(=O)[C@@H](CO)NS(=O)(=O)C4=CC=C(C=C4)C#N,8.207608311
COC1=CC=CC(=C1OC)CNC(=O)C2=C3CCCCN3C4=C2N=CN=C4N5CCN(CC5)CCC6=CC(=C(C=C6)F)F,7.366531544
CC1(C=CC2=C(C=CC(=C2O1)C(=O)/C=C/C3=CC(=C(C=C3)OC)NS(=O)(=O)C)OC)C,5.698970004
CC1=C(C=CC=C1C2=CC=CC=C2)/C=C/C(=O)C3=C(C=CC(=C3)CN4CCNCC4)O,4.698970004
C1CN(CCN1)C2=CC3=C(C=C(C=C3NCC4=CC(=CC=C4)[N+](=O)[O-])C(F)(F)F)N=C2,8.657577319
CN1C=CC2=C(C=CC=C21)C3=NC4=C(C=CC=C4N3)C5=CC(=C(C(=C5)OC)OC)OC,7.167491087
CCCN1C(=O)C2=C(C=CC(=C2)Cl)N3C1=NNC3=S,5.752026734
C1CC1CN2C(=O)C3=C(C=CC(=C3)F)N4C2=NNC4=S,6.113509275
CCOC(=O)C1=C(OC2=C(C1C3=CC(=CC=C3)Cl)C=CC(=C2)N(C)C)N,6.044649043
CN(C1=CC(=C(C=C1)OC)OC(=O)CCl)C2=CC(=O)OC3=CC=CC=C32,7.756961951
C1=CC=C(C=C1)N2C(=C(C=N2)C(=O)NC3=NC4=CC=CC=C4C=C3)Br,8.431798276
C[C@@](C1CCOCC1)(C2=CC3=C(C(=C2)F)[C@@](N(C3=O)[C@@H](CC(=O)O)C4=CC=C(C=C4)Cl)(C5=CC=C(C=C5)Cl)OC)O,7.920818754
CC(=O)O[C@@H]1C[C@]2([C@@H](CC[C@@H]2O)C3=C1[C@]4([C@H](OC(=O)/C(=C/N5CCOCC5)/C4=C(C3=O)O)COC)C)C,7.431798276
CN1CCN(CC1)C2=NN(N=C2C(=O)C3=CC(=C(C(=C3)OC)OC)OC)C4=CC=CC=C4,5.181774106
CC(C)N1C=NC2=C(N=CN=C21)NCC3=CC(=C(C=C3)OC)O,5.346787486
CC1=C(C=CC=C1C2=CC=NC=C2)COC3=C(C=C(C(=C3)OCC4=CC(=CC=C4)C#N)CNCCO)Cl,7
CC1=NC2=C(C=C(C=C2Br)Br)C(=O)N1/N=C/N(C)C,4
CC1=C(N=NN1C2=CC=C(C=C2)Cl)/C(=N/NC(=S)N)/C,6.619788758
CC1(CCC(=C(C1)CN2CCN(CC2)C3=CC=C(C=C3)C(=O)NS(=O)(=O)C4=CC(=C(C=C4)N[C@H](CCN(C)CCCCCNC5=CC=CC6=C5C(=O)N(C6=O)[C@@H]7CCC(=O)NC7=O)CSC8=CC=CC=C8)S(=O)(=O)C(F)(F)F)C9=CC=C(C=C9)Cl)C,7.215382707
CC(C)N1C=NC2=C(N=CN=C21)NCC3=CC=CC=C3O,5.356547324
CC1=C(C(=O)C2=C(N1C)C=CC(=C2)C3=CCCC3)C(=O)NC4=CC(=C(C=C4)OC5=NC=NC6=C5C(=CN6)C7=CC=CC=C7)F,5.478861916
CCNC(=O)NC1=C(C=C2C=NC(=NC2=N1)NCCN(CC)CC)C3=C(C=CC=C3Cl)Cl,5.886056648
C1=CC=C2C(=C1)N=C(S2)C3=CC=C(C=C3)NC(=O)CNC4=CC(=C(C=C4)F)Cl,8.187086643
CC1=C(C=NN1C2=CC=CC=C2F)C(=O)NC3=NC4=CC=CC=C4C=C3,9.036212173
C1CCC2=C(C1)C(=O)NC(=N2)N3CCC4(CC3)C5=C(C=CC=C5NC4=O)C#N,7.571865206
CN(C)CCNC(=O)C1=C2C(=CC=C1)N=C3C=CC4=C(C3=N2)C=CC=C4OCC(=O)N,6.484126156
C1CN(C[C@H]1N)C2=C(C=C3C4=C2OC5=CC6=CC=CC=C6C=C5N4C=C(C3=O)C(=O)O)F,7.698970004
COCCNCC(=O)NC1=C2C3=CC=CC=C3SC2=C(C=C1)C4=CC=CC5=C4OC(=CC5=O)N6CCOCC6,8.15490196
CS(=O)(=O)NC1=CC=C(C=C1)N2C3=C(C=CC(=C3)C#N)C=C4C2=NC(=O)N(C4=O)C5=CC=C(C=C5)Cl,8.187086643
COC1=CC(=CC(=C1OC)OC)SC2=C(NC3=C2C=CC(=C3)F)C4=CC=CC=C4,7.096910013
CN(CCCNC(=O)C1=C(C=CC2=NC3=CC=CC=C3N=C21)Cl)CCCNC(=O)C4=C(C=CC5=NC6=CC=CC=C6N=C54)Cl,8.920818754
CCCCC/C(=N\S(=O)(=O)CC1=CC=CC=C1)/NC2=CC(=C(C=C2)OC3=C4C(=NC=C3)C=CS4)F,7.426780173
CC(C)N1C=NC2=C(N=CN=C21)NCC3=CC(=CC=C3)O,5.508638306
CN1C2=NC(=NC=C2C=C(C1=O)C3=C(C=CC=C3Cl)Cl)NC4=CC=C(C=C4)CCCC(=O)O,7.096910013
C[C@@H]1CO[C@@H](CN1C2=NC(=NC(=C2)C3=CC4=C(C=C3)C(=NN4)N)NC)C(=O)NC5CCCCC5,8.500038134
CC[C@@H]1C(=O)N(C2=CN=C(N=C2N1C3CCCC3)NC4=C(C=C(C=C4)C(=O)NCCN(C)C)OCCO)C,7.419987887
COC(=O)[C@H](CC1=CC=CC=C1)NC(=O)CCCCCCC(=O)NO,6.096910013
CC(=O)N1CCN(CC1)CC2=CC(=C(C=C2)O)C(=O)/C=C/C3=CC(=CC=C3)C4=CC=CC=C4,4.698970004
C1CCC(C1)SC2=NN=C(N2C3=CN=CC=C3)COC4=CC=C(C=C4)F,6.218963061
CCN1CCN(CC1)C2=CC=C(C=C2)C3=NNC4=C3C=CC(=C4)[C@@H]5C[C@]56C7=C(C=CC(=C7)OC)NC6=O,8.795880017
CN1C2=CC=CC=C2C=C1C3=NCC(O3)C4=CC(=C(C(=C4)OC)OC)OC,5.823908741
CC(C)C1=C2C(=NN1)C(=NC=N2)NCC3=CC=CC=C3,5.920818754
CCN(CC)CCCNC1=NC=C2C=C(C(=O)N(C2=N1)C)C3=C(C=CC=C3Cl)Cl,5.853871964
C1=CC(=CC(=C1)Br)C2=C(C=C(N2)C3=CC=NC=C3)C(=O)N,7.251811973
C[C@@H](C1=NN=C(O1)[C@]23CCCC([C@@H]2CCC4=CC(=C(C(=C34)O)O)C(C)C)(C)C)NC(=O)OC(C)(C)C,6.191114133
CC1=CC(=NC2=C1C(=O)C=C(N2)C3=CC=CC4=CC=CC=C43)C,6.107905397
CCOC1=C(C=CC(=C1)C(=CC#N)C2=CC(=C(C=C2)OC)N3C=CC=C3)OC,7.30980392
C1COCCN1CCNC(=O)CCC(=O)OCCCCCCSC2=CC=C(C3=NON=C23)[N+](=O)[O-],5.970616222
CN1C=C(C2=C1C=C(C=C2)NC3=NC=C(O3)C4=CC=CC(=C4)CN)C#N,5.455931956
CN1C(=NC=N1)C2C(NC3=CC=CC4=C3C2=NNC4=O)C5=CC=CC=C5,8.619788758
C1CCC(C1)SC2=NN=C(N2C3=CC(=CC=C3)[N+](=O)[O-])COC4=CC=CC=C4,5.55129368
CN1C=NC=C1C(C2=CC=C(C=C2)C#N)OCC3=C(C=C(C=C3)C#N)C#CCCC4=CC=CC=C4,8.853871964
C1CCN(C1)C(C2=CSC=C2)C(=O)NC3=CC4=C(C=C3)NN=C4C5=CC=C(C=C5)N6CCC(CC6)O,7.886056648
CC(=O)C1=CC=CC=C1C2=CC=C(C=C2)OCC3=NN=C(N3C4=CN=CC=C4)SC5CCCC5,6.42136079
CCC(C1=NC2=C(C(=O)N1CC3=CC=CC=C3)SC=C2)N(CCCN)C(=O)C4=CC5=NC=CN=C5C=C4,5.493494968
CCN1CCN(CC1)CC2=CC(=C(C=C2OCC3=CC(=CC=C3)C#N)OCC4=C(C(=CC=C4)C5=CC6=C(C=C5)OCCO6)C)Cl,6.148435918
CC1=C(N=NN1C2=CC=C(C=C2)Cl)/C(=N/NC(=O)N)/C,6.494850022
CCC1=CC2=C(C=C1)N(C(=C(C2=O)C(=O)NC3=CC(=C(C=C3)OC4=C(C(=NC=C4)C(=O)N)Cl)F)C)C,5
CCC(=O)C1=C2CCCCN2C3=C1N=CN=C3N4CCN(CC4)CCC5=CC=CC=C5,5.552841969
C1CCC(CC1)NC2=NN=C(N2C3=CC=CC=C3)COC4=CC=CC=C4,5.462180905
CN1CCN(CC1)CC2=CC=C(C=C2)C3C(C4=NNC(=O)C5=C4C(=CC=C5)N3)C6=CC=CC=C6,8.694648631
C1CCC2=C(C1)C(=O)NC(=N2)N3CCC4(CC3)C5=C(C=CC=C5Cl)N(C4=O)CCO,8.167491087
CC1=C(SC=N1)C2=CC=C(C=C2)[C@H](C)NC(=O)[C@@H]3C[C@H](CN3C(=O)[C@H](C(C)(C)C)NC(=O)COCCOCCN(C)CC[C@H](CSC4=CC=CC=C4)NC5=C(C=C(C=C5)S(=O)(=O)NC(=O)C6=CC=C(C=C6)N7CCN(CC7)CC8=C(CCC(C8)(C)C)C9=CC=C(C=C9)Cl)S(=O)(=O)C(F)(F)F)O,7.013228266
C1COCCN1CCOC2=C3C(=C4C(=C2)N=CN=C4OC5=CC=C(C=C5)NC(=O)NC6=C(C=CC(=C6)C(F)(F)F)F)OCCO3,5.966174306
C1=CC=C(C=C1)/C=C/C(=O)N[C@@H](CCCCCC(=O)NO)C(=O)NC2=CC=CC3=C2N=CC=C3,7.677780705
C1=CC(=CC=C1C2=CC=NC3=NNC(=C23)N)NC(=O)NC4=CSC=C4,7.431798276
CN1C=NC=C1C(C2=CC=C(C=C2)C#N)OCC3=C(C=C(C=C3)C#N)C#CC4=CC=C(C=C4)C#N,9.200659451
CN1CCC(CC1)NC(=O)C2=C(C=C(C=C2)NC3=NC=C4C(=N3)C(=CS4)C5=CC=CC=C5OC)F,7.320572103
CCC(=O)N1CC[C@@H](C1)N2C3=NC(=NC=C3CN(C2=O)C4=CC=CC=C4C)NC5=CC(=C(C=C5)N6CCN(CC6)C)C,8.251811973
C[C@@H](C1=CC=C(C=C1)N2CCN(C2=O)C)C(=O)NC3=NNC(=C3)C4CC4,7.769551079
CC1=CC2=NC3=CC=CC(=C3N=C2C=C1)C(=O)NCCCN(C)CCCNC(=O)C4=C5C(=CC=C4)N=C6C=C(C=CC6=N5)C,6.205511953
CC1=C(C=CC=C1C2=CC=CC=C2)COC3=C(C=C(C(=C3)OCC4=CC(=CC=C4)C#N)CN5C[C@H](C[C@@H]5CO)O)Cl,8
C1=CC=C(C=C1)C2C(NC3=CC=CC4=C3C2=NNC4=O)C5=CC=CC=C5,8.214670165
CC[C@@H]1C(=O)N(C2=CN=C(N=C2N1C3CCCC3)NC4=C(C=C(C=C4)C(=O)NC5CCN(CC5)C)OCCO)C,8.369572125
C1=CC=C2C(=C1)C3=C(N2)N=CN=C3NC4=CC(=CC=C4)Cl,8.22184875
CC1C=C(NC2=C1C=CC=N2)C3=CC(=CC=C3)Cl,6
CN1C2=C(C(N=C(C3=C2C=CC(=C3)OC)C4=CC=C(C=C4)Cl)CC(=O)NC5=CC=C(C=C5)F)SC1=O,6.167491087
COC1=CC(=CC(=C1OC)OC)C2=C3C(=CC=C2)NC(=N3)C4=CC=CC(=C4)C#N,5
CC1=CC=C(C=C1)CNC(=O)N2CCOC3=C2C=CC(=C3)OC4=C5C=C(C(=CC5=NC=C4)OC)OC,7.590066877
C1=CC(=CC(=C1)F)COC2=C(C=C(C=C2)NC(=O)C3=C(C=CC(=C3)NC(=O)CCCCCC(=O)NO)O)Cl,6
CN1C=C(C2=CC=CC=C21)C3=NC(=NC=C3)NC4=CC=C(C=C4)C(=O)NCCC(=O)NO,6
CC1=C(N=NN1C2=CC=C(C=C2)C(=O)O)/C(=N/NC(=O)N)/C,6.537602002
C1=CSC(=C1)C2=C(C=C(N2)C3=NC(=NC=C3)N)C(=O)N,7.657577319
CC1=C(C=NN1C2=C(C(=CC=C2)Cl)F)C(=O)NC3=NC4=CC=CC=C4C=C3,7.853871964
C1=CC=C(C=C1)C2=C(C=C(N2CCN)C3=NC(=NC=C3)N)C(=O)N,6.27572413
COC1=CC2=C(C=C1)C(=CC(=N2)C3=CC=CC=C3)C(=O)NC4=CC=C(C=C4)C5=CC6=CC=CC=C6O5,5.27572413
C1=CC(=CC(=C1)Br)NC2=NC=NC3=C2C=C(C=C3)NC(=S)NC4=CC=C(C=C4)Br,7.450996738
CC1=CC=C(C=C1)NC(=O)NC2=CC3=C(C=C2)C(=CN3C)C#N,6.638272164
C1=CC=C(C=C1)C(=O)C2=CC=C(C=C2)NC(=O)NCC3=CN=CC=C3,7.769551079
CC1=C(C=CC(=C1)NC(=O)NC2=CC=C(C=C2)C3=NC=CC4=C3C(=NN4)N)F,7.468521083
CCN1/C(=C/C2=[N+](C=CS2)CC3=CSC(=N3)C)/S/C(=C/4\N(C5=C(S4)C=C(C=C5)Cl)C)/C1=O.[Cl-],6.13076828
CC(C1=CC=C(C=C1)NC2=NC=C3C=C(C=CC3=N2)C4=CC=NC=C4)NC(=O)C,7.443697499
C1CN(CCN1C2=NC(=NC(=N2)C3=CN=C(C=C3)N)N4CCOCC4)C(=O)C5=C(C=CC(=C5)CC6=NNC(=O)C7=CC=CC=C76)F,8.969805215
CC(C)C1=CC=CC=C1C2=NC(=C3C=CSC3=N2)NCC4=CC=C(C=C4)C5=CN=CC=C5,6.552841969
C1=CC=C(C=C1)N2C3=C(C=CC(=C3)C#N)C=C4C2=NC(=O)N(C4=O)C5=CC=C(C=C5)Cl,6.568636236
CC(C)C1=CC=CC=C1C2=NC=C(C(=N2)NCC3=CC=C(C=C3)C4=CN=CC=C4)OC,7.15490196
CN(C)CC(=O)N1CCC(CC1)OC2=CC=C(C=C2)C3=NNC4=C3C=C(C=C4)C(=O)NC(C5CC5)C6=CC=CC=C6,8.387216143
C[C@@H](C1=CC=C(C=C1)Cl)N2C(=O)C3=C([C@@]2(C4=CC=C(C=C4)Cl)OCC5(CC5)CO)C=CC(=C3)C(C)(CO)O,7.721246399
CC(C)N1CCN(CC1)C(=O)COC2=C3C4=CC=CC=C4SC3=C(C=C2)C5=CC=CC6=C5OC(=CC6=O)N7CCOCC7,7.795880017
COC1=CC=CC(=C1)CNC2=NNC3=C2C(=NC=N3)NC4=CC(=CC=C4)Cl,6.091514981
COC1=C2C=C(C=N1)C3=CC4=C(C=C3)N=CN=C4N5CCC(CC5)CNC(=O)C6=CC(=CC=C6)S(=O)(=O)N2,8.431798276
CC(=CCC[C@]\1(C/C=C(\C(=O)/C=C/[C@@]([C@@H](/C=C1)OC(=O)C=C(C)C)(C)O)/C=N/OC)C)C,5.322393047
C1CCN2C(=C(C3=C2C(=NC=N3)N4CCN(CC4)CCC5=CC=C(C=C5)[N+](=O)[O-])C#N)C1,6.281498311
COC1=CC=C(C=C1)CCC(=O)C2=CC(=C(C(=C2)OC)OC)OC,5
CC1=C(C=CC=C1C2=CN=CC=C2)COC3=C(C=C(C(=C3)OCC4=CC(=CC=C4)C#N)CN[C@H](CO)C(=O)O)Cl,8
COC1=CC2=C(C=C1)C3=C(C(=C(C=C3C=CC2)OC)OC)OC,5.820000358
COC1=C(C=C(C=C1)CCC(C2=CC(=C(C(=C2)OC)OC)OC)O)O,6
C1=CC=C(C(=C1)C2=NC3=CC=CC=C3C(=N2)NCC4=CC=C(C=C4)C(F)(F)F)C(F)(F)F,5.050609993
COC1=CC=CC2=C1C=CC3=NC4=CC=CC(=C4N=C23)C(=O)NCCN5CCOCC5,5.998266287
CCN(C)C(=O)O[C@H]1C=CC(=O)[C@]2([C@]13[C@H](O3)C[C@@H]4[C@@H]2CC[C@]5([C@]4([C@H](C=C5[C@H](C)[C@H]6CC(=C(C(=O)O6)C)C)OC(=O)C)O)C)C,5.749579998
CCCNC(=O)C1=CC(=C(C=C1)NC2=NC=C3C(=N2)N([C@@H](C(=O)N3C)CC)C4CCCC4)OCCO,7.389978975
CN(C)C1=CC=C(C=C1)C(=O)N[C@@H](CCCCCC(=O)NO)C(=O)NCC2=CC=CC=N2,5.443697499
C1=CC(=CC(=C1)Cl)NC(=O)CCC(=O)OCCCCCCSC2=CC=C(C3=NON=C23)[N+](=O)[O-],5.962573502
CN1C=C(C=N1)S(=O)(=O)C2=CC=C(C=C2)NC(=O)NCC3=CN=CC=C3,8.15490196
CN(C)CC1=CC(=CC=C1)C2C(C3=NNC(=O)C4=C3C(=CC=C4)N2)C5=CC=CC=C5,8.580044252
C1CN(CCN1CCO)CC(=O)NC2=C3C4=CC=CC=C4SC3=C(C=C2)C5=CC=CC6=C5OC(=CC6=O)N7CCOCC7,8.301029996
COC1=CC2=C(C(=C1)OC)C(=O)NC(=N2)C3=CC=C(C=C3)OCCCCCCC(=O)NO,6.536107011
CC1=C(C2=NC3=CC=CC=C3C=C2C=C1)C(=O)NCCCN(C)CCCNC(=O)C4=C(C=CC5=CC6=CC=CC=C6N=C54)C,5.887730232
C[C@@H]1C(=O)N(C2=C(N1C3CCCC3)C=C(C=C2)C4=NC(=NN4C5=CC=CC=C5)C(=O)N6CCN(CC6)C)C,8.148741651
C1CCC(CC1)(CNC(=O)C2=CC3=C(C=C2)NN=C3C4=CC=C(C=C4)N5CCC(CC5)O)N6CCOCC6,6.638272164
CC(C)(C)C1=CN=C(O1)CSC2=CN=C(S2)NC3=CC=C(C=C3)S(=O)(=O)NCCO,7.161150909
C1=CC=C(C(=C1)NC(=S)NC2=CC3=C(C=C2)N=CN=C3NC4=CC(=CC=C4)Br)Cl,7.801342913
C1=CC=C(C=C1)C2=NC3=CC=CC=C3C(=C2)C(=O)NC4=NN=C(O4)C5=CC=CO5,4.738737131
COC1=CC(=CC(=C1OC)OC)CC2=C(NC3=C2C=C(C=C3)Cl)C4=CC=CC=C4,6.508638306
COC1=CC(=CC(=C1OC)OC)C2=NNC3=C2C=C(C=C3)C4=CC(=CC=C4)/C(=N/O)/N,5
COC1=C(C=C(C=C1)C(=CC#N)C2=CC(=CC(=C2)OC)OC)N,8.853871964
COC1=CC(=C(C=C1)/C=C/C(=O)C2=CC(=C(C=C2)OC)OC)OC,6.522878745
CCNC(=O)NC1=C(C=C2C=NC(=NC2=N1)NCCCN3CCN(CC3)C)C4=C(C=CC=C4Cl)Cl,7.27572413
CC(C)C[C@@H](C(=O)C(=O)NC1=CC=CC=C1C2=CC=CC=C2)NC(=O)[C@H](CC(C)C)NC(=O)[C@H](CC(C)C)NC(=O)OCC3=CC=CC=C3,5.327809749
C1=CC=C(C=C1)OC2=CC=C(C=C2)N3C4=C(C=CC(=C4)C#N)C=C5C3=NC(=O)NC5=O,5.958607315
CN(C)C/C=C/C(=O)N1CCC(CC1)N2C3=NC(=NC=C3CN(C2=O)C4=C(C(=CC(=C4Cl)OC)OC)Cl)NC5=CC(=CC=C5)F,8.91721463
CC1(CCC(=C(C1)CN2CCN(CC2)C3=CC=C(C=C3)C(=O)NS(=O)(=O)C4=CC(=C(C=C4)N[C@H](CCN(C)CCOCCOCCOCCOCCNC5=CC=CC6=C5C(=O)N(C6=O)[C@@H]7CCC(=O)NC7=O)CSC8=CC=CC=C8)S(=O)(=O)C(F)(F)F)C9=CC=C(C=C9)Cl)C,7.714442691
CC1=C(C(=CC=C1)C)C2=C(N=C3C(=C2)C=NC(=N3)N)NC(=O)NC(C)(C)C,6.397940009
CN1[C@@H]2CC[C@H]1CC(C2)OC3=CC=C(C=C3)C4=NNC5=C4C=C(C=C5)C(=O)NC(C6CC6)C7=CC=CC=C7,8.552841969
CC1=NC2=CC=CC=C2C(=C1)C(=O)N3CCC4(CC3)CC(=O)C5=NN(C=C5O4)C(C)(C)C,7.698970004
CC1=C(C=CC(=C1)NC(=O)NC2=CC=C(C=C2)C3=CN=CC4=C3C(=NN4)N)F,9.15490196
C[C@]12CC[C@H](C1(C)C)CC(=O)N2CC3=CN(N=N3)C4=CC(=CC=C4)Br,7.045757491
CC1=C(N=NN1C2=CC=C(C=C2)S(=O)(=O)N)/C(=N/NC(=S)N)/C,7.301029996
CCC(C1=NC2=C(C(=O)N1CC3=CC=CC=C3)SC=C2)N(CCCN)C(=O)C4=CC=CO4,6.301029996
COC1=C(C=CC(=C1)C2=C3C4=CC(=C(C=C4C=CN3C5=C2C6=CC(=C(C=C6OC5=O)O)OC)O)OC)O[C@H]7[C@@H]([C@@H]([C@H](O7)CO)O)O,6.211831629
CN1C2=NC(=NC=C2C=C(C1=O)C3=C(C=CC=C3Cl)Cl)NC4=CC(=CC=C4)Br,6.173925197
CC1=C(C=NN1C2=C(C=CC=C2Br)F)C(=O)NC3=NC4=CC=CC=C4C=C3,8.494850022
CC1=CC(=CC=C1)NCCC2(CCOC(C2)(C)C)C3=CC=CC=C3,7.508638306
CS(=O)(=O)C1=CN=C(C=C1)C2=NN=C(N2C3=CC=CC=C3Cl)/C=C/C4=NN=C(O4)C5=CC=C(C=C5)C#N,7.068033885
COC1=CC2=C(C=CN=C2C=C1OCCCN3CCOCC3)OC4=C(C=C(C=C4)NC(=O)C5(CC5)C(=O)NC6=CC=C(C=C6)F)F,8.66756154
CC1=C(C=CC=C1C2=CC=CC=C2)COC3=C(C=C(C(=C3)OCC4=CC(=CC=C4)C#N)C=NC(CS)C(=O)O)Cl,7
C1=CC=C(C=C1)CNC(=O)[C@H](CCCCCC(=O)NO)NC(=O)CC2=CNC3=CC=CC=C32,6.48148606
COC(=O)C1=CC(=CC=C1)N2C(=O)C3=CC4=C(C=C(C=C4)C#N)N(C3=NC2=O)C5=CC=C(C=C5)O,7.420216403
CCOC(=O)C1=C2C(=CN1)C(C3=C(N2)CCCC3=O)C4=CC=C(O4)SC5=NC6=C(N5)C=C(C=C6)F,7.823908741
C[C@@H]1C(=O)N(C2=C(N1C3CCCC3)C=C(C=C2)C4=NC(=NN4C5=CC=C(C=C5)C)C(=O)N6CCN7CCCC7C6)C,8.060480747
C1CN(CCN1CC(=O)O)C2=CC3=C(C=C(C=C3NCC4=CC(=CC=C4)[N+](=O)[O-])C(F)(F)F)N=C2,8.356547324
CN\1C2=C(C=C(C=C2)Cl)S/C1=C/3\C(=O)N(/C(=C/C4=[N+](C=CS4)CC5=CC=CC=C5)/S3)C6CC6.[Cl-],6.251811973
CN1C=CN=C1C2C(NC3=CC=CC4=C3C2=NNC4=O)C5=CC=C(C=C5)C(F)(F)F,8.278189385
C[C@@](C1=CC2=C(C(=C1)F)[C@@](N(C2=O)[C@@H](CC(=O)O)C3=CC=C(C=C3)Cl)(C4=CC=C(C=C4)Cl)OC)(C5(CCOCC5)F)O,7.920818754
CN1CCN(CC1)C2=NC=C(C=C2)C3=NNC4=C3C=CC(=C4)[C@H]5C[C@@]56C7=C(C=CC(=C7)OC)NC6=O,7.522878745
CC1=C(C(=O)C2=C(N1C)C=CC(=C2)C3CC3)C(=O)NC4=CC(=C(C=C4)OC5=NC=NC6=C5C(=CN6)C7=CC=CC=C7)F,6.638272164
C1=CC=C(C=C1)CCN2C(=O)C3=CC=CC=C3N4C2=NNC4=S,5.358525889
CC(CC1=CC(=C(C=C1)OC)O)C(C2=CC(=C(C(=C2)OC)OC)OC)O,6.22184875
CCC(C1=NC2=C(C(=O)N1CC3=CC=CC=C3)SC=C2)N(CCCN)C(=O)C4=CC=C(C=C4)OC(F)(F)F,5.609064893
C1=CC=C(C(=C1)NC(=O)CCC(=O)OCCCCCCSC2=CC=C(C3=NON=C23)[N+](=O)[O-])Cl,5.530177984
CN1CCN(CC1)CCCNC2=NC=C3C=C(C(=O)N(C3=N2)C)C4=C(C=CC=C4Cl)Cl,5.060480747
CN1CCN(CC1)CC2=CC(=CC(=C2)NC(=O)C3=CC=CC(=C3)C#CC4=CN5C(=CC=N5)N=C4)C(F)(F)F,8.153662888
C1CN(C1)CC2=CC=C(C=C2)[C@H]3[C@@H](C4=NNC(=O)C5=C4C(=CC=C5)N3)C6=CC=C(C=C6)F,8.251811973
CC/C=C(\C)/C(=O)OC1=C(C=CC(=C1)N(C)C2=CC(=O)OC3=CC=CC=C32)OC,7.485452247
CN1CCN(CC1)C2=CC(=C(C=C2)NC3=NC=C4CN(C(=O)N(C4=N3)C5=CC=CC(=C5)NC(=O)C=C)CC6=CC=CC=C6)OC,8.522878745
COC1=CC=CC(=C1)N2C=CC(=C2)C(=O)C3=CC(=C(C(=C3)OC)OC)OC,6.22184875
C1C=C(C(=O)N1CC2=CC=C(C=C2)F)CCC(=O)NO,7.22184875
C1=CC2=C(C=C1F)C(=O)N(C3=NNC(=S)N23)CCN,5.363512104
C1=CC=C(C=C1)CCNC(=O)[C@H](CC2=CC=CC3=CC=CC=C32)NC(=O)CCCCCCC(=O)NO,6.508638306
CC(=O)NC1=CC=C(C=C1)C2C(C3=NNC(=O)C4=C3C(=CC(=C4)F)N2)C5=NC=NN5C,8.681936665
CN1CCC(CC1)OC2=CC=C(C=C2)C3=NNC4=C3C=C(C=C4)NC(=O)C(C5CCCC5)C6=CSC=C6,8.096910013
CC[C@@]1(C2=C(COC1=O)C(=O)N3CC4=CC5=CC=CC=C5N=C4C3=C2)O,8.096910013
CCC(C1=NC2=C(C(=NO2)C)C(=O)N1CC3=CC=CC=C3)N(CCCN)C(=O)C4=CC=C(C=C4)C,7.795880017
CC1C(=O)N(C2=C(N1C3CC3)C=C(C=C2)NCC4=CC=CC=C4)C,6.337242168
CC(C)(C1=CC2=C(C=C1)[C@@](N(C2=O)CC3=CC=C(C=C3)C#N)(C4=CC=C(C=C4)Cl)OCC5(CC5)CO)O,8.142667504
CC1=CC(=C(C=C1)F)NC(=O)NC2=CC=C(C=C2)C3=NC=CC4=C3C(=NN4)N,7.214670165
CCOC(=O)C1=C2C(=CN1)C(C3=C(N2)CC(CC3=O)(C)C)C4=CC=C(O4)SC5=NC6=CC=CC=C6N5,7.769551079
CC1CCN(CC1)CCCOC2=CC3=NC=CC(=C3C=C2OC)OC4=C(C=C(C=C4)N/C(=N/S(=O)(=O)CC5=CC(=C(C=C5)Cl)Cl)/CCOC)F,8.085128182
CC1=C(C=C(C=C1)C(=O)NC2=CC(=CC=C2)OC(C)C)C#CC3=CN4C(=CC=N4)N=C3,7.455683858
C1CN(CCN1)C2=CC=C(C=C2)C3=NC4=C5N3CCNC(=O)C5=CN=C4,7.698970004
CCN(CC)C(=O)O[C@H]1C=CC(=O)[C@]2([C@]13[C@H](O3)C[C@@H]4[C@@H]2CC[C@]5([C@]4([C@H](C=C5[C@H](C)[C@H]6CC(=C(C(=O)O6)C)C)OC(=O)C)O)C)C,6.124938737
COC1=CC2=C(C=CN=C2C=C1OC)OC3=CC4=C(C=C3)C(=CC=C4)C(=O)NC5=CC=CC(=C5)C(F)(F)F,9.299988938
C1=CC(=CC(=C1)Cl)NC2=C3C(=NN2)N=CN=C3NC4=CC(=CC=C4)Cl,5.853871964
CC1C(=O)N(C2=C(N1C3CC3)C=C(C=C2)C4=NC(=NN4C5=CC=C(C=C5)C)C(=O)N6CCN(CC6)C)C,8.026872146
C/C=C/C(=O)OC1=C(C=CC(=C1)N(C)C2=CC(=O)OC3=CC=CC=C32)OC,7.359518563
C1=CC2=C(C=CS2)C=C1C3=C(C=C(N3)C4=NC(=NC=C4)N)C(=O)N,7.086186148
C1=CC(=CC=C1/C=C/C(=O)C2=CC=C(C=C2)F)F,5.30980392
C[C@@H](C(=O)N[C@@H](CC1=CC=C(C=C1)OC)C(=O)N[C@@H](CC2=CC=CC=C2)C(=O)[C@]3(CO3)C)NC(=O)CN4CCOCC4,7.232844134
COC1=CC=CC=C1C2CCN(CC2)C3=NC4=C(CCCC4)C(=O)N3,7.170053304
CCC(=O)N1CC[C@@H](C1)N2C3=NC(=NC=C3CN(C2=O)C4=CC(=CC=C4)OC(F)F)NC5=CC(=C(C=C5)N6CCN(CC6)C)C,7.552841969
C1=CC=C(C=C1)C2=NN(C3=NC=NC(=C23)N)C4=CC=CC=C4,6.096910013
CC1=C(C=CC=C1C2=CC(=O)C3=C(O2)C=CC(=C3)CN4CCN(CC4)C(=O)C)C5=CC6=C(C=C5)OCCO6,5
CCOC(=O)NC1=NC=C(C(=C1)C(F)(F)F)C2=NN3C=C(C=C3C(=N2)N4CCOCC4)CN5CCN(CC5)S(=O)(=O)C,7.677780705
CC(C)C1=CC2=C(C(=O)C1=O)[C@]3(CCCC([C@@H]3CC2=O)(C)C)C(=O)OC,6.281498311
C1C[C@H](N(C1)S(=O)(=O)C2=CC=CC=C2)C(=O)N[C@@H](CNC(=O)C3=CC=CC=C3)C(=O)O,6.180456064
C1C[C@H](N(C1)S(=O)(=O)C2=CC=CC=C2)C(=O)N[C@@H](CNC(=O)NCC3=CC=CC=C3)C(=O)O,7.823908741
CC1=CC2=C(NC(=CC2=O)C3=CC4=CC=CC=C4C=C3)N=C1,5.677780705
COC1=CC=CC(=C1)NC2=C3C=CN=CC3=C4C=CC=C(C4=N2)C5=NC=NN5,7.585026652
CN1C2=NC(=NC=C2C=C(C1=O)C3=C(C=CC=C3Cl)Cl)NC4=CC=C(C=C4)OCCN(C)C,7.468521083
CC1=CC=C(C=C1)N2C=CC(=C2)C(=O)C3=CC(=C(C(=C3)OC)OC)OC,7.537602002
C1=CC=C(C=C1)NC(=O)NC2=CC=C(C=C2)C3=CC=NC4=NNC(=C34)N,8.397940009
COC1=CC=CC(=C1)C2=CC(=O)C3=CC4=C(C=C3N2)OCO4,6.239999953
C1CCC(C1)SC2=NN=C(N2C3=CC=CC=C3)COC4=CC=C(C=C4)Br,6.356547324
CC1=C(C=CC=C1C2=CC3=C(C=C2)OCCO3)COC4=C(C=C(C(=C4)OCC5=CC(=CC=C5)C#N)CNCC(=O)O)Cl,7
COC1=CC(=CC(=C1OC)OC)C(=O)C2=CN(C=C2)C3=CC=CC(=C3)N,7.823908741
CN(C1=CC(=C(C=C1)OC)NC(=O)CCCCCl)C2=CC(=O)OC3=CC=CC=C32,8.455931956
CCOC1=C(C=CC(=C1)C(=CC#N)C2=CC(=C(C=C2)OC)OC(=O)[C@H](C(C)C)N)OC.Cl,7.657577319
C1=CC2=C(C=C1F)C(=O)N(C3=NNC(=S)N23)CCCN,5.645891561
CCC(C1=NC2=C(C(=O)N1CC3=CC(=CC=C3)F)SC=C2)N(CCCN)C(=O)C4=CC=C(C=C4)C,7.698970004
C1CSCCC12N=C(N=C(N2OCCCOC3=CC=CC=C3Br)N)N.Cl,9
CCC(C1=NC2=C(C(=O)N1CC3=CC=CC=C3)SC=C2)N(CC4CCNCC4)C(=O)C5=CC=C(C=C5)C,5.841637508
CN1CCN(CC1)CCCNC2=NC3=NC(=C(C=C3C=N2)C4=C(C=CC=C4Cl)Cl)NC(=O)NC5=CC=CC6=CC=CC=C65,6.522878745
C1COCCN1C2=CC(=O)C3=C(O2)C(=CC=C3)C4=C5C(=C(C=C4)OCCNC6=CN=CC=C6)C7=CC=CC=C7S5,8.698970004
COC1=CC(=CC(=C1OC)OC)C(=O)C2=NN(N=C2)C3=CC=CC=C3,6.060480747
CNC(=O)C1=CC=C(C=C1)NC2=NC=C3C(=N2)C(=CS3)C4=CC=CC=C4OC,7.100726813
C1=CC=C(C=C1)CNC(=O)NC2=CC=CC(=C2)NC(=O)C3=CC=CC=N3,5.761953897
CCCCCC(=O)NC1=C(C=CC(=C1)N(C)C2=CC(=O)OC3=CC=CC=C32)OC,7.563837353
CN(C)CCNC(=O)C1=C2C(=CC=C1)NC3=CC=C4C=CC(=O)C=C4C3=N2,6.549750892
CCOC(=O)CCC(=O)OC1=C(C=CC(=C1)N(C)C2=CC(=O)OC3=CC=CC=C32)OC,7.359518563
COC1=C(C(=C(C(=C1)/C=C/C2=NN=C(S2)NC(=O)C3=CC(=CC=C3)Cl)Br)OC)OC,7.15490196
COC1=CC(=CC(=C1OC)OC)SC2=C(NC3=C2C=CC=C3Br)C4=CC=CC=C4,7.602059991
CC1=C(C=CC=C1C2=CC=NC=C2)COC3=C(C=C(C(=C3)OCC4=CC(=CC=C4)C#N)CN5CCCC[C@H]5C(=O)O)Cl,7
CC1=C(NC(=C1C(=O)N2CCN(CC2)C)C)/C=C\3/C4=C(C=CC(=C4)S(=O)(=O)N(C)C5=CC(=CC=C5)Cl)NC3=O,7.853871964
C1CCC2=C(C1)C(=O)NC(=N2)N3CCC4(CC3)C5=C(C=CC=C5F)NC4=O,8.327902142
COC1=C2C=C(C=N1)C3=CC4=C(C=C3)N=CN=C4C5=CN(CCNC(=O)C6=CC(=CC=C6)S(=O)(=O)N2)N=C5,8.301029996
CN(C1=C(C=C(C=C1)NC(=O)C2=CC(=C(C=C2)OC)OC)OCC3=C(C=CC(=C3)Cl)Cl)S(=O)(=O)C,5.428291168
COC1=CC(=CC(=C1OC)OC)C(=O)C2=C(NC3=C2C(=CC=C3)Cl)C4=CC=CC=C4,6.585026652
COC1=CC(=C(C=C1)C(=O)/C=C/C2=CC(=C(C(=C2)OC)OC)OC)O,5.356547324
C1=CC(=C2C(=C1)NN=C2N)C3=CC=C(C=C3)NC(=O)NC4=C(C=CC(=C4)C(F)(F)F)F,6.568636236
CC(C)NC1=NC=C2C=C(C(=O)N(C2=N1)C)C3=C(C=CC=C3Cl)Cl,6.15490196
COC1=C2C=C(C=N1)C3=NN4C(=NC=C4C5=CN(CCNC(=O)C6=CC(=CC=C6)S(=O)(=O)N2)N=C5)C=C3,8.677780705
CCOC(=O)C1=NNC2=C1NC3=C(C2C4=CC=C(O4)SC5=NC6=CC=CC=C6N5)C(=O)CCC3,6.151195299
C[C@@H](C(=O)NC(CC1=CC=C(C=C1)N=C(N)N)P(=O)(OC2=CC=CC=C2)OC3=CC=CC=C3)NC(=O)[C@@H](CO)NC(=O)C4C5CC6CC(C5)CC4C6,8.096910013
C1=CC=C(C=C1)C(=O)NC2=CC=C(C=C2)C3=C4C(=CC=C3)NN=C4N,6.15864053
CCOC1C[C@@H]2[C@](CCCC2(C)C)(C3=C1C=C(C(=O)C3=O)C(C)C)C(=O)OC,5.065501549
C1=CC=C(C=C1)CCNC(=O)[C@@H](CC2=CC=CC=C2)NC(=O)CCCCCCC(=O)NO,6.408935393
CN1CCC(CC1)OC2=CC=C(C=C2)C3=NNC4=C3C=C(C=C4)C(=O)NC(C5CCCC5)C6=CSC=C6,8.568636236
COC1=C(C(=CC(=C1)C2C3=C(C(=C(C=C3)N)N)OC(=C2C#N)N)Br)OC,7.557520231
CN1C=CN=C1C2C(C3=NNC(=O)C4=C3C(=CC=C4)N2)C5=CC=CC=C5,8.024568191
CC1=C(C(=O)O[C@H](C1)[C@@H](C)C2=C[C@@H]([C@@]3([C@@]2(CC[C@H]4[C@H]3C[C@@H]5[C@]6([C@@]4(C(=O)C=C[C@@H]6OC(=O)/C=C/C(=O)N7CCCCC7)C)O5)C)O)OC(=O)C)C,6.431798276
CC(C1=CC2=C(C(=C1)F)[C@@](N(C2=O)CC3=C(C=C(C=C3)Cl)S(=O)(=O)C)(C4=CC=C(C=C4)Cl)OCC5(CC5)O)(C6=CN(N=C6)C)O,8.022276395
COC1=CC2=C(C=CN=C2C=C1OC)OC3=C(C=C(C=C3)N/C(=N\S(=O)(=O)CC4=CC=C(C=C4)F)/CC5=CSC=C5)F,7.354086725
CC1(CC(CCO1)(CCNC2=CC=C(C=C2)OC)C3=CC=CC=C3)C,6.568636236
CONC(=O)C1=CC=C(C=C1)C2=CC=C(C=C2)OCC3=NN=C(N3C4=CN=CC=C4)SC5CCCC5,7.366531544
CN1CCCN(CC1)C2=CC(=C(C=C2)NC3=NC=C4CN(C(=O)N(C4=N3)C5=CC=CC(=C5)NC(=O)C=C)C)OC,7.13667714
C1=CC=C(C=C1)CC(=O)NCCCN2C(=O)C3=C(C=CC(=C3)F)N4C2=NNC4=S,5.910094889
CC1=CC(=C(C(=C1C)C2=C(N=C3C(=C2)C=NC(=N3)N)NC(=O)NC(C)(C)C)C)C,6.148741651
CC1=CC(=CC=C1)NC(=O)NC2=CC(=C(C=C2)C3=CN=CO3)OC,6
C1C2=C(C(C3=C(N2)NN=C3)C4=CC=CC=C4F)C(=O)CN1,5.008773924
CC1=CC(=CC=C1)NC(=O)NC2=CC=C(C=C2)C3=C4C(=CC=C3)N(N=C4N)CCN5CCOCC5,6.065501549
C1CCC(C1)SC2=NN=C(N2C3=CN=CC=C3)COC4=CC(=CC=C4)Cl,6.554395797
COC1=C(C(=C2C(=C1)CC[C@@H](C3=CC(=O)C(=CC=C32)SC)NCC4=CC=C(C=C4)F)OC)OC,5.48999954
COC1=C(C=C(C=C1)C(=CC#N)C2=CC(=CC=C2)OC)OC,6.508638306
C[C@@H]1C(=O)N(C2=C(N1C3CCCC3)C=C(C=C2)C4=NC(=NN4C5=CC=C(C=C5)C)C(=O)N6C[C@H](C7(C6)CC7)N)C,8.214670165
CC1=NC2=C(N1C)C=CC(=C2)C3=NCC(O3)C4=CC(=C(C(=C4)OC)OC)OC,5.920818754
CC1=C(SC(=N1)N)C2=NC(=NC=C2)NC3=CC(=CC=C3)[N+](=O)[O-],7.318758763
CCC(=O)N1CC[C@@H](C1)N2C3=NC(=NC=C3CN(C2=O)C4=C(C=CC(=C4)OC)F)NC5=CC(=C(C=C5)N6CCN(C(C6)C)C)C,8.142667504
CN1C=C(C2=C1C=C(C=C2)NC3=NC=C(O3)C4=CC=CC(=C4)CNC(=O)OCCN(C)C)C#N,5.853871964
C1CC1C(=O)N2CCN(CC2)C(=O)C3=C(C=CC(=C3)CC4=NNC(=O)C5=CC=CC=C54)F,8.71219827
C1CCC2=C(C1)C3=C(N2)N=CN=C3NC4=CC(=CC=C4)Cl,7.537602002
C1CCC(CC1)C2=C(C=C(N2)C3=CC=NC=C3)C(=O)N,6.53313238
CC1=NC2=C(C=C(C=C2Br)Br)C(=O)N1CC(=O)N/N=C/C3=CC=CC=C3,4
COC1=CC2=C(C=C1)NC(=C2N=O)C3=C(NC4=C3C=C(C=C4)[N+](=O)[O-])O,5.530177984
C1CCNC(C1)C(=O)NCCCN2C(=O)C3=C(C=CC(=C3)F)N4C2=NNC4=S,4.558147824
C1CCC(C1)SC2=NN=C(N2C3=CC=CC=C3)/C=C/C4=CC=C(C=C4)Br,5.543633967
CN1C=C(N=C1)S(=O)(=O)N(CCN(CC2=CN=CN2C)C3=CC=C(C=C3)C#N)CC#C,6.142667504
C1CCN2C(=C(C3=C2C(=NC=N3)N4CCN(CC4)CCCC5=CC=CC=C5)C#N)C1,5.133712661
CC1=C(C=C(C=C1)NCCC2(CCOCC2)C3=CC=CC=C3)Cl,6.337242168
CCC1=CC(=CC=C1)NCCC2(CCOC(C2)(C)C)C3=CC=CC=C3,7.397940009
C1C[C@H]2CC(C[C@H]1N2C3=CC=C(C=C3)C4=NNC5=C4C=C(C=C5)C(=O)N[C@@H](C6CC6)C7=CC=CC=C7)O,8.552841969
C1COCCN1CCCOC2=C3C(=C4C(=C2)N=CN=C4OC5=CC(=C(C=C5)NC(=O)NC6=C(C=CC(=C6)C(F)(F)F)F)Cl)OCCO3,8.619788758
C[C@@]12[C@@H]([C@@H](C[C@@H](O1)N3C4=CC=CC=C4C5=C6C(=C7C8=CC=CC=C8N2C7=C53)CNC6=O)NC)OC,6.063184769
CCCO/C(=C\C1=CC(=C(C=C1)OC)F)/C(=O)C2=CC(=C(C(=C2)OC)OC)OC,7.698970004
C1CCC2=C(C1)C(=O)NC(=N2)N3CCC4(CC3)CNC5=C4C(=CC=C5)Br,7.806875402
COC1=CC2=C(C=CN=C2C=C1OC)OC3=CC4=C(C=C3)C(=CC=C4)C(=O)NC5=NC=CS5,9.519993057
CN(CCCNC(=O)C1=CC=CC2=CC3=C(C=C(C=C3)Cl)N=C21)CCCNC(=O)C4=CC=CC5=CC6=C(C=C(C=C6)Cl)N=C54,7.292429824
COC1=CC2=C(C=C1)C(=CC(=N2)C3=CC=CC=C3)C(=O)NC4=CC=C(C=C4)C5=CC=CO5,4.987162775
CCC(=O)N1CC[C@@H](C1)N2C3=NC(=NC=C3CN(C2=O)C4=C(C=CC(=C4)OC)F)NC5=CC(=C(C=C5)N6CCN(CC6)C)C(C)C,7.588380294
CCCC(=O)NC1=CC=C(N1COC)C(=O)NC2=CN(C(=C2)C(=O)NC3=CN(C(=C3)C(=O)NCCOC4=CC5=CC6=C(C7=CC8=C(COC(=O)C8(CC)O)C(=O)N7C6)N=C5C=C4)COC)COC,5.293282218
CC1C(=O)N(C2=C(N1C3CC3)C=C(C=C2)N[C@@H](C)C4=C(C=C(C=C4)C)C)C,7
CCOC(=O)C1=C2C(=CN1)C(C3=C(N2)CNCC3=O)C4=CC=C(O4)SC5=NC6=C(N5)C=CC=C6F,7.677780705
CN(C)C[C@@H](CO)NC(=O)C1=C2C(=CC=C1)N=C3C=CC4=C(C3=N2)C=CC=C4OC,7.602059991
CC1=C2C(=O)C=C(NC2=NC=C1)C3=CC(=CC=C3)Cl,6
C1COC2=C(N1C(=O)NC3=CC=C(C=C3)Cl)C=CC(=C2)OC4=NC=NC5=C4C=CN5,7.110026362
C1=CC(=C(C=C1NC(=O)CCCCCC(=O)NO)C(=O)NC2=CC(=C(C=C2)F)Cl)O,6
CCC(C1=CC=CC=C1)NC2=CC3=C(C=C2)N(C(=O)C(N3C4CC4)C)C,6.387216143
CCN(CC1=CC=NC=C1)CC(=O)NC2=C3C4=CC=CC=C4SC3=C(C=C2)C5=CC=CC6=C5OC(=CC6=O)N7CCOCC7,8.096910013
COC1=C(C(=C2C(=C1)CC[C@@H](C3=C2C=CC(=C3)SC)OC(=O)C4=CN=CC=C4)OC)OC,5.320000084
COC1=CC=CN2C1=NC(=C2CC(=O)NC3=CC4=C(C=C3)C=CS4(=O)=O)C5=CC=CC=C5,5.657577319
CC(=O)O[C@@H]1C[C@]2([C@@H](CC[C@@H]2O)C3=C1[C@]4([C@H](OC(=O)/C(=C/N(CCO)C(C)(C)C)/C4=C(C3=O)O)COC)C)C,5.954677021
C[C@@H](C(=O)N[C@@H](CC1=CC=C(C=C1)OC)C(=O)N[C@@H](CC(C)C)C(=O)C(=O)NC2=CC=CC3=CC=CC=C32)NC(=O)OCC4=CC=CC=C4,6.413862975
CC1=CN=C(S1)NC(=O)[C@@H]2CCCN2C(=O)[C@H](CC3CCCC3)CC(=O)NO,8.048662481
CN1C(=O)C2=CC3=C(C=C(C=C3)C#N)N(C2=NC1=O)C4=CC=C(C=C4)O,6.494850022
CC1=C(C=C(C=C1)C(=O)NC2CCCC2)C#CC3=CN4C(=CC=N4)N=C3,7.399898744
CC(C)N(CC(=O)NC1=CC=CC=C1)C(=O)COC2=CC=C(C=C2)C(F)(F)F,6.021363052
CC1(C=CC2=C(C=CC(=C2O1)C(=O)/C=C/C3=CC(=C(C=C3)OC)NS(=O)(=O)C4CC4)OC)C,5.707743929
C1CN(C1)S(=O)(=O)C2=CC=C(C=C2)NC(=O)NCC3=CN=CC=C3,7.22184875
COC1=C(C=C(C=C1)C2=NN3C(=C2)C=NC=C3C4=CC(=C(C(=C4)[Se]C)OC)OC)[N+](=O)[O-],5.099523629
C[N+]1(CCCCC1)CC(=O)NC2=CC3=C(C=C2)C(=O)C4=C(C3=O)C=CC(=C4)NC(=O)C[N+]5(CCCCC5)C.[I-].[I-],5.187086643
CC(=O)OC1=C(C=CC(=C1)N(C)C2=CC(=O)OC3=CC=CC=C32)OC,8.251811973
COCC/C(=N\S(=O)(=O)CC1=CC=CC=C1)/NC2=CC(=C(C=C2)OC3=C4C=C(C(=CC4=NC=C3)OC)OC)F,7.805763251
CC(C)(C)OC(=O)N1CCN(CC1)CCN2C(=O)C3=C(C=CC(=C3)F)N4C2=NNC4=S,5.735182177
CC(=O)NC1CCC2=CC(=C(C(=C2C3=C1C=C(C=C3)C(=O)OC)OC)OC)OC,5.849999245
C1CC(CNC1)C(=O)NCCCN2C(=O)C3=C(C=CC(=C3)F)N4C2=NNC4=S,4.519993057
C1=CC2=C(C=C1F)C(=C(N2)C3=C(NC4=C3C=C(C=C4)F)O)N=O,8.73754891
C1=CC=C2C(=C1)C=C(O2)C3=C(C=C(N3)C4=NC(=NC=C4)N)C(=O)N,6.181774106
CN(CCCNC(=O)C1=CC=CC2=CC3=C(C=CC(=C3)Br)N=C21)CCCNC(=O)C4=CC=CC5=CC6=C(C=CC(=C6)Br)N=C54,6.645891561
C[C@H](C1=CC=CC=C1)C(=O)NC2=NNC(=C2)C3CC3,5.22184875
CCC(=O)N1CC[C@@H](C1)N2C3=NC(=NC=C3CN(C2=O)C4=C(C=CC(=C4)OC)F)NC5=CC(=C(C=C5)N6CCCCC6)C,7.385102784
C1CCN2C(=C(C3=C2C(=NC=N3)N4CCN(CC4)CCC5=CC(=CC=C5)Cl)C#N)C1,6.036212173
CC1=C(C(=NO1)C)C2=CC3=C(C=C2)N(C(=O)N(C3C4=CC=CC=C4)CC(=O)NCCCCCC(=O)NC5=CC=CC6=C5CN(C6=O)C7CCC(=O)NC7=O)C,7.003926346
CC(=CCC[C@]\1(C/C=C(\C(=O)/C=C/[C@@]([C@@H](/C=C1)OC(=O)C=C(C)C)(C)OC(=O)C)/CO)C)C,5.625251654
C1OC2=C(O1)C=C(C=C2)/C=C/C(=O)C3=CC=C(C=C3)F,5.292429824
CC(C)C1=C(C(=C2C(=C1)C(C[C@@H]3[C@@]2(CCCC3(C)C)C(=O)OC)OC)O)O,5.958607315
COC1=C2C=C(C=N1)C3=CC4=C(C=CN=C4C=C3)C5=CC6=C(CCN(C6)C(=O)C7=CC(=CC=C7)S(=O)(=O)N2)C=C5,8.420216403
CN1C=C(C2=CC=CC=C21)C3=NC(=NC=C3)NC4=CC=C(C=C4)C(=O)NO,6
COC1=CC2=C(C=C1)NC(=O)[C@@]23C[C@H]3C4=CC5=C(C=C4)C(=NN5)C6=CN=C(C=C6)N7CCC(CC7)O,8.769551079
CCN(CCC(=O)NC1=C2C3=CC=CC=C3SC2=C(C=C1)C4=CC=CC5=C4OC(=CC5=O)N6CCOCC6)CC7=CC=NC=C7,7.508638306
COC1=CC(=CC(=C1OC)OC)C(=O)C2=C(NC3=C2C=CC(=C3)Br)C4=CC=CC=C4,7.522878745
CN1C=CN=C1C2C(NC3=CC(=CC4=C3C2=NNC4=O)F)C5=CC=CC=C5,8.669586227
CN1CCN(CC1)C2=CC3=C(C=C(C=C3NCC4=CC(=CC=C4)F)C(F)(F)F)N=C2,6.346787486
COC1=C(C(=C2C(=C1)C=C[C@@H](C3=C2C=CC(=C3)SC)O)OC)OC,5.740000205
CN1C=NC=C1C(C2=CC=C(C=C2)C#N)OCC3=C(C=C(C=C3)C#N)C#CC4=CC=C(C=C4)[N+](=O)[O-],9.259637311
CC1=CC=C(C=C1)CCCCN2CC=C(C2=O)CCC(=O)NO,6.356547324
C1CCC2=C(C1)C(=O)NC(=N2)N3CCC4(CC3)CNC5=CC=CC(=C45)C#N,7.732828272
CS(=O)(=O)NCCCN1C(=O)C2=C(C=CC(=C2)F)N3C1=NNC3=S,5.728158393
C1=CN=CC=C1C2=CC(=CN2)C(=O)N,6.552841969
CC(C)C[C@@H](C(=O)C(=O)NC1=CC=CC2=C1CCC2)NC(=O)[C@H](CC(C)C)NC(=O)[C@H](CC(C)C)NC(=O)OCC3=CC=CC=C3,7.379863945
C[C@@H]1CN(C[C@@H](O1)C)CCOC2=C3C4=CC=CC=C4SC3=C(C=C2)C5=CC=CC6=C5OC(=CC6=O)N7CCOCC7,8
CC(=O)N[C@H]1CCC2=CC(=C(C(=C2C3=CC=C(C(=O)C=C13)SC)OC)OC)O,5.800000875
CCCC1=CC=C(C=C1)OCC(=O)N(CC(=O)NC2=CC=C(C=C2)F)C(C)C,5.92190585
C[C@]12CC[C@H](C1(C)C)CC(=O)N2CC3=CN(N=N3)C4=CC=CC=C4Br,6.552841969
C1=CC(=CC(=C1)C(F)(F)F)CC(=O)NCCCN2C(=O)C3=C(C=CC(=C3)F)N4C2=NNC4=S,5.651695137
C1CNCCN(C1)CC(=O)NC2=C3C4=CC=CC=C4SC3=C(C=C2)C5=CC=CC6=C5OC(=CC6=O)N7CCOCC7,7.657577319
C1CCN(C1)C2=CC3=C(C=C2)NC(=CC3=O)C4=CC=CC=C4F,6.33999828
C[C@@H]1CN(C[C@@H](O1)C)C(=O)COC2=C3C4=CC=CC=C4SC3=C(C=C2)C5=CC=CC6=C5OC(=CC6=O)N7CCOCC7,7.214670165
CSC1=CC=C(C=C1)C2=CC=C(C=C2)OCC3=NN=C(N3C4=CN=CC=C4)SC5CCCC5,6.010550182
COC1=CC(=CC(=C1OC)OC)C2=CC3=C(C=C2)NN=C3C4=CC=CC=C4,5
C1=CC=NC(=C1)C(=O)NN2C(=O)C3=C4C5=C(C(=CC=C5)O)NC4=C6C(=C3C2=O)C7=C(N6C8C(C(C(C(O8)CO)O)O)O)C(=CC=C7)O,5.602059991
C1COCCN1C2=CC(=O)C3=C(O2)C(=CC=C3)C4=C5C(=C(C=C4)NC(=O)CCNCCO)C6=CC=CC=C6S5,8
CN1C2=C(C=CC(=C2)C3=NN4C(=C3)C=NC=C4C5=CC(=C(C(=C5)[Se]C)OC)OC)C=N1,5.431680915
C1CCC(CC1)NC(=O)NC2=CC=CC(=C2)NC(=O)C3=CC=CC=N3,7.060480747
CN1C=CN=C1[C@H]2[C@@H](NC3=CC(=CC4=C3C2=NNC4=O)F)C5=CC=C(C=C5)F,7.649751982
CC(=O)O[C@@H]1C[C@]2([C@@H](CCC2=O)C3=C1[C@]4([C@H](OC(=O)/C(=C/N(CC=C)CC=C)/C4=C(C3=O)O)COC)C)C,7.055517328
CC[C@@H]1C(=O)N(C2=CN=C(N=C2N1C3CCCC3)NC4=C(C=C(C=C4)C(=O)NCCN5CCN(CC5)C)OCCO)C,7.673459331
COC1=CC=CC(=C1)C2=CC(=O)C3=C(N2)N=CC=C3,6.020001176
CN1CCN(CC1)C2=CC(=C(C=C2)NC3=NC=C(C(=N3)OC4=CC=CC(=C4)NC(=O)C=C)Cl)OC,8.15490196
C1CCC(C1)C[C@H](CC(=O)NO)C(=O)N2CC3(CC3)C[C@H]2C(=O)NC4=CC=CC=C4,8.192464972
CC1(CC(CCO1)(CCNC2=CC=CC=C2F)C3=CC=CC=C3)C,6.259637311
CCC(C1=NC2=C(C(=O)N1CC3=CC=CC=C3)SC=C2)N(CCCN)C(=O)C4=CC5=CC=CC=C5C=C4,7.522878745
CCOC1=C(C=CC(=C1)C(=CC#N)C2=CC(=C(C=C2)OC)NC(=O)CN)OC.Cl,7.031517051
C[C@](C1=CC2=C(C=C1)[C@@](N(C2=O)CC3=CC=C(C=C3)Cl)(C4=CC=C(C=C4)Cl)OCC5(CC5)CO)(C(=O)N(C)C)O,7.214670165
CC1=CC=CC=C1NC2=C3C=CN=CC3=C4C=CC=C(C4=N2)C5=NC=NN5,8.22184875
COC1=CC(=CC(=C1OC)OC)C(=O)/C=C/C2=CC=C(C=C2)OCC3=CC=CC=C3,5.004364805
CC[C@@H]1C(=O)N(C2=CN=C(N=C2N1C3CCCC3)NC4=C(C=C(C(=C4)F)C(=O)NC(C)C)OCCO)C,8.142667504
CCNC1=NC(=C(S1)C2=NC(=NC=C2)NC3=CC=C(C=C3)CNC(=O)C)C,7.091514981
COC1=C(C=CC(=C1)N2C=C(N=N2)C3=CC(=CC=C3)NC(=O)CCCCCCC(=O)NO)F,8.295849483
COC1=CC2=NC(=C(N2C=C1)CC(=O)NC3=CC4=C(C=C3)C=CS4(=O)=O)C5=CC=C(C=C5)S(=O)(=O)C,5.236572006
CC(=O)NC1=CC=C(C=C1)NC2=NC=C3C=C(C=CC3=N2)C4=CC=NC=C4,7.173925197
CO[C@@H](C1=CC=CC=C1)C(=O)NC2=NNC(=C2)C3CC3,5.698970004
C1CCC(C1)SC2=NN=C(N2C3=CC=CC=C3)COC4=CC=CC=C4,6.142667504
C1CCN2C(=C(C3=C2C(=NC=N3)NCCC4=CC=CC=C4)C#N)C1,5.200659451
COC1=CC2=C(C(=C1)OC)C(=O)NC(=N2)C3=CC=C(C=C3)OC4=NC=C(C=C4)C(=O)NO,6.536107011
C1=CC=C(C=C1)N(CC(=O)NC2=CC=C(C=C2)C3=NC4=CC=CC=C4S3)C5=CC=CC=C5,4
CCN(CC)C(=O)/C=C/C(=O)O[C@H]1C=CC(=O)[C@]2([C@]13[C@H](O3)C[C@@H]4[C@@H]2CC[C@]5([C@]4([C@H](C=C5[C@H](C)[C@H]6CC(=C(C(=O)O6)C)C)OC(=O)C)O)C)C,6.522878745
CC1=C(C=CC=C1C2=CC3=C(C=C2)OCCO3)/C=C/C(=O)C4=C(C=CC(=C4)CN5CCN(CC5)C(=O)C)O,4.698970004
CCN1/C(=C/C2=[N+](C=CS2)CC3=CC(=CC=C3)F)/S/C(=C/4\N(C5=C(S4)C=C(C=C5)Cl)C)/C1=O.[Cl-],6
CC(C)(C1=CC2=C(C=C1)[C@@](N(C2=O)CC3=CC=C(C=C3)Cl)(C4=CC=C(C=C4)Cl)OCCO)O,7.031517051
CC1C(=O)N(C2=C(N1C3CC3)C=C(C=C2)NC(C)C4=CC=C(C=C4)OC)C,6.552841969
CC(=O)N1CCN(CC1)CC(=O)NC2=C3C4=CC=CC=C4SC3=C(C=C2)C5=CC=CC6=C5OC(=CC6=O)N7CCOCC7,8.301029996
C1CCC(C1)C[C@H](CC(=O)NO)C(=O)N2CC3(CC3)C[C@H]2C4=NC(=NO4)C5=CC=C(C=C5)C(F)(F)F,8.14327111
CN1CCN(CC1)C2=CC(=C(C=C2)NC3=NC=C4CN(C(=O)N(C4=N3)C5=CC=CC(=C5)NC(=O)C=C)C6=CC=CC=C6)OC,8.522878745
CC1=C(C=CC=C1C2=CC3=C(C=C2)OCCO3)COC4=C(C=C(C(=C4)OCC5=CC(=CC=C5)C#N)CN6CC[C@@H](C6)O)Cl,7.560667306
C1CCN2C(=C(C3=C2C(=NC=N3)N4CCN(CC4)CCC5=CC(=C(C=C5)F)F)C(=O)NC6=CN=CC=C6)C1,7.119186408
CC(=O)N1C=C(C2=CC=CC=C21)/C=C/3\CCC=CC3=O,6.031517051
CC(=O)N1CCN(CC1)C2=CC3=C(C=CC=C3NS(=O)(=O)C4=CC=CC(=C4)[N+](=O)[O-])N=C2,5.591760035
CC1=NC2=C(C=C(C=C2Br)Br)C(=O)N1CC(=O)N/N=C/C3=CC=C(C=C3)Cl,4.397940009
COC1=CC2=C(C=CN=C2C=C1OC)OC3=CC4=C(C=C3)C(=CC=C4)C(=O)NC5=CC(=CC=C5)F,9.219970873
C1=CC=C(C=C1)NC(=O)C2=C(C=CC(=C2)NC(=O)CCCCCC(=O)NO)O,6
CC1=C(N=NN1C2=CC=C(C=C2)F)/C(=N/NC(=S)N)/C,7.15490196
CC(=O)N1CCN(CC1)C2=CC3=C(C=C(C=C3NCC4=CC(=CC=C4)[N+](=O)[O-])C(F)(F)F)N=C2,9.022276395
C1CN(CCN1)C2=C(C=C3C4=C2OC5=CC6=CC=CC=C6C=C5N4C=C(C3=O)C(=O)O)F,7.346787486
COC1=CC2=C(C=C1)C(=CC(=N2)C3=CC=CC=C3)C(=O)NC4=CC=C(C=C4)Br,4.59345982
CC(C)[C@H](CN(C)C)NC(=O)C1=C2C(=CC=C1)N=C3C=CC4=C(C3=N2)C=CC=C4OC,7.698970004
C1=CC(=CC(=C1)Cl)NC2=NC3=C(C=CC(=C3)C(=O)N)C4=C2C=CN=C4,5.903089987
C1CCC(CC1)(CNC(=O)C2=CC3=C(C=C2)NN=C3C4=CC=C(C=C4)N5CCOCC5)N6CCOCC6,8.113509275
CCC(C1=NC2=C(C(=O)N1CC3=CC=CC=C3)SC=C2)N(CCCCN)C(=O)C4=CC=C(C=C4)C,6.408935393
CN1CCN(CC1)CCOC2=C3C4=CC=CC=C4SC3=C(C=C2)C5=CC=CC6=C5OC(=CC6=O)N7CCOCC7,8.15490196
CC(C)(C)C1=CC=C(C=C1)CCCN2CC=C(C2=O)CCC(=O)NO,6.37675071
COC1=C2C(=C3C(=C1)N=CN=C3OC4=CC=C(C=C4)NC(=O)NC5=C(C=CC(=C5)C(F)(F)F)F)OCCO2,8.823908741
C1=CC(=CC=C1N2C3=C(C=CC(=C3)C#N)C=C4C2=NC(=O)NC4=O)OC5=CC=C(C=C5)F,5.420216403
CC1=CC=C(C=C1)NC2=NC=NC3=C2C(=C(N3)C)C,5.677780705
CC(C)(C)CC(=O)OC1=C(C=CC(=C1)N(C)C2=CC(=O)OC3=CC=CC=C32)OC,7.221125528
C1CC(CCC1CCN2C(=O)C3=C(C=CC(=C3)F)N4C2=NNC4=S)(F)F,5.548213564
CC(C)NCC1=CC=C(C=C1)C2=NC3=C4N2CCNC(=O)C4=CN=C3,7.236572006
C#CC1=CC(=CC=C1)NC(=O)C2=C(C=CC(=C2)OCCCCCCC(=O)NO)O,6
CCN(CC)CCC(=O)NC1=C2C3=CC=CC=C3SC2=C(C=C1)C4=CC=CC5=C4OC(=CC5=O)N6CCOCC6,7.920818754
COC(=O)[C@H](CO)NC(=O)COC1=C2C3=CC=CC=C3SC2=C(C=C1)C4=CC=CC5=C4OC(=CC5=O)N6CCOCC6,8.22184875
COC1=CC2=C(C=C1)C(=C(N2)C3=CC=CC=C3)C(=O)C4=CC(=C(C(=C4)OC)OC)OC,7.522878745
COC1=CC(=C(C(=C1/C=C/C(=O)C2=CC3=C(C=C2)OCO3)OC)OC)OC,5.958607315
C1=C(C2=NON=C2C(=C1)SCCCCCCO)[N+](=O)[O-],6.301029996
CN(CC1=CN=C2C(=N1)C(=NC(=N2)N)N)C3=CC=C(C=C3)C(=O)N[C@@H](CCC(=O)O)C(=O)O,6.124938737
CN1C(=NC=N1)C2C(NC3=CC=CC4=C3C2=NNC4=O)C5=CC=C(C=C5)F,8.640164518
CCN1/C(=C/C2=[N+](C=CS2)CC3=CC=CC=C3)/S/C(=C/4\N(C5=C(S4)C=C(C=C5)OC(F)(F)F)C)/C1=O.[Cl-],6.096910013
CCCCCCCCCC(=O)N[C@@H](C)C(=O)N[C@@H](CC1=CC=C(C=C1)OC)C(=O)N[C@@H](CC(C)C)C(=O)C(=O)NC2=CC=CC=C2,6.631527162
CN1C=NN=C1C2C(NC3=CC=CC4=C3C2=NNC4=O)C5=CC=CC=C5,8.559090918
COC1=CC2=C(C=CN=C2C=C1OC)OC3=CC4=C(C=C3)C(=CC=C4)C(=O)NC5=NOC=C5,9.7000571
CN(C1=CC(=C(C=C1)OC)OC(=O)C2CC2)C3=CC(=O)OC4=CC=CC=C43,8.031517051
CC(C)C1=C(C(=C2C(=C1)C(C[C@@H]3[C@@]2(CCCC3(C)C)C(=O)OC)SCCO)O)O,5.886056648
COC1=C(C=C2C(=C1)CC3=C(NN=C32)/C=C/C(=O)C4=CC5=C(C=C4)OCO5)OC,5.277366077
C1OC2=C(O1)C=C3C(=C2)C(=O)C=C(N3)C4=CC(=CC=C4)OC(=O)C5=CC=CC=C5,6.350003493
CN1CCC2=C1C=CC(=C2)C3=NCC(O3)C4=CC(=C(C(=C4)OC)OC)OC,6.091514981
C[C@@H](C1=CC=C(C=C1)Cl)N2C(=O)C3=C([C@@]2(C4=CC=C(C=C4)Cl)OCC5(CC5)CO)C=CC(=C3)C(C)(C)O,8.180456064
C[C@@H]([C@H](CN(C)C)NC(=O)C1=C2C(=CC=C1)N=C3C=CC4=C(C3=N2)C=CC=C4OC)O,7.721246399
C[C@@H]1CN(C[C@@H](O1)C)CC(=O)NC2=C3C4=CC=CC=C4SC3=C(C=C2)C5=CC=CC6=C5OC(=CC6=O)N7CCOCC7,8.397940009
C1=CC(=CC=C1CN2C=C(N=N2)C3=CC=C(C=C3)NC(=O)CCCCCCC(=O)NO)F,6.53165267
CC1=C(NC2=C1C(=NC=N2)N(C)C3=CC(=CC=C3)Cl)C,6.301029996
CC1=C(C=C(C=C1)NC(=O)C2=CC(=CC=C2)C(C)(C)C#N)C(=O)NC3=CC(=C(N=C3)C)Cl,7.795880017
CN(C)C1=CC=C(C=C1)C(=O)N[C@@H](CCCCCC(=O)NO)C(=O)NC2=CC=CC3=C2N=CC=C3,7.698970004
C1=CC=C(C=C1)CNC2=NNC3=C2C(=NC=N3)NC4=CC(=CC=C4)Cl,6.522878745
CCN(CC)CCN(CC)/C=C/1\C2=C(C(=O)C3=C([C@]2([C@H](OC1=O)COC)C)[C@@H](C[C@]4([C@H]3CC[C@@H]4O)C)OC(=O)C)O,7.619788758
COC1=NC(=NC(=C1)C2=CC3=C(C=C2)C(=NN3)N)N,6.599997654
CCCC1=CC=C(C=C1)OCC(=O)N(CC(=O)NC2=CC(=CC=C2)OC)C(C)C,5.698970004
CN1CCN(CC1)C2=CC3=C(C=CC=C3N=C2)C4=CC(=CC=C4)[N+](=O)[O-],5.638272164
COC1=CC=CC(=C1)C(=CC#N)C2=CC(=CC(=C2)OC)OC,7.823908741
COC(=O)[C@H](C1=CC=CS1)NC(=O)CCCCCCC(=O)NO,6.387216143
CN1C=NC=C1CN(CCN(CC2CCCCC2)S(=O)(=O)C3=CC=CC=N3)C4=CC=C(C=C4)C#N,6.397940009
C1CC(CN(C1)C2=NC(=NC(=C2)C3=CC4=C(C=C3)C(=NN4)N)N)NC(=O)C5=CC=CC=C5,7.199970641
CC(C)(C1=CC2=C(C(=C1)F)[C@@](N(C2=O)CC3=C(C=C(C=C3)Cl)S(=O)(=O)C)(C4=CC=C(C=C4)Cl)OCC5(CC5)C(=O)N)O,8.744727495
CC1=C(C=CC(=C1)NC2=NC=C3CN(C(=O)N(C3=N2)[C@H]4CCN(C4)C(=O)C)C5=CC=CC=C5Cl)N6CCN(CC6)C,8.259637311
CN1C=NC=C1C(C2=CC=C(C=C2)C#N)OCC3=C(C=C(C=C3)C#N)C#CC4=CC=CC=C4,9.022276395
COC1=CC=C(C=C1)/C=C/C(=O)C2=CC(=C(C(=C2)OC)OC)OC,6.522878745
CN1C=C(C2=C1C=C(C=C2)NC3=NC=C(O3)C4=CC=CC(=C4)CNC(=O)C5=CC6=CC=CC=C6C=C5)C#N,5.356547324
CN1C=C(N=C1)S(=O)(=O)N(CCN(CC2=CN=CN2C)C3=CC=C(C=C3)C#N)CC4=CC=CC=C4,7.251811973
C1C[C@H](CNC1)C2=CC=C(C=C2)N3C=C4C=CC=C(C4=N3)C(=O)N,8.09420412
COC1=CC2=C(C=C1)OC(=C2)C(=O)C3=CC(=C(C(=C3)OC)OC)OC,5.026872146
COC1=CC=CC(=C1)NC2=C3C(=NN2)N=CN=C3NC4=CC(=CC=C4)Cl,6.022276395
CC=C(C1=CC(=C(C=C1)OC)O)C2=CC(=CC(=C2)OC)OC,7.522878745
CC1=C(C=CC(=C1)NC2=NC=C3CN(C(=O)N(C3=N2)[C@H]4CCN(C4)C(=O)C5CC5)C6=CC=CC=C6Cl)N7CCN(CC7)C,7.684029655
CC(C)[C@@H](C1=CC=CC=C1Cl)NC(=O)C2=CC3=C(C=C2)NN=C3C4=CC=C(C=C4)N5[C@H]6CC[C@H]5CC(C6)O,8.22184875
CC(C)(C)OC(=O)N1CCC(CC1)CN(CCN(CC2=CN=CN2C)C3=CC=C(C=C3)C#N)S(=O)(=O)C4=CN(C=N4)C,5.431798276
CC1=CC=CC=C1N2C(=CC(=N2)C(=O)NC3=NC4=CC=CC=C4C=C3)C,6.602059991
C1CC2=C(C(C3=CNC=C3N2)C4=CC=C(O4)SC5=NC6=CC=CC=C6N5)C(=O)C1,6.42365865
COC1=C(C=CC(=C1)C2=C3C4=CC(=C(C=C4C=CN3C5=C2C6=CC(=C(C=C6OC5=O)O)OC)O[C@H]7[C@@H]([C@H]([C@@H]([C@H](O7)CO)O)O)O)OC)O[C@H]8[C@@H]([C@H]([C@@H]([C@H](O8)CO)O)O)O,5.277119389
C[C@H](C1=CC=C(C=C1)NC2=NC=C3C=C(C=CC3=N2)C4=CC=NC=C4)NC5=CC(=O)CCC5,7.431798276
C1CN(CCN1C2=NC(=NC(=N2)C3=CC4=C(C=C3)NC=C4)N5CCOCC5)C(=O)C6=C(C=CC(=C6)CC7=NNC(=O)C8=CC=CC=C87)F,9.160019442
CN1C2=NC(=NC=C2C=C(C1=O)C3=C(C=CC=C3Cl)Cl)NC4=CC(=CC(=C4)OC)OC,6.48148606
CN1CCN(CC1)CCCNC2=NC3=NC(=C(C=C3C=N2)C4=C(C=CC=C4Cl)Cl)NC(=O)NC5=CC(=CC=C5)OC,7.200659451
CC1(CC(CC(O1)(C)C)(CCNC2=CC(=CC=C2)OC)C3=CC=CC=C3)C,9
COC1=C(C(=CC(=C1)C2=CN=CC3=CC(=NN32)C4=CN(C5=CC=CC=C54)CO)[Se]C)OC,6.067526235
CCN(CC)CCCNC(=O)CCC(=O)OCCCCCCSC1=CC=C(C2=NON=C12)[N+](=O)[O-],5.530177984
CC1=C(OC2=C1C=C(C=C2)OC)C(=O)C3=CC(=C(C(=C3)OC)OC)OC,5.721246399
C1CCN2C(=C(C3=C2C(=NC=N3)N4CCN(CC4)CCC5=CC=CC=C5)C(=O)C6=CC=CC=C6)C1,5.863279433
C[C@H](COC)OC1=C(C=C2C(=C1)N=CN=C2NC3=CC(=C(C=C3)F)Cl)NC(=O)/C=C/CN(C)C,7.301725423
COC1=CC(=CC(=C1OC)OC)C(=O)C2=NN(N=C2N3CCOCC3)C4=CC=CC=C4,5.232102384
CC1=NC=CC(=C1)C2=CC3=CN=C(N=C3C=C2)NC4=CC=C(C=C4)C(=O)NCCOC,6.399027104
CN1C=C(N=C1)S(=O)(=O)N(CCN(CC2=CN=CN2C)C3=CC=C(C=C3)C#N)CC4CCCCC4,7.22184875
C1COCCC12N=C(N=C(N2OCCCOC3=CC=C(C=C3)Cl)N)N.Br,6.161150909
COC1=CC(=CC(=C1)C(=CC#N)C2=CC=CC=C2)OC,6.013228266
C1=CC=C(C=C1)C2=C(C=C(N2CCO)C3=NC(=NC=C3)N)C(=O)N,6.341035157
CCC(C1=NC2=C(C(=O)N1CC3=CC=CC=C3)SC=C2)N(CCCNC(=O)C)C(=O)C4=CC=C(C=C4)C,5.534617149
CCN(CC1=CC=CC=C1)C2=CC3=C(C=C2)N(C(=O)C(N3C4CC4)C)C,6.102372909
CC(C)(C1=CC2=C(C=C1)[C@@](N(C2=O)CC3=CC=C(C=C3)Cl)(C4=CC=C(C=C4)Cl)OC)O,6.366531544
C1=CC(=CC=C1NC(=O)CCC(=O)OCCCCCCSC2=CC=C(C3=NON=C23)[N+](=O)[O-])Br,5.793174124
C1CCN2C(=C(C3=C2C(=NC=N3)N4CCN(CC4)CCC5=CC=CC=C5)C#N)C1,6.161150909
COC1=C(C=C(C=C1)N2C=CC(=C2)C(=O)C3=CC(=C(C(=C3)OC)OC)OC)[N+](=O)[O-],6.080921908
CC(C)NC1=CC(=CC=C1)N2C=CC(=C2)C(=O)C3=CC(=C(C(=C3)OC)OC)OC,7.698970004
C[C@@H](C1=CC=CC=C1)C(=O)NC2=NNC(=C2)C3CC3,7.075720714
C[C@H]1CC[C@H](CN1C2=NC(=NC(=C2)C3=CC4=C(C=C3)C(=NN4)N)N)NC(=O)OC(C)(C)C,8
C1CNCCC1C2=NC3=C4N2CCNC(=O)C4=CN=C3.Cl,7.26760624
C1OC2=C(O1)C=C3C(=C2)C(=O)C=C(N3)C4=CC(=CC=C4)Cl,6.429994423
C1=CC(=CC(=C1)Cl)NC2=C3C(=NN2)N=CN=C3NC4=CC(=CC=C4)Br,5.844663963
CN1CCN(CC1)C2=NC=CC(=C2)C3=NNC4=C3C=CC(=C4)[C@@H]5C[C@]56C7=C(C=CC(=C7)OC)NC6=O,8.677780705
C1=CC=C2C(=C1)C3=CC=CC=C3N2CC(=O)NC4=CC=C(C=C4)C5=NC6=CC=CC=C6S5,4
C1CCC(CC1)SC2=NN=C(N2C3=CC=CC=C3)COC4=CC=CC=C4,6.017728767
CC(C)(C)OC(=O)C1=CC=C(C=C1)N(CCN(CC2=CC=CC=C2)S(=O)(=O)C3=CN(C=N3)C)CC4=CN=CN4C,5.26760624
CC1=CC=C(C=C1)NC2=NC=C3C=C(C(=O)N(C3=N2)C)C4=C(C=CC=C4Cl)Cl,6.318758763
CN1C=C(C2=CC=CC=C21)C3=NC(=NC=C3)NC4=CC=C(C=C4)C(=O)NC5=CC=CC=C5N,6
CC1=NC2=C(N1)C=C3C(C(=C(OC3=C2)N)C#N)C4=CC(=C(C(=C4)OC)OC)OC,5.871180858
C1CCC2=C(C1)C(=O)NC(=N2)N3CCC4(CC3)C5=CC=CC=C5NC4=O,7.600326279
CN(C1=CC(=C(C=C1)OC)OC(=O)CCC=C)C2=CC(=O)OC3=CC=CC=C32,8.494850022
CC1=CC(=NN1CC(=O)NC2=CC=C(C=C2)C3=NC4=CC=CC=C4S3)C,7.795880017
C1=CC=C2C=C(C=CC2=C1)NC(=O)NC3=CC=CC(=C3)NC(=O)C4=CC=CC=N4,6.187086643
CC1=CC(=CC(=C1/C=C/C(=O)NO)C)COC2=CC=C(C=C2)C3=NC4=C(C(=CC(=C4)OC)OC)C(=O)N3,6.536107011
C1CC1NC2=C3C=CN=CC3=C4C=CC=C(C4=N2)C5=NC=NN5,8.096910013
CCC(=O)N1CC[C@@H](C1)N2C3=NC(=NC=C3CN(C2=O)C4=CC=C(C=C4)OC)NC5=CC(=C(C=C5)N6CCN(CC6)C)C,8.236572006
COC1=C(C(=C2C(=C1)CC[C@@H](C3=CC(=O)C(=CC=C32)SC)OC(=O)C4=CC=NC=C4)OC)OC,6.250001023
C[C@@H](C1=CC=C(C=C1)N2CCOC2=O)C(=O)NC3=NNC(=C3)C4CC4,7.698970004
C1=CC=C2C(=C1)N=C(S2)C3=CC=C(C=C3)NC(=O)CNC4=C(C=CC=C4Cl)Cl,8.096910013
CC(C)(C)N1C=C2C(=N1)C(=O)CC3(O2)CCN(CC3)C(=O)C4=CC(=NC5=CC=CC=C54)C6=CC=C(C=C6)N(C)C,8.565431096
CN1CCN(CC1)C2=CC=C(C=C2)C3=NNC4=C3C=CC(=C4)[C@@H]5C[C@]56C7=C(C=CC(=C7)OC)NC6=O,9.026872146
C[C@@H]1C(=O)N(C2=C(N1C3CCCC3)C=C(C=C2)C4=NC(=NN4C5=CC=C(C=C5)C)C(=O)N6C[C@H](C7(C6)CC7)NC(=O)OC(C)(C)C)C,8.017728767
CC1=CC2=C(C=C1)N(C(=C(C2=O)C(=O)NC3=CC(=C(C=C3)OC4=NC=NC5=C4C(=CN5)C6=CC=CC=C6)F)C)C,7
CC1C(=O)N(C2=C(N1CC(C)C)C=C(C=C2)NS(=O)(=O)C3=CC=C(C=C3)C)C,6.13667714
C1CCC(C1)N2C=NC3=C(N=C(N=C32)Cl)NCC4=CC=C(C=C4)C(=O)NC5=CC=CC=C5N,5.554395797
C1=CC(=CC(=C1)NC(=O)CCCCCCC(=O)NO)C2=CN(N=N2)CC(C3=CC(=CC=C3)Br)O,7.191114133
CCC(=O)N1CC[C@@H](C1)N2C3=NC(=NC=C3CN(C2=O)C4=C(C=CC(=C4)OC)F)NC5=C(C=C(C=C5)N6CCN(CC6)C)OC,7.517126416
CC1=C(C(=O)O[C@H](C1)[C@@H](C)C2=C[C@@H]([C@@]3([C@@]2(CC[C@H]4[C@H]3C[C@@H]5[C@]6([C@@]4(C(=O)C=C[C@@H]6OC(=O)C)C)O5)C)O)OC(=O)C)C,6.096910013
C1=CC(=CC(=C1)Cl)NC(=O)NC2=CC=C(C=C2)C3=NC=CC4=C3C(=NN4)N,7.337242168
C1=CC=C(C=C1)CCN2C(=O)C3=C(C=CC=N3)N4C2=NNC4=S,5.210419288
CS(=O)(=O)C1=C(C=CC(=C1)Cl)CN2C(=O)C3=C([C@@]2(C4=CC=C(C=C4)Cl)OCC5(CC5)CO)C(=CC(=C3)[C@@H](C6CCOCC6)O)F,9
COC1=C(C=C2C(=C1)C(=NC=N2)OC3=CC4=C(C=C3)C(=CC=C4)C(=O)NC5=CC=C(C=C5)Cl)OC,8.7000571
C1CCC(C1)NC2=C3C=CN=CC3=C4C=CC=C(C4=N2)C5=NC=NN5,7.585026652
C1=CC=C(C(=C1)C2=C(C=C(N2)C3=CC=NC=C3)C(=O)N)F,8.096910013
CN1C=C(C2=CC=CC=C21)C3=NC(=NC=C3)NC4=C(C=C(C=C4)C(=O)NCCCCCC(=O)NO)OC,6
COC1=CC(=CC(=C1OC)OC)C(=O)/C=C/C2=CC=C(C=C2)Cl,5.823908741
CN1C=C(N=C1)S(=O)(=O)N(CCN(CC2=CN=CN2)C3=CC=C(C=C3)Br)CC4=CC=CC=C4,6.13667714
COC1=C(C(=C2C(=C1)CC[C@@H](C3=CC(=O)C(=CC=C32)SC)N)OC)OC,5.879998926
C/C(=C\C1=CC(=C(C=C1)OC)OP(=O)([O-])[O-])/C(=O)C2=CC=C(C=C2)OC.[Na+].[Na+],9.920818754
CCC(C1=NC2=C(C(=O)N1CC3=CC=CC=C3)OC=C2)N(CCCN)C(=O)C4=CC=C(C=C4)C,7.886056648
CN1C=C(N=C1)S(=O)(=O)N(CCCN(CC2=CN=CN2C)C3=CC=C(C=C3)C#N)CC4=CC=CC=C4,6.37675071
COC1=CC(=CC(=C1OC)OC)C(=O)/C=C/C2=CC(=C(C=C2)O)O,5.920818754
C1CCC(C1)C[C@H](CC(=O)NO)C(=O)N2CC3(CC3)C[C@H]2C(=O)NC4=NC=CS4,8.058488567
CC(C)(C)C1=CN=C(O1)CSC2=CN=C(S2)NC3=NC=C(C=C3)CNCC(C)(C)CO,8.522878745
C[C@@H]1CN(C[C@@H](O1)C)C2=NC(=CC(=N2)N3CCOCC3)C4=CN=C(C=C4C(F)(F)F)N,7.040958608
CC1=C(C(=NO1)C)C2=CC3=C(NC=C3C(C4=C(C=CC=C4Cl)F)OC)N=C2,6.536107011
CC[C@@H]1C(=O)N(C2=CN=C(N=C2N1C3CCCC3)NC4=C(C=C(C=C4)C(=O)NC)OCCO)C,7.805208242
CC1=C(C=C(C=C1)C(=O)NC2=CC(=CC=C2)Cl)C#CC3=CN4C(=CC=N4)N=C3,8.640164518
C1=CC2=C(C=CC(=C2)OC3=NC=NC4=C3C=CN4)C(=C1)C(=O)NC5=CC=C(C=C5)Cl,7.550059011
COC1=CC2=C(C=CN=C2C=C1OC)OC3=CC4=C(C=C3)C(=CC=C4)C(=O)NC5=CC=CC=C5,9.7000571
COC1=CC2=NC=CC(=C2C=C1)OC3=CC4=C(C=C3)C(=CC=C4)C(=O)N,8.890084137
CC(C)(C)N1C=C2C(=N1)C(=O)CC3(O2)CCN(CC3)C(=O)C4=CC(=NC5=CC=CC=C54)C6=CC=C(C=C6)OC,8.49757288
CCC(=O)N1CC[C@@H](C1)N2C3=NC(=NC=C3CN(C2=O)C4=C(C=CC(=C4)OC)F)NC5=CC(=C(C=C5)N6CCN(CC6)C)Cl,7.829738285
CCC1=CC2=C(C=C1)N(C(=C(C2=O)C(=O)NC3=CC(=C(C=C3)OC4=CC(=NC=C4)N)F)C)C,6.051587034
C1=CC(=CC(=C1)NC(=O)NC2=CC=C(C=C2)C3=NC=CC4=C3C(=NN4)N)C(F)(F)F,7.004364805
CC[C@@H]1C(=O)N(C2=CN=C(N=C2N1C3CCCC3)NC4=C(C=C(C=C4)C(=O)NC5CCCC5)OCC6=CC=CC=C6)C,6.053253065
CN1C=C(C=N1)C2=CC3=NC(=C(N3C=C2)CC(=O)NC4=CC5=C(C=C4)C=CS5(=O)=O)C6=CC=CC=C6,5.853871964
CC(=O)N[C@@H]1CCC2=CC(=C(C(=C2C3=CC=C(C(=O)C=C13)SC)OC)OC)OC,5.010000098
COC1=CC(=C(C=C1)C(=O)/C=C/C2=CC=C(C=C2)Cl)O,5.013228266
COC1=CC=C(C=C1)CNCC(=O)NC2=C3C4=CC=CC=C4SC3=C(C=C2)C5=CC=CC6=C5OC(=CC6=O)N7CCOCC7,7.420216403
CCCCO/N=C/1\C[C@]23CC[C@@H]4C(=C)C(=O)C=C[C@]4([C@@H]2CC[C@]1(C3)C)C,6.259637311
CN(C)CCOC1=CC(=C(C=C1)NC2=C3C=CN=CC3=C4C=CC=C(C4=N2)C5=NC=NN5)F,7.698970004
COC1=C2C=C(C=N1)C3=CC4=C(C=CN=C4C=C3)N5CCC(CC5)CNC(=O)C6=CC(=CC=C6)S(=O)(=O)N2,8.537602002
C1=CC=C(C(=C1)C2=NC3=CC=CC=C3C(=N2)NCC4=CC=C(C=C4)F)C(F)(F)F,5.468521083
CN1C=CC2=C1C=CC(=C2)C3=NC4=C(C=CC=C4N3)C5=CC(=C(C(=C5)OC)OC)OC,5.812479279
C/C=C/C(=O)NC1=C(C=CC(=C1)N(C)C2=CC(=O)OC3=CC=CC=C32)OC,7.473660723
C[C@H](C1=CC=C(C=C1)NC2=NC=C3C=C(C=CC3=N2)C4=CC=NC=C4)NC5=CC(=O)CC5,7.026872146
C1=CC=C(C=C1)CNC(=O)[C@H](CCCCCC(=O)NO)NC(=O)/C=C/C2=CC=CC=C2,6.337242168
CC(C)(C)C1=CN=C(O1)CSC2=CN=C(S2)NC3=CN=CC=C3,7.301029996
CN1C=C(C2=CC=CC=C21)C3=NCC(O3)C4=CC(=C(C(=C4)OC)OC)OC,7.060480747
CC1=C(C(=O)O[C@H](C1)[C@@H](C)C2=C[C@@H]([C@@]3([C@@]2(CC[C@H]4[C@H]3C[C@@H]5[C@]6([C@@]4(C(=O)C=C[C@@H]6OC(=O)C7CCCN7C(=O)OC(C)(C)C)C)O5)C)O)OC(=O)C)C,5.995678626
CC1C(=O)N(C2=C(N1C3CC3)C=C(C=C2)NC(C)C4=CC=CC=C4C)C,6.568636236
CC1=C(C=C(C=C1)C(=O)NC2=CC(=CC(=C2)C(F)(F)F)CN3CCCC3)C#CC4=CN5C(=CC=N5)N=C4,7.904133547
CC1=CC=C(C=C1)NC(=O)C2=CC(=C(C=C2)C)C#CC3=CN4C(=CC=N4)N=C3,7.321026624
COC1=CC2=C(C=CN=C2C=C1OC)OC3=CC4=C(C=C3)C(=CC=C4)C(=O)NC5=CN=CC=C5,9.100015437
CC1=CC=CC=C1CCCN2CC=C(C2=O)CCC(=O)NO,6.37675071
CC1(C=CC2=C(C=CC(=C2O1)C(=O)/C=C/C3=CC(=C(C=C3)OC)N)OC)C.Cl,8.045757491
CN(CCCNC(=O)C1=CC(=CC2=CC3=CC=CC=C3N=C21)Cl)CCCNC(=O)C4=CC(=CC5=CC6=CC=CC=C6N=C54)Cl,7.337242168
C[C@@H]1C(=O)N(C2=C(N1C3CCCC3)C=C(C=C2)C4=NC(=NN4C5=CC=C(C=C5)Cl)C(=O)N6CCN(CC6)C)C,8.167491087
COC1=CC2=C(C=C1)C3=C(C(=C(C=C3CCC2)OC)OC)OC,5.720000164
CC(=CCC[C@]\1(C/C=C(\C(=O)/C=C/[C@@]([C@@H](/C=C1)OC(=O)C=C(C)C)(C)OC(=O)C)/COC(=O)C)C)C,5.458420756
CC(C)(C)OC(=O)N[C@@H]1CCCN(C1)C2=NC(=NC(=C2)C3=CC4=C(C=C3)C(=NN4)N)N,7.599980365
CC(=O)N1CCN(CC1)C(=O)COC2=C3C4=CC=CC=C4SC3=C(C=C2)C5=CC=CC6=C5OC(=CC6=O)N7CCOCC7,7.795880017
CC1=CC(=CC=C1)NC(=O)NC2=CC=C(C=C2)C3=C4C(=C(C=C3)Br)NN=C4N,7.886056648
C1COCCN1C2=NC(=CC(=N2)N3C[C@@H]4[C@H](C3)OCCO4)C5=CN=C(C=C5C(F)(F)F)N,6.04769199
C[C@@H](C(=O)N[C@@H](CC1=CC=C(C=C1)OC)C(=O)N[C@@H](CC(C)C)C(=O)C(=O)NC2=CC=CC(=C2)C(=O)C)NC(=O)C3=CC=C(O3)C4=CC=C(C=C4)C(=O)C,7.596879479
CCCN1C(=O)C2=CC=CC=C2N3C1=NN(C3=S)CC(=O)C4=CC=CC=C4,4.301029996
CCC(C1=NC2=C(C=CS2)C(=O)N1CC3=CC=CC=C3)N(CCCN)C(=O)C4=CC=C(C=C4)C,8.522878745
C1CCC(C1)SC2=NN=C(N2C3=CC=CC(=C3)N)COC4=CC=CC=C4,5.88941029
CCCCNC(=O)C1=CC(=C(C=C1)C)C#CC2=CN3C(=CC=N3)N=C2,7.186152246
CN1C=C(N=C1)S(=O)(=O)N(CCN(CC2=CN=CN2C)C3=CC=C(C=C3)C#N)CC4=CC=CS4,5.638272164
CCC1=CC2=C(C=C1)N(/C(=C\3/C(=O)N(/C(=C/C4=[N+](C=CS4)CC5=CC=CC=C5C(=O)OC)/S3)CC)/S2)C.[Cl-],7.337242168
C1=CC=C2C(=C1)N=C(S2)C3=CC=C(C=C3)NC(=O)CNC4=CC=C(C=C4)S(=O)(=O)N,7.13076828
CC1=CC=C(C=C1)S(=O)(=O)N2C/C(=C\C3=CC(=C(C(=C3)OC)OC)OC)/C(=O)C=C2,4.653647026
CCOC(=O)C1=C2C(=CN1)C(C3=C(N2)CCCC3=O)C4=CC=C(S4)SC5=NC6=CC=CC=C6N5,5.638272164
CC1=C(C=CC(=C1)OCC2=NN=C(N2C3=CN=CC=C3)SC4CCCC4)C5=CC=C(C=C5)C(=O)NOC,7.236572006
CCC1=CC2=C(C=C1)N(C(=C(C2=O)C(=O)NC3=CC(=C(C=C3)OC4=CC(=NC=C4)Cl)F)C)C,5
C1C=C(C(=O)N1CCC2=CC=C(C=C2)Cl)CCC(=O)NO,6.37675071
CC(C)CNC(=O)C1=CC=CC2=C3C=NC=CC3=C(N=C21)NC4=CC=CC=C4Cl,8.301029996
C[C@]12CC[C@H](C1(C)C)CC(=O)N2CC3=CN(N=N3)C4=CC(=CC=C4)O,6.552841969
CCCN1C(=O)C2=C(C(=CC=C2)Cl)N3C1=NNC3=S,5.603800653
C[C@@](CN1CCN(CC1)C)(C2=CC3=C(C(=C2)F)[C@@](N(C3=O)CC4=C(C=C(C=C4)Cl)S(=O)(=O)C)(C5=CC=C(C=C5)Cl)O[C@H]6CCOC6)O,9.15490196
C1COCCN1S(=O)(=O)C2=CC=C(C=C2)NC(=O)NCC3=CN=CC=C3,7.508638306
COC1=CC(=CC(=C1OC)OC)SC2=C(NC3=C2C=C(C=C3)Br)C4=CC=CC=C4,6.494850022
CC(C)C[C@@H](C1=CC=CC=N1)NC(=O)C2=CC3=C(C=C2)NN=C3C4=CC=C(C=C4)N5[C@H]6CCC[C@H]5CC(C6)O,7.853871964
COC1=CC2=NC(=C(N2C=C1)CC(=O)NC3=CC=C(C=C3)C4CCCCC4)C5=CC=CC=C5,5.26760624
C1COCCN1C2=NC(=NC(=N2)C3=CN=C(C=C3C(F)(F)F)N)N4C[C@H]5C[C@@H]4CO5,7.229147988
CC1=CC(=CC=C1)CC2=CN(C3=C2C=C(C=C3)C4=C(ON=C4C)C)CCCCCC(=O)NO,6.536107011
CC1=C(SC=N1)C2=CC=C(C=C2)[C@H](C)NC(=O)[C@@H]3C[C@H](CN3C(=O)[C@H](C(C)(C)C)NC(=O)CCCCC(=O)N4CCN(CC4)CC[C@H](CSC5=CC=CC=C5)NC6=C(C=C(C=C6)S(=O)(=O)NC(=O)C7=CC=C(C=C7)N8CCN(CC8)CC9=C(CCC(C9)(C)C)C1=CC=C(C=C1)Cl)S(=O)(=O)C(F)(F)F)O,6.330683119
CC1(CC(CCO1)(CCNC2=CC(=CC=C2)OC)C3=CC=CC=C3)C,7.823908741
COC1=CC(=CC(=C1OC)OC)[C@@H]2[C@H](O2)C(=O)C3=CC(=C(C(=C3)OC)OC)OC,5.431798276
CN(C)C1=CC=C(C=C1)NC(=O)[C@H](CCCCCC(=O)NO)NC(=O)OCC2=CC=CC=C2,6.214670165
CCOC(=O)C1=C2C(=CN1)C(C3=C(N2)CCCC3=O)C4=CC=C(O4)SC5=NC6=CC=CC=C6N5,8.397940009
C1CCC(C1)SC2=NN=C(N2C3=CN=CC=C3)COC4=CC(=CC(=C4)Br)F,6.647817482
CC1=CC=C(C=C1)C2=C(N3C=C(C=CC3=N2)C)CC(=O)NC4=CC5=C(C=C4)C=CS5(=O)=O,5.677780705
C1=CC(=CC=C1COC2=CC=C(C=C2)N3C4=C(C=CC(=C4)C#N)C=C5C3=NC(=O)NC5=O)Cl,5.795880017
CC(C1=CC=C(C=C1)NC2=NC=C3C=C(C=CC3=N2)C4=CC=NC=C4)NCCOC,7.420216403
CN1CCN(CC1)C2=CC3=C(C=CC=C3N=C2)C4=CC5=CC=CC=C5C=C4,5.236572006
CC1=C(C=C(C=C1)C(=O)NC2=CC(=CC=C2)Br)C#CC3=CN4C(=CC=N4)N=C3,7.778846678
C1C2=C(C(C3=C(N2)NN=C3)C4=CC(=CC=C4)OC5=CC=C(C=C5)Cl)C(=O)CN1,5.562407968
CC1=C(C=C(C=C1)C(=O)NC2=CC(=CC=C2)N(C)C)C#CC3=CN4C(=CC=N4)N=C3,8.012333735
C1=CC(=CC(=C1)N2C3=C(C=CC(=C3)C#N)C=C4C2=NC(=O)NC4=O)C5=NNN=N5,7.387216143
CN1C=C(N=C1)S(=O)(=O)N(CCN(CC2=CN=CN2C)C3=CC=C(C=C3)C#N)CC4=CC=CO4,6.060480747
CCOCCOC1=C(C=C2C(=C1)N=CN=C2NC3=CC(=C(C=C3)F)Cl)NC(=O)/C=C/Br,8.085656843
CC1=C(C=CC=C1C2=CC(=O)C3=C(O2)C=CC(=C3)CN4CCNCC4)C5=CC=CC=C5,5
CN1C=C(N=C1)S(=O)(=O)N(CCN(CC2=CN=CN2C)C3=CN=C(C=C3)C#N)CC4CCN(CC4)C5=NC=CC=N5,6.283996656
C1CCN(CC1)CCC(=O)NC2=C3C4=CC=CC=C4SC3=C(C=C2)C5=CC=CC6=C5OC(=CC6=O)N7CCOCC7,7.431798276
COC1=CC=C(C=C1)C2=CSC3=CN=C(N=C32)NC4=CC=C(C=C4)CP(=O)(OC)OC,5.973058372
CN(CCCNC(=O)C1=C2C(=CC=C1)N=C3C=CC=C(C3=N2)OC4=CC=CC=C4)CCCNC(=O)C5=C6C(=CC=C5)N=C7C=CC=C(C7=N6)OC8=CC=CC=C8,5.462180905
COC1=CC2=C(C=CN=C2C=C1OC)OC3=CC4=C(C=C3)N(CCO4)C(=O)NC5=CC(=CC=C5)Cl,9
CN1CCN(CC1)C2=CC(=C(C=C2)NC3=NC=C4CN(C(=O)N(C4=N3)C5=CC=CC(=C5)NC(=O)C=C)C6=CC=C(C=C6)OC7=CC=CC=C7)OC,7.853871964
C1C2=C(C(C3=C(N2)NN=C3)C4=CC(=CC=C4)OC5=CC=CC=C5)C(=O)CN1,5.293965339
COC1=CC=C(C=C1)C2=C(C=C(N2)C3=CC=NC=C3)C(=O)N,7.638272164
COCCCN1C(=O)C2=CC=CC=C2N3C1=NNC3=S,5.756961951
COC1=CC=C(C=C1)CCC(C2=CC(=C(C(=C2)OC)OC)OC)O,5.397940009
CN\1C2=C(C=C(C=C2)Cl)S/C1=C/3\C(=O)N(/C(=C/C4=[N+](C=CS4)CC5=CC=CC=C5)/S3)CC=C.[Cl-],7
C1=CC=C(C=C1)CNC2=C3C(=NC(=N2)Cl)N(C=N3)CC4=CC=C(C=C4)C(=O)NC5=CC=CC=C5N,5.234331445
CC(C)(CN(C)C)NC(=O)C1=C2C(=CC=C1)N=C3C=CC4=C(C3=N2)C=CC=C4OC,6.192464972
C1=CC=C(C=C1)CNC(=O)[C@H](CCCCCC(=O)NO)NC(=O)/C=C/C2=CNC3=CC=CC=C32,5.48945499
CN(C1=C(C=C(C=C1)NC(=O)C2=CC(=C(C=C2)OC)OC)OCC3=C(C=CC(=C3)OC)OC)S(=O)(=O)C(F)(F)F,6.259637311
C(CCCC(=O)NO)CCC(=O)NO,5.93930216
C1CCN2C(=C(C3=C2C(=NC=N3)N4CCN(CC4)CC(=O)C5=CC=CC=C5)C#N)C1,5.732828272
C1=CC=C(C(=C1)C2=NC3=CC=CC=C3C(=N2)NCC4=CC=C(C=C4)C5=CC(=CC=C5)Cl)C(F)(F)F,5.568636236
CNC(=O)C1=CC=CC2=C3C=NC=CC3=C(N=C21)NC4=C(C=CC=C4F)F,8.698970004
CC(=O)C1=CC=CC(=C1)C2=CSC3=CN=C(N=C32)NC4=CC=C(C=C4)CP(=O)(OC)OC,6.454692884
CC(C)(C)OC(=O)N1CCN(CC1)C2=NN(N=C2C(=O)C3=CC(=C(C(=C3)OC)OC)OC)C4=CC=CC=C4,4.946921557
CC1=C(C(=O)O[C@H](C1)[C@@H](C)C2=C[C@@H]([C@@]3([C@@]2(CC[C@H]4[C@H]3C[C@@H]5[C@]6([C@@]4(C(=O)C=C[C@@H]6O[Si](C)(C)C(C)(C)C)C)O5)C)O)OC(=O)C)C,5.974694135
CCOC1=C(C=CC(=C1)N2CCN(CC2)C)NC3=NC=C4CN(C(=O)N(C4=N3)C5=CC=CC(=C5)NC(=O)C=C)C,7.853871964
CCN1CCN(CC1)CCC(=O)NC2=C3C4=CC=CC=C4SC3=C(C=C2)C5=CC=CC6=C5OC(=CC6=O)N7CCOCC7,7.48148606
CC[C@@]1(C[C@H]2C[C@@](C3=C(CCN(C2)C1)C4=CC=CC=C4N3)(C5=C(C=C6C(=C5)[C@]78CCN9[C@H]7[C@@](C=CC9)([C@H]([C@@]([C@@H]8N6C)(C(=O)OC)O)OC(=O)C)CC)OC)C(=O)OC)O,8.468521083
C1=CC=C(C=C1)C2=C(C=C(O2)C3=NC(=NC=C3)N)C(=O)N,6.193820026
C1CCN(CC1)S(=O)(=O)C2=CC=C(C=C2)CNC(=O)NCC3=CN=CC=C3,7.721246399
CN1C=C(C2=C1C=C(C=C2)NC3=NC=C(O3)C4=CC=CC(=C4)CNC(=O)OCCC#N)C#N,6.619788758
CC1=CC(=CC=C1)NC(=O)NC2=CC(=C(C=C2)C#N)OC,6.537602002
C1CCC(CC1)CC2=NN=C(N2C3=CC=CC=C3)COC4=CC=CC=C4,5.366531544
CC1=C(C=CC=C1C2=CC3=C(C=C2)OCCO3)/C=C/C(=O)C4=C(C=CC(=C4)CN5CCN(CC5)C6=CC(=CC=C6)[N+](=O)[O-])O,4.714442691
CC1(CC(CCO1)(CCNC2=CC(=CC=C2)OC)C3=CC(=CC=C3)F)C,8.096910013
COC1=CC=C(C=C1)CNC2=NC(=NC3=CC=CC=C32)C4=CC=CC=C4C(F)(F)F,5.207608311
CCN(CC)CCCCNC1=NC2=NC(=C(C=C2C=N1)C3=C(C=CC=C3Cl)Cl)NC(=O)NC(C)(C)C,7.318758763
CCC1=CC2=C(C=C1)N(C(=C(C2=O)C(=O)NC3=CC(=C(C=C3)OC4=NC=NC5=C4C(=CN5)C6=CN(N=C6)C)F)C)C,7.468521083
CCCC1=CC=C(C=C1)OCC(=O)N(CC2=NC(=NO2)C3=CN=CC=C3)C(C)C,7.036212173
COC1=C(C=C2C(=C1)N=CN=C2NC3=CC=C(C=C3)Br)OCCCCCC(=O)NO,8.657577319
CCN1C(=O)C2=C(C=CC(=C2)F)N3C1=NNC3=S,5.70333481
COC1=CC2=C(C=C1)C(=CC(=N2)C3=CC=CC=C3)C(=O)NC4=CC=C(C=C4)C5=CC=C(C=C5)SC,4.694648631
CC[C@@H]1C(=O)N(C2=CN=C(N=C2N1C3CCCC3)NC4=C(C=C(C=C4)C(=O)NC5CCCC5)OCCOC)C,6.462558717
CN(C1=CC(=C(C=C1)OC)O)C2=CC(=O)OC3=CC=CC=C32,8.366531544
CC(C)(C)N1C=C2C(=N1)C(=O)CC3(O2)CCN(CC3)C(=O)C4=CC5=C(C=C4)NN=C5,7.762456262
C1CC1[C@H](C2=CC=CC=C2F)NC(=O)C3=CC4=C(C=C3)NN=C4C5=CC=C(C=C5)N6C7CCC6COC7,8.318758763
CN1CCCC1CCNCCC(=O)NC2=C3C4=CC=CC=C4SC3=C(C=C2)C5=CC=CC6=C5OC(=CC6=O)N7CCOCC7,7.886056648
CC1=CC(=CC=C1)NC2=NC=NC3=C2C(=C(N3)C)C,6.244125144
CCC(=O)O[C@H]1C=CC(=O)[C@]2([C@]13[C@H](O3)C[C@@H]4[C@@H]2CC[C@]5([C@]4([C@H](C=C5[C@H](C)[C@H]6CC(=C(C(=O)O6)C)C)OC(=O)C)O)C)C,5.966576245
COC1=CC(=CC(=C1OC)OC)SC2=C(NC3=C2C(=CC=C3)F)C4=CC=CC=C4,7.096910013
CCCCNC(=O)C1=CC(=C(C=C1)NC2=NC=C3C(=N2)N([C@@H](C(=O)N3C)CC)C4CCCC4)OCCO,7.456677099
COC1=CC=CC=C1C2=CSC3=CN=C(N=C32)NC4=C(C=C(C=C4)C(=O)NC5CCNCC5)F,7.316052869
C1=CC(=CC(=C1)N)C2=C3C(=NN2)N=CN=C3NC4=CC(=CC=C4)Cl,6.026872146
CN(C)CC1=CC=C(C=C1)C2C(NC3=CC=CC4=C3C2=NNC4=O)C5=CC=C(C=C5)CN(C)C,8.410050399
C1CCN2C(=C(C3=C2C(=NC=N3)N4CCN(CC4)CCC5=CC=CC=C5Cl)C#N)C1,6.019996628
C1C=C(C(=O)N1CCCC2=CC=C(C=C2)Br)CCC(=O)NO,6.37675071
COC1=C(C=C(C=C1)C(=O)/C=C/C2=C3CC4=CC=CC=C4C3=NN2)OC,5.166215625
CCCN1C(=O)C2=CC=CC=C2N3C1=NNC3=S,5.987162775
CC(CO)(C1=CC2=C(C=C1)[C@@](N(C2=O)CC3=CC=C(C=C3)C#N)(C4=CC=C(C=C4)Cl)OCC5(CC5)CO)O,7.585026652
C1=CC=C(C=C1)CCCNC(=O)[C@H](CC2=CC=CC=C2)NC(=O)CCCCCCC(=O)NO,5.995678626
C1=CC=C(C=C1)CCCN2C(=O)C3=C(C=CC(=C3)F)N4C2=NNC4=S,5.178486472
C1=CC=C(C=C1)C2=CN=C(O2)NC3=CC4=C(C=C3)C(=CN4)C5=CN=CO5,7.031517051
COC1=C(C=C(C=C1)C(=O)/C=C/C2=C3CC4=CC(=C(C=C4C3=NN2)OC)OC)OC,5.417936637
CN1CCN(CC1)CCN2C(=O)C3=C(C=CC(=C3)F)N4C2=NNC4=S,5.172630727
CC(C)C1C(NC2=CC=CC3=C2C1=NNC3=O)C4=CC=CC=C4,5.383104574
CC[C@@H]1C(=O)N(C2=CN=C(N=C2N1C3CCCC3)NC4=C(C=C(C=C4)C(=O)NCCN5CCOCC5)OCCO)C,7.747146969
CCOC(=O)C1=C2C(=CN1)C(C3=C(N2)CCCC3=O)C4=CC=C(O4)SC5=NC6=C(N5)C=CC(=C6F)F,8
CCC1=CC2=C(C=C1)N=C3C(=C2)C=CC=C3C(=O)NCCCN(C)CCCNC(=O)C4=CC=CC5=CC6=C(C=CC(=C6)CC)N=C54,5.785156152
CN1C=C(C2=CC=CC=C21)C3=NC4=C(C=CC=C4N3)C5=CC(=C(C(=C5)OC)OC)OC,6.008330993
CCN(CC)CCOC1=C2C(=C(C=C1)C3=CC=C(C=C3)NC(=O)NC4=CC=CC(=C4)C)C(=NN2)N,7.22184875
CCOC(=O)C1=C2C(=CN1)C(C3=C(N2)CCCC3=O)C4=CC=C(O4)SC5=NC6=CC(=C(C=C6N5)F)F,7.657577319
COC1=CC(=CC(=C1OC)OC)C2=NNC3=C2C=C(C=C3)C4=CC=C(C=C4)/C(=N\O)/N,5.42159003
CC(C)NC(=O)N1CCOC2=C1C=CC(=C2)OC3=C4C=C(C(=CC4=NC=C3)OC)OC,7.400007822
C1CN(CCC1(F)F)CCN2C(=O)C3=C(C=CC(=C3)F)N4C2=NNC4=S,5.863279433
CN1CCN(CC1)CCCNC2=NC3=NC(=C(C=C3C=N2)C4=C(C=CC=C4Cl)Cl)NC(=O)NCCN(C)C,7.124938737
CC1=C(C=CC=C1C2=CC3=C(C=C2)OCCO3)COC4=C(C=C(C(=C4)OCC5=CC(=CC=C5)C#N)CN6CCN(CC6)C(C)C)Cl,6
COC1=CC(=CC(=C1OC)OC)C(=O)C2=CN(C=C2)C3=CC=C(C=C3)N,7.823908741
CC1=C(C=C(C=C1)C(=O)NC2=CC(=CC(=C2)CN3CCN(CC3)C)C)C#CC4=CN5C(=CC=N5)N=C4,8.17327748
CCCC(C1=CC=CC=C1)NC2=CC3=C(C=C2)N(C(=O)C(N3C4CC4)C)C,6.214670165
CC1=NC2=C(C=C(C=C2Br)Br)C(=O)N1C3=C(NNC3=O)S,6.236572006
CC1=CC(=NC2=C1C(=O)C=C(N2)C3=CC(=CC=C3)Cl)C,6.113509275
CC[N+](CC)(CCOC1=CC=C(C=C1)NC2=NC=C3C=C(C(=O)N(C3=N2)C)C4=C(C=CC=C4Cl)Cl)[O-],7.337242168
C1=CC=C(C=C1)C2=C(C(=C(N2)C3=NC(=NC=C3)N)I)C(=O)N,7.283996656
C1CCN(CC1)S(=O)(=O)C2=CC=C(C=C2)NC(=O)NCC3=CN=CC=C3,8.15490196
CCN1/C(=C/C2=[N+](C=CS2)CC3=CC=CC=C3OC(F)(F)F)/S/C(=C/4\N(C5=C(S4)C=C(C=C5)OC)C)/C1=O.[Cl-],7.27572413
COC1=CC=C(C=C1)/C=C/C(=O)C2=CC(=C(C=C2)OC)OC,5
CN(CCCNC(=O)C1=CC=CC2=CC3=C(C(=CC=C3)Br)N=C21)CCCNC(=O)C4=CC=CC5=CC6=C(C(=CC=C6)Br)N=C54,7.619788758
C1=CC(=CC(=C1)NC(=O)NC2=CC=C(C=C2)C3=CC=NC4=NNC(=C34)N)C(F)(F)F,8.585026652
CS(=O)(=O)N1CCN(CC1)CC2=CN3C(=C2)C(=NC(=N3)C4=CN=C(C=C4C(F)(F)F)NC(=O)NC5=CC=C(C=C5)F)N6CCOCC6,7.752026734
CCC(=O)N1CC[C@@H](C1)N2C3=NC(=NC=C3CN(C2=O)C4=C(C(=CC=C4)OC)F)NC5=CC(=C(C=C5)N6CCN(CC6)C)C,8.346787486
CC[C@@H]1C(=O)N(C2=CN=C(N=C2N1C3CCCC3)NC4=C(C=C(C=C4)C(=O)NC5CCCC5)OC)CCO,6.53521248
C1=CC(=CC=C1NC(=O)CCC(=O)OCCCCCCSC2=CC=C(C3=NON=C23)[N+](=O)[O-])F,5.759450752
C1CN(C1)CC2=CC=C(C=C2)[C@@H]3[C@H](C4=NNC(=O)C5=C4C(=CC=C5)N3)C6=CC=C(C=C6)F,8.958607315
C1=CC2=C3C=NC=CC3=C(N=C2C(=C1)C4=NC=NN4)NC5=CC=C(C=C5)F,7.795880017
COC1=C(C(=CC(=C1)C2C3=C(C=C4C(=C3)CCN4)OC(=C2C#N)N)Br)OC,7.552841969
COC1=CC2=C(C=CN=C2C=C1OC)OC3=C(C=C(C=C3)N/C(=N\S(=O)(=O)CC4=CC=C(C=C4)F)/CC5=CN=CC=C5)F,7.278024598
CC(C)(C)C1CCC(CC1)C(=O)NCCCN2C(=O)C3=C(C=CC(=C3)F)N4C2=NNC4=S,4.301029996
CC[C@](C1=CC2=C(C(=C1)F)[C@@](N(C2=O)[C@@H](CC(=O)O)C3=CC=C(C=C3)Cl)(C4=CC=C(C=C4)Cl)OC)(C5(CCOCC5)F)O,7.769551079
CS(=O)(=O)N1CCN(CC1)CC2=CN3C(=C2)C(=NC(=N3)C4=CN=C(C=C4C(F)(F)F)NC(=O)C=C)N5CCOCC5,7.701146924
C[N+]1(CCCCC1)CCC(=O)NC2=C3C(=C(C=C2)NC(=O)CC[N+]4(CCCCC4)C)C(=O)C5=CC=CC=C5C3=O.[I-].[I-],5.756961951
C1CCC(C1)C[C@H](CC(=O)NO)C(=O)N2CC3(CC3)C[C@H]2C4=NC(=NO4)C5=CC=C(C=C5)Br,8.261219442
CN(C)CC(CC1=CC=CC=C1)NC(=O)C2=C3C(=CC=C2)N=C4C=CC5=C(C4=N3)C=CC=C5OC,6.289882635
CC1=C(C(=O)C2=C(N1C)C=CC(=C2)Cl)C(=O)NC3=CC(=C(C=C3)OC4=NC=NC5=C4C(=CN5)C6=CC=CC=C6)F,5.723538196
CCNC(=O)C1=CC=CC2=C1C=CC(=C2)OC3=C4C=C(C(=CC4=NC=C3)OC)OC,8.890084137
C1=CC=C(C=C1)N2C3=NC=NC(=C3C=N2)N,5.568636236
CC(=O)O.C1COCCN1CC(=O)NC2=CC3=C(C=C2)C(=O)C4=C(C3=O)C=CC(=C4)NC(=O)CN5CCOCC5,5.229147988
CCN(CC)CCNC1=NC2=NC(=C(C=C2C=N1)C3=C(C=CC=C3Cl)Cl)NC(=O)NC(C)(C)C,5.744727495
C1CCC(C1)NC2=NN=C(N2C3=CC=CC=C3)COC4=CC=CC=C4,5.54515514
CC(C)(C1=CC2=C(C=C1)[C@@](N(C2=O)CC3=CC=C(C=C3)Cl)(C4=CC=C(C=C4)Cl)OCC5=CNN=C5)O,7.200659451
C1=CC(=CC(=C1)Cl)NC2=NC=NC3=NNC(=C32)C4=CC=C(C=C4)O,6.251811973
CC1=C(C(=NO1)C)C2=CC3=C(C=C2)N(C=C3CCC4=CC=C(C=C4)F)CCCCCCC(=O)NO,6.536107011
CC1=C(C2=C(N1)N=CN=C2NC3=CC(=CC=C3)Cl)C4=CC=CC=C4,6.638272164
CC1=CC(=CC=C1)N(C)CCC2(CCOC(C2)(C)C)C3=CC=CC=C3,5.00656377
CC(C)SC1=NN=C(N1C2=CC(=CC=C2)Br)COC3=CC=CC=C3,5.634512015
CN1C=C(C2=CC=CC=C21)C3=NC(=NC=C3)NC4=C(C=C(C=C4)C(=O)NCCC(=O)NO)OC,6
CC(C)N(CC(=O)NC1=CN=NC=C1)C(=O)COC2=CC=C(C=C2)CCO,6.014124643
CC(C)C1=C(C(=C2C(=C1)CC[C@@H]3[C@@]2(CCCC3(C)C)C(=O)NC(=O)C)O)O,5.823908741
CC1(C=CC2=C(C=CC(=C2O1)C(=O)/C=C/C3=CC(=C(C=C3)OC)N)OC)C.CS(=O)(=O)O,8
CC1=CC=C(S1)C2=CC(=O)C3=C(N2)N=CC(=C3)C,5.570000775
CN(C)C1=CC=C(C=C1)C(=O)N[C@@H](CCCCCC(=O)NO)C(=O)NC2(CCCC2)CC3=CC=CC=C3,6.045757491
CNCCNC(=O)C1=C2C(=CC=C1)N=C3C=CC4=C(C3=N2)C=CC=C4OC,6.630784143
COC1=C(C=CC(=C1)C2=C3C4=CC(=C(C=C4C=CN3C5=C2C6=CC(=C(C=C6OC5=O)O)OC)O[C@@H]7[C@H]([C@H]([C@@H]([C@H](O7)CO)O)O)O)OC)O,5.846490011
C1=CC=C(C=C1)CNC(=S)NC2=CC3=C(C=C2)N=CN=C3NC4=CC(=CC=C4)Br,7.764471553
CC1=C(C(=CC=C1)C)C(=O)N[C@H](CO)C(=O)N[C@@H](C)C(=O)NC(CC2=CC=C(C=C2)N=C(N)N)P(=O)(OC3=CC=CC=C3)OC4=CC=CC=C4,8.22184875
COC1=CC2=C(C=CN=C2C=C1OC)OC3=CC4=C(C=C3)C(=CC=C4)C(=O)N,9.049976093
CC1C(=O)N(C2=C(N1C3CC3)C=C(C=C2)N[C@@H](C)C4=CC=C(C=C4)C)C,7.060480747
C/C(=C\C1=CC(=C(C(=C1)OC)OC)OC)/C(=O)C2=CC(=C(C(=C2)OC)OC)OC,5.602059991
CC1=C(C=CC=C1C2=CC=CC=C2)/C=C/C(=O)C3=C(C=CC(=C3)CN4CCN(CC4)C5CC5)O,4.698970004
C[C@]12CC[C@H]3[C@@]4(CC[C@H](C(=O)[C@H]4CC[C@@]3(C1)[C@@H](C2=O)CN(C)C)CN(C)C)C,5.102372909
CCC(=O)N1CC[C@@H](C1)N2C3=NC(=NC=C3CN(C2=O)C4=CC(=CC=C4)F)NC5=CC(=C(C=C5)N6CCN(CC6)C)C,7.818156412
CCN(CC)CCCNC1=NC2=NC(=C(C=C2C=N1)C3=C(C=CC=C3Cl)Cl)NC(=O)NC(C)(C)C,7.086186148
CCOC(=O)CN1CCN(CC1)C2=CC3=C(C=C(C=C3NCC4=CC(=CC=C4)[N+](=O)[O-])C(F)(F)F)N=C2,9.113509275
C1CCN(C1)[C@H]2CCC3=C(CC2)C=C(C=C3)NC4=NN(C(=N4)N)C5=NN=C6C(=C5)CCCC7=CC=CC=C76,8.301029996
CC(=O)CC(=O)N[C@H]1CCC2=CC(=C(C(=C2C3=CC=C(C(=O)C=C13)SC)OC)OC)O,5.770000934
CC(C)C[C@H](C1=CC=CC=N1)NC(=O)C2=CC3=C(C=C2)NN=C3C4=CC=C(C=C4)N5[C@H]6CC[C@H]5CC(C6)O,8.568636236
CC(C)(C1=CC2=C(C=C1)[C@@](N(C2=O)CC3=CC=C(C=C3)Cl)(C4=CC=C(C=C4)Cl)OCCCO)O,7.086186148
CC(=O)O[C@@H]1C[C@]2([C@@H](CC[C@@H]2O)C3=C1[C@]4([C@H](OC(=O)/C(=C/N5CCC(CC5)C(=O)OC)/C4=C(C3=O)O)COC)C)C,7.508638306
CC(C1=CC=C(C=C1)N2C(=C)CCC2=O)C(=O)NC3=NNC(=C3)C4CC4,7.113509275
COC1=CC=CC=C1N2CCN(CC2)C3=NC4=C(CSCC4)C(=O)N3,8.638272164
CCN1/C(=C/C2=[N+](C=CS2)CC3=C(N=CC=C3)Br)/S/C(=C/4\N(C5=C(S4)C=C(C=C5)Cl)C)/C1=O.[Cl-],5.795880017
CC1=C(SC=N1)C2=CC=C(C=C2)[C@H](C)NC(=O)[C@@H]3C[C@H](CN3C(=O)[C@H](C(C)(C)C)NC(=O)CCOCCOCCN4CCN(CC4)CC[C@H](CSC5=CC=CC=C5)NC6=C(C=C(C=C6)S(=O)(=O)NC(=O)C7=CC=C(C=C7)N8CCN(CC8)CC9=C(CCC(C9)(C)C)C1=CC=C(C=C1)Cl)S(=O)(=O)C(F)(F)F)O,6.039053804
COC1=CC=CC2=C1C=CC3=NC4=CC=CC(=C4N=C23)C(=O)NCCN5CCCC5,7.113509275
CCOC(=O)C1=C2C(=CN1)[C@@H](C3=C(N2)CN(CC3=O)C(=O)CN)C4=CC=C(O4)SC5=NC6=C(N5)C=CC=C6F.Cl,7.823908741
CN(C)C/C=C/C(=O)N1CCC(CC1)N2C3=NC(=NC=C3CN(C2=O)C4=C(C(=CC(=C4Cl)OC)OC)Cl)NC5=CC(=C(C=C5)F)Cl,8.705533774
COC1=CC2=C(C=CN=C2C=C1OC)OC3=CC4=C(C=C3)C(=CC=C4)C(=O)NC5=CC(=CC=C5)Cl,9.519993057
C[C@]12CC[C@H]3[C@@]4(C=CC(=O)C(=C)[C@H]4CC[C@@]3(C1)[C@@H](C2=O)CN5CCCC5)C,5.769551079
C1=CC=C(C=C1)NC2=C(C=C3C(=C2)C(=O)NC3=O)NC4=CC=CC=C4,6.522878745
C1CCC(C1)N2C=NC3=C(N=C(N=C32)NCOCC4=CC=C(C=C4)C(=O)NC5=CC=CC=C5N)NC6=CC=CC=C6,5.060480747
CCC1=CC2=C(C=C1)N(/C(=C\3/C(=O)N(/C(=C/C4=[N+](C=CS4)CC5=C(C=CC=C5Cl)Cl)/S3)CC)/S2)C.[Cl-],7
C1CC(OC1)CNCC(=O)NC2=C3C4=CC=CC=C4SC3=C(C=C2)C5=CC=CC6=C5OC(=CC6=O)N7CCOCC7,7.853871964
C1CCC2=C(C1)C(=O)NC(=N2)N3CCC4(CC3)CN(C5=CC=CC=C45)CCO,7.57024772
CC1=C(C=CC=C1C2=CC(=O)C3=C(O2)C=CC(=C3)CN4CCN(CC4)CC5CC5)C6=CC=CC=C6,5
C1CSCCC12N=C(N=C(N2OCCCOC3=CC=C(C=C3)Cl)N)N.Cl,8
CCN1/C(=C/C2=[N+](C=CS2)CC3=CC=CC=C3)/S/C(=C/4\N(C5=C(S4)C=C(C=C5)Br)C)/C1=O.[Cl-],6.48148606
CCC(C1=NC2=C(C(=O)N1CC3CC3)SC=C2)N(CCCN)C(=O)C4=CC=C(C=C4)C,6.119186408
CC(C)(C)OC(=O)N[C@H]1CCCN(C1)C2=NC(=NC(=C2)C3=CC4=C(C=C3)C(=NN4)N)N,6
CCCC1=CC=C(C=C1)OCC(=O)N(CC(=O)NC2=NC=CN=C2)C(C)C,6.403402904
CCN1/C(=C/C2=[N+](C=CS2)CC3=CC=CC=C3OC(F)(F)F)/S/C(=C/4\N(C5=C(S4)C=C(C=C5)C)C)/C1=O.[Cl-],7.113509275
C1=CC=C(C=C1)CCN2C(=O)C3=C(C=CC(=C3)F)N4C2=NN=C4,4.301029996
C1CCC2=C(C1)C(=O)NC(=N2)N3CCC4(CC3)CN(C5=C4C(=CC(=C5)Cl)Cl)CCO,7.785156152
C[C@]12CC[C@H](C1(C)C)CC(=O)N2CC3=CN(N=N3)C4=CC=C(C=C4)C#N,6.602059991
CN1CCCC1CCNC(=O)C2=CC=C(C=C2)NC3=NC=C4C=C(C=CC4=N3)C5=CC=NC=C5,7.27572413
CN1CCN(CC1)C2=NC=C(C=C2)C3=C4C=C/C(=C\C5=C(NC6=C5C=C(C=C6)OC)O)/C=C4N=N3,8.619788758
C[C@H](C1=CC=CC=C1)NC(=O)N2CCOC3=C2C=CC(=C3)OC4=C5C=C(C(=CC5=NC=C4)OC)OC,7.400007822
CCN(CC)CCCNC1=NC2=NC(=C(C=C2C=N1)C3=C(C=CC=C3Cl)Cl)NC(=O)NC(C)C,7.113509275
C[C@@](C1=CC2=C(C(=C1)F)[C@@](N(C2=O)CC3=C(C=C(C=C3)Cl)S(=O)(=O)C)(C4=CC=C(C=C4)Cl)OCC5(CC5)C(=O)N)(C6=CN(N=C6)C)O,9.301029996
COC1=C(C=C(C=C1)/C=C/C(=O)C2=CC(=C(C(=C2)OC)OC)OC)O,8.366531544
CC[C@H]1C(=O)N(C2=C(N1C)C=C(C=C2)NS(=O)(=O)C3=CC=C(C=C3)C)C,5.869666232
COC1=C(C=CC(=C1)C2=C3C4=CC(=C(C=C4C=CN3C5=C2C6=CC(=C(C=C6OC5=O)O[C@H]7[C@@H]([C@H]([C@@H]([C@H](O7)CO)O)O)O)OC)O[C@H]8[C@@H]([C@H]([C@@H]([C@H](O8)CO)O)O)O)OC)O,7.397940009
CC1=NC=C(C=C1)N2CCC(CC2)CNC3=NC(=NC=C3C)C4=CC=CC=C4C(C)C,7.045757491
C1COCCN1C2=CC(=O)C3=C(O2)C(=CC=C3)C4=C5C(=C(C=C4)NC(=O)CNCCO)C6=CC=CC=C6S5,8.096910013
C1=CC(=CC(=C1)Cl)NC2=C3C=CN=CC3=C4C=CC=C(C4=N2)C(=O)N,7.26760624
CC1=CC2=C(C=C1)NC(=C2N=O)C3=C(NC4=C3C=C(C=C4)[N+](=O)[O-])O,8.061480275
CC(C)(C)OC(=O)NCCCCCC(=O)NCCCN1C(=O)C2=C(C=CC(=C2)F)N3C1=NNC3=S,5.490797478
CCN1CCN(CC1)C2=CC3=C(C=C(C=C3NCC4=CC(=CC=C4)O)C(F)(F)F)N=C2,6.638272164
C1=CC(=CC=C1CC(=O)NCCCN2C(=O)C3=C(C=CC(=C3)F)N4C2=NNC4=S)C#N,6.004364805
CC1(COC1)CO[C@@]2(C3=C(C=C(C=C3)C(C)(C)O)C(=O)N2CC4=CC=C(C=C4)Cl)C5=CC=C(C=C5)Cl,7.494850022
C1CCN(CC1)C2=CC3=C(C=C(C=C3NCC4=CC(=CC=C4)[N+](=O)[O-])C(F)(F)F)N=C2,8.468521083
C1=CC(=CC(=C1)Cl)NC2=NC=NC3=NNC(=C32)C4=CC=C(C=C4)N,6.107905397
COC1=CC(=CC2=CC=CC=C21)/C=C/3\CCC=CC3=O,5.787812396
CC1(CC(CCO1)(CCNC2=CC(=CC=C2)OC(F)(F)F)C3=CC=CC=C3)C,7.045757491
C1CCC(=O)NC2=CC=CC(=C2)NC3=NC4=C(C1)C=NN4C(=N3)NC5=CC=CC(=C5)C(=O)N6CCNCC6,6.356547324
C[C@]12CC[C@H](C1(C)C)CC(=O)N2CC3=CN(N=N3)C4=CC=CC=C4O,6.638272164
CCCCCNC1=NC=NC2=C(NN=C21)C(C)C,5.920818754
CC1=C(C=CC=C1C2=CC3=C(C=C2)OCCO3)COC4=C(C=C(C(=C4)OCC5=CC(=CC=C5)C#N)CN6CCN(CC6)CC7CC7)Cl,6
C[C@@H]1C(=O)N(C2=C(N1C3CCCC3)C=C(C=C2)C4=NC(=NN4C5=CC=C(C=C5)C)C(=O)N6CCN(CC6)C(C)C)C,8.318758763
C1CN(CCN1C2=CC=CC=C2)C(=S)SCCC(=O)NC3=CC(=CC=C3)NC(=O)C4=CC=CC=N4,7.026872146
C[C@@H]1CO[C@@H](CN1C2=NC(=NC(=C2)C3=CC4=C(C=C3)C(=NN4)N)N)C(=O)NC5=CC=CC=C5,8.299988938
CN(C1=C(C=C(C=C1)NC(=O)C2=CC3=C(C=C2)OCO3)OCC4=C(C=CC(=C4)OC)OC)S(=O)(=O)C,8.123782159
C[C@@H]1C(=O)N(C2=C(N1C3CCCC3)C=C(C=C2)C4=NC(=NN4C5=CC=C(C=C5)C)C(=O)N6CCN(CC6)C7CC7)C,8.229147988
C1CC(C1)C(C2=CSC=C2)NC(=O)C3=CC4=C(C=C3)NN=C4C5=CC=C(C=C5)OC6C[C@H]7CC[C@@H](C6)N7C=O,8.602059991
CC(C)(C)NC(=O)NC1=C(C=C2C=NC(=NC2=N1)NCCCN3CCN(CC3)C)C4=C(C=CC=C4Cl)Cl,7.292429824
COC1=CC2=C(C=C1)C(=CC(=N2)C3=CC=CC=C3)C(=O)NC4=CC=C(C=C4)C5=CN=CC=C5,4
CC1CCCCN1CCCNC2=NC3=NC(=C(C=C3C=N2)C4=C(C=CC=C4Cl)Cl)NC(=O)NC(C)(C)C,7.22184875
CCOC(=O)C1=C2C(=CN1)C(C3=C(N2)CCCC3=O)C4=CC=C(O4)SC5=NC6=C(N5)C=CC=C6O,7.602059991
CC1=C(C(=O)O[C@H](C1)[C@@H](C)C2=C[C@@H]([C@@]3([C@@]2(CC[C@H]4[C@H]3C[C@@H]5[C@]6([C@@]4(C(=O)C=C[C@@H]6OC(=O)C(CC(C)C)NC(=O)OC(C)(C)C)C)O5)C)O)OC(=O)C)C,6.107905397
COCC/C(=N\S(=O)(=O)CC1=CC=C(C=C1)Cl)/NC2=CC(=C(C=C2)OC3=C4C=C(C(=CC4=NC=C3)OC)OC)F,8.271646218
CC(=O)O[C@@H]1C[C@]2([C@@H](CC[C@@H]2O)C3=C1[C@]4([C@H](OC(=O)/C(=C/N(C)CCCN5CCOCC5)/C4=C(C3=O)O)COC)C)C,7.619788758
COC1=C(C(=C2C(=C1)CC[C@@H](C3=CC(=O)C(=CC=C32)SC)NC(=O)C4=CC=C(C=C4)[N+](=O)[O-])OC)OC,5.679999196
C1=CC2=NC=C(N2C=C1)CC(=O)NC3=CC4=C(C=C3)C=CS4(=O)=O,4.694648631
CC(C)(C)C1=CN=C(O1)CSC2=CN=C(S2)NC3=CC=NC=C3,8.522878745
COC1=CC(=CC(=C1OC)OC)/C=C/C(=O)C2=CC(=C(C(=C2)OC)OC)OC,5.823908741
CC(C)C[C@@H](C(=O)C(=O)NC1=CC=CC=C1)NC(=O)[C@H](CC2=CNC3=CC=CC=C32)NC(=O)[C@H](CC(C)C)NC(=O)OCC4=CC=CC=C4,7.177178355
COC1=CC(=CC(=C1OC)OC)C2=C3C(=CC=C2)NC(=N3)C4=CC(=CC=C4)/C(=N/O)/N,5
CC1=C(C=CC(=C1)NC(=O)NC2=CC=C(C=C2)C3=C4C(=CC=C3)NN=C4N)F,8.15490196
CC1=C(N=NN1C2=CC=C(C=C2)F)/C(=N/NC(=O)N)/C,6.568636236
C1=CC(=CN=C1)CC(=O)NCCCN2C(=O)C3=C(C=CC(=C3)F)N4C2=NNC4=S,5.602059991
C1CCC(CC1)C2=CC=C(C=C2)CNC3=NC(=NC4=CC=CC=C43)C5=CC=CC=C5C(F)(F)F,5.008773924
CN1C2=NC(=NC=C2C=C(C1=O)C3=C(C=CC=C3Cl)Cl)NCCCN4CCOCC4,5.850780887
COC1=CC2=NC(=C(N2C=C1)CC(=O)NC3=CC=C(C=C3)C4=CC=CO4)C5=CC=CC=C5,5
C1=CC2=C(C(=C1)O)NC3=C4C(=C5C(=C23)C(=O)N(C5=O)NC(=O)CO)C6=C(N4C7C(C(C(C(O7)CO)O)O)O)C(=CC=C6)O,6.180456064
CC(C)NC(=O)C1=CC=CC2=C1C=CC(=C2)OC3=C4C=C(C(=CC4=NC=C3)OC)OC,8.260032303
CC(C)(C)OC(=O)NC1=CC=C(C=C1)C2=C3C(=NN2)N=CN=C3NC4=CC(=CC=C4)Cl,5.366531544
CN1CCN(CC1)C2=NC(=NC3=C2N=CN3CC4=CC=C(C=C4)C(=O)NC5=CC=CC=C5N)Cl,5.795880017
C[N+]1(CCOCC1)CCC(=O)NC2=CC3=C(C=C2)C(=O)C4=C(C3=O)C=CC(=C4)NC(=O)CC[N+]5(CCOCC5)C.[I-].[I-],5.721246399
CC1C(=O)N(C2=C(N1C(C)C)C=C(C=C2)NS(=O)(=O)C3=CC=C(C=C3)C)C,6.455931956
C1CCN(CC1)CC(=O)NC2=C3C4=CC=CC=C4SC3=C(C=C2)C5=CC=CC6=C5OC(=CC6=O)N7CCOCC7,7.677780705
CN1C2=NC(=NC=C2C=C(C1=O)C3=C(C=CC=C3Cl)Cl)NC4=CC=C(C=C4)Cl,5.522878745
C1CSCCC12N=C(N=C(N2OCCCOC3=C(C(=CC=C3)Cl)Cl)N)N.Cl,9
CN1C=C(C2=C1C=C(C=C2)NC(=O)NC3=CC=CC=C3)C#N,6.200659451
CN(CCCNC(=O)C1=CC=CC2=CC3=C(C=C(C=C3)Br)N=C21)CCCNC(=O)C4=CC=CC5=CC6=C(C=C(C=C6)Br)N=C54,7.236572006
CC(C)(C)NC(=O)CN(CCN(CC1=CN=CN1C)C2=CC=C(C=C2)C#N)S(=O)(=O)C3=CN(C=N3)C,5.853871964
COCCNC(=O)C1=CC=CC2=C1C=CC(=C2)OC3=NC=NC4=CC(=C(C=C43)OC)OC,6.499996932
CC1(CC(CCO1)(CCNC2=CC(=CC=C2)OC)C3=CC=CS3)C,7.721246399
C[C@H](C1=CC=C(C=C1)NC2=NC=C3C=C(C=CC3=N2)C4=CC=NC=C4)NC5=CC(=O)CNC5,7.408935393
CC(=O)O[C@H]1CCC2=CC(=C(C(=C2C3=C1C=C(C=C3)SC)OC)OC)OC,5.550000452
CC1=C(SC=N1)C2=CC=C(C=C2)[C@H](C)NC(=O)[C@@H]3C[C@H](CN3C(=O)[C@H](C(C)(C)C)NC(=O)CCC(=O)N4CCN(CC4)CC[C@H](CSC5=CC=CC=C5)NC6=C(C=C(C=C6)S(=O)(=O)NC(=O)C7=CC=C(C=C7)N8CCN(CC8)CC9=C(CCC(C9)(C)C)C1=CC=C(C=C1)Cl)S(=O)(=O)C(F)(F)F)O,5.698970004
CCC1=C(C=NN1C2=CC=CC=C2)C(=O)NC3=NC4=CC=CC=C4C=C3,8.769551079
CCCC1=CC=C(C=C1)OCC(=O)N(CC(=O)NC2=CC(=C(C=C2)OC)OC)C(C)C,5.325506283
CC(C)C[C@@H](C(=O)[C@]1(CO1)C)NC(=O)[C@H](CC2=CC=CC=C2)NC(=O)[C@H](CC(C)C)NC(=O)[C@H](CCC3=CC=CC=C3)NC(=O)CN4CCOCC4,8.301029996
CC(C)N1C(=O)C2=CC=CC=C2N3C1=NNC3=S,5.886056648
CNC1=NC=CC(=C1)OC2=CC3=C(C=C2)C(=CC=C3)C(=O)NC4=CC=C(C=C4)Cl,8.150028088
CC1(CCC(=C(C1)CN2CCN(CC2)C3=CC=C(C=C3)C(=O)NS(=O)(=O)C4=CC(=C(C=C4)N[C@H](CCN(C)CCCNC5=CC=CC6=C5C(=O)N(C6=O)[C@@H]7CCC(=O)NC7=O)CSC8=CC=CC=C8)S(=O)(=O)C(F)(F)F)C9=CC=C(C=C9)Cl)C,7.488116639
C[C@@H](C(=O)NC(CC1=CC=C(C=C1)N=C(N)N)P(=O)(OC2=CC=CC=C2)OC3=CC=CC=C3)NC(=O)[C@@H](CO)NS(=O)(=O)C4=CC=C(C=C4)OC,8.236572006
CCC(C1=NC2=C(C(=O)N1CC3=CC=CC=C3)SC=C2)NC(=O)C4=CC=C(C=C4)C,5.045757491
C1CCC(CC1)(CC(=O)NC2=CC3=C(C=C2)NN=C3C4=CC=C(C=C4)N5CCOCC5)N6CCOCC6,7.920818754
C1CCN(CC1)CC(=O)NC2=CC=C(C=C2)C3=NC4=CC=CC=C4S3,6.549750892
COC1=CC2=NC(=C(N2C=C1)CC(=O)NC3=CC=C(C=C3)C4=CC=CC=C4)C5=CC=CC=C5,4.978810701
CN(CCOC1=C2C3=CC=CC=C3SC2=C(C=C1)C4=CC=CC5=C4OC(=CC5=O)N6CCOCC6)CC(=O)N,8.522878745
C1=CC(=CC=C1CC(=O)NCCCN2C(=O)C3=C(C=CC(=C3)F)N4C2=NNC4=S)Br,5.798602876
CC1=C(C=NN1C2=CC=CC=C2Br)C(=O)NC3=NC4=CC=CC=C4C=C3,8.638272164
CS(=O)(=O)C1=CC=C(C=C1)C2=CC=CN3C2=NC(=N3)NC4=CC(=CC=C4)S(=O)(=O)C,6.30980392
COC1=CC=CC(=C1)NC(=O)NC2=CC=C(C=C2)C3=CC=NC4=NNC(=C34)N,8.408935393
COC1=C(C(=CC(=C1)C2C3=C(C4=C(C=C3)NCC4)OC(=C2C#N)N)Br)OC,7.15490196
CN(C)CCNC(=O)C1=C(C=CC2=NC3=C(C4=C(C=C3)C(=CC=C4)OC)N=C21)OC,5.441411417
CC1=CC=C(C=C1)NC(=O)CCC(=O)OCCCCCCSC2=CC=C(C3=NON=C23)[N+](=O)[O-],5.630784143
CC(=CCC[C@]\1(C/C=C(\C(=O)/C=C/[C@@]([C@@H](/C=C1)OC(=O)C=C(C)C)(C)O)/CO)C)C,5.578396073
COCC/C(=N\S(=O)(=O)CC1=CC(=C(C=C1)Cl)Cl)/NC2=CC(=C(C=C2)OC3=C4C=C(C(=CC4=NC=C3)OCCCN5CCCCC5)OC)F,8.089375595
CC1(CCC(=C(C1)CN2CCN(CC2)C3=CC=C(C=C3)C(=O)NS(=O)(=O)C4=CC(=C(C=C4)N[C@H](CCN5CCN(CC5)C(=O)CCCCCCCNC6=CC=CC7=C6C(=O)N(C7=O)[C@@H]8CCC(=O)NC8=O)CSC9=CC=CC=C9)S(=O)(=O)C(F)(F)F)C1=CC=C(C=C1)Cl)C,5.698970004
C[C@@H]1CN(C[C@@H](O1)C)CCC(=O)NC2=C3C4=CC=CC=C4SC3=C(C=C2)C5=CC=CC6=C5OC(=CC6=O)N7CCOCC7,8.045757491
CC1=CC=CC=C1N2C=C(N=N2)CN3C(=O)C[C@@H]4CC[C@]3(C4(C)C)C,6.602059991
COC1=C2C=C(C=N1)C3=CC4=C(C=C3)N=CN=C4C5=CC=CC(=C5)CNC(=O)C6=CC(=CC=C6)S(=O)(=O)N2,8.602059991
CC1=CC=C(C=C1)C2C(NC3=CC=CC4=C3C2=NNC4=O)C5=CC=C(C=C5)CN(C)C,8.709965389
CC(C)(C)OC(=O)NC1=CC=C(C=C1)CC(=O)NCCCN2C(=O)C3=C(C=CC(=C3)F)N4C2=NNC4=S,5.565431096
COC1=CC=CC(=C1)C2=CC(=O)C3=CC=CC=C3N2,5.849999245
CCCN1CCC(CC1)C2=NC3=C4N2CCNC(=O)C4=CN=C3,7.721246399
COC1=C(C(=CC(=C1)C2C3=C(C=C4C(=C3)CCCN4)OC(=C2C#N)N)Br)OC,7.910094889
CC1=C(C=CC=C1C2=CC3=C(C=C2)OCCO3)COC4=C(C=C(C(=C4)OCC5=CC(=CC=C5)C#N)CN6CCC(C6)O)Cl,7.88941029
C1C2=C(C(C3=C(N2)NN=C3)C4=CC=C(O4)SC5=NC6=CC=CC=C6N5)C(=O)CN1,7
CC1=C(C(=NO1)C)C2=CC3=C(C=C2)N(C(=O)N(C3C4=CC=CC=C4)CC5=CN(N=N5)CCOCCOCCOCC(=O)NC6=CC=CC7=C6CN(C7=O)C8CCC(=O)NC8=O)C,7.655607726
CC1=C(C=CC=C1C2=CC(=O)C3=C(O2)C=CC(=C3)CN4CCN(CC4)C(=O)C)C5=CC=CC=C5,5
CC1=C(C(=O)O[C@H](C1)[C@@H](C)C2=C[C@@H]([C@@]3([C@@]2(CC[C@H]4[C@H]3C[C@@H]5[C@]6([C@@]4(C(=O)C=C[C@@H]6OC(=O)C7=CC=CS7)C)O5)C)O)OC(=O)C)C,5.621602099
C1=CC=C(C=C1)OC2=CC=CC(=C2)N3C4=C(C=CC(=C4)C#N)C=C5C3=NC(=O)NC5=O,6.522878745
COC1=C(C=C(C=N1)C2=CC3=C(C=CN=C3C=C2)C4=CN=NC=C4)NS(=O)(=O)C5=C(C=C(C=C5)F)F,9
CCC(=O)N1CC[C@@H](C1)N2C3=NC(=NC=C3CN(C2=O)C4=C(C=CC(=C4)OC)F)NC5=CC(=C(C=C5)N6CCC(CC6)N(C)C)C,8.327902142
CN1C=NC2=C(N=C(N=C21)NCCO)NCC3=CC=CC=C3,5.15490196
CC1=CC=C(C=C1)NCCC2(CCOC(C2)(C)C)C3=CC=CC=C3,7.508638306
CC(C)(C1=CC2=C(C=C1)[C@@](N(C2=O)CC3=CC=C(C=C3)Cl)(C4=CC=C(C=C4)Cl)OCC5(CC5)C#N)O,7.346787486
CC(=O)N1CCN(CC1)C2=NN(N=C2C(=O)C3=CC(=C(C(=C3)OC)OC)OC)C4=CC=C(C=C4)[N+](=O)[O-],6.379863945
CS(=O)(=O)C1=CC=C(C=C1)C2=C(N3C=CC=CC3=N2)CC(=O)NC4=CC5=C(C=C4)C=CS5(=O)=O,5.193820026
CN1C=C(N=C1)S(=O)(=O)N(CCN(CC2=CN=CN2C)C3=CC=C(C=C3)C#N)CC4CCN(CC4)C5=NC=CC=N5,6.292429824
CC1=C(C(=O)O[C@H](C1)[C@@H](C)C2=C[C@@H]([C@@]3([C@@]2(CC[C@H]4[C@H]3C[C@@H]5[C@]6([C@@]4(C(=O)C=C[C@@H]6OC(=O)/C=C/C7=CC=C(C=C7)F)C)O5)C)O)OC(=O)C)C,6.142667504
CC1=C(C(=O)C2=C(N1C)C=CC(=C2)C3=CC=CC=C3)C(=O)NC4=CC(=C(C=C4)OC5=NC=NC6=C5C(=CN6)C7=CC=CC=C7)F,5
CC1C=C(NC2=C1C=CC=N2)C3=CC(=CC=C3)OC,6.20999648
C1=CC(=CC(=C1)Cl)NC(=S)NC2=CC3=C(C=C2)N=CN=C3NC4=CC(=CC=C4)Br,7.68613278
COC1=CC(=CC(=C1OC)OC)SC2=C(NC3=C2C=CC(=C3)Br)C4=CC=CC=C4,8.045757491
CCCCC(=O)NC1=C(C=CC(=C1)/C=C/C(=O)C2=C3C(=C(C=C2)OC)C=CC(O3)(C)C)OC,5.886056648
C1CC2=C(C(C3=C(N2)C(=NN3)C(=O)N)C4=CC=C(O4)SC5=NC6=CC=CC=C6N5)C(=O)C1,5.630042393
CC1=C(NC2=C1C(=NC=N2)OC3=CC(=CC=C3)Cl)C,5.602059991
COC1=C(C(=C2C(=C1)CC[C@@H](C3=CC(=O)C(=CC=C32)SC)OC(=O)C4=CN=CC=C4)OC)OC,6.119998612
CC1=CC(=CC=C1)NC(=O)N2CCOC3=C2C=CC(=C3)OC4=C5C=C(C(=CC5=NC=C4)OC)OC,9
C1=CC=C(C=C1)C2=C(N3C=CC=CC3=N2)CC(=O)NC4=CC5=C(C=C4)C=CS5(=O)=O,5.920818754
COC1=C(C=CC(=C1)C2=C3C4=CC(=C(C=C4C=CN3C5=C2C6=CC(=C(C=C6OC5=O)O[C@H]7[C@@H]([C@H]([C@H]([C@H](O7)CO)O)O)O)OC)O)OC)O,7.744727495
C1COCCN1C2=NC(=NC(=C2)C3=CN=C(C=C3C(F)(F)F)N)N4CCOCC4,7.552841969
C=C1C[C@H](N(C1)C(=O)[C@H](CC2CCCC2)CC(=O)NO)C(=O)NC3=NC=C(C=C3)F,8.145693958
C1CCC(C1)SC2=NN=C(N2C3=CN=CC=C3)COC4=CC=C(C=C4)C5=CC=C(C=C5)C(=O)CO,7.318758763
CCOC(=O)C1=C(OC2=C(C1C3=CC(=CC=C3)Cl)C=C4CCNC4=C2)N,6.571379327
C1=CC2=C3C=NC=CC3=C(N=C2C(=C1)C4=NC=NN4)NC5=C(C=C(C=C5)F)Cl,7.508638306
CCN1/C(=C/C2=[N+](C=CS2)CC3=CC=CC=C3)/S/C(=C/4\N(C5=C(S4)C=C(C=C5)[N+](=O)[O-])C)/C1=O.[Cl-],5.318758763
C1CCC(C1)C[C@H](CC(=O)NO)C(=O)N2CC3(CC3)C[C@H]2C(=O)NC4=NC=NC=C4,8.020907099
CCC(=O)N1CC[C@@H](C1)N2C3=NC(=NC=C3CN(C2=O)C4=C(C=CC(=C4)OC)F)NC5=CC(=C(C=C5)N6C[C@H](N([C@H](C6)C)C)C)C,8.107905397
C[C@]12CC[C@H]3[C@@]4(C=CC(=O)C(=C)[C@H]4CC[C@@]3(C1)[C@@H](C2=O)CN5CCCCC5)C,5.721246399
C1=CC=C2C(=C1)C(=CC=N2)OC3=CC4=C(C=C3)C(=CC=C4)C(=O)NC5=CC=C(C=C5)Cl,8.400007822
CC1=C(C(=NO1)C)C2=CC3=C(C=C2)N(C=C3CC4=CC=CC=C4)CCCCCC(=O)NO,6.536107011
C1CCN(CC1)S(=O)(=O)C2=CC=C(C=C2)CNC(=O)NC3=CN=CC=C3,7.602059991
CCCCCNC1=C2C(=NC=N1)N(C=N2)C(C)C,5.161150909
CC(C)C1=CC2=C(C(=O)C1=O)[C@@]34CCCC([C@@H]3CC2OC4)(C)C,6.22475374
COC1=C(C=C(C=C1)C(=C)C2=CC(=CC(=C2)OC)OC)O,7.677780705
C1=CC(=CC(=C1)F)CC(=O)NCCCN2C(=O)C3=C(C=CC(=C3)F)N4C2=NNC4=S,5.847711656
CC1=C2C=C3C=CC=C(C3=NC2=CC=C1)C(=O)NCCCN(C)CCCNC(=O)C4=CC=CC5=CC6=C(C=CC=C6N=C54)C,7.148741651
COC1=CC=C(C=C1)OCC2=NN=C(N2C3=CN=CC=C3)SC4CCCC4,6.231361899
CC(C)(C1=CC2=C(C=C1)[C@@](N(C2=O)CC3=CC=C(C=C3)Cl)(C4=CC=C(C=C4)Cl)OC[C@H]5CCOC5)O,7.200659451
C1=CC2=C(C=CC(=C2)OC3=NC=NC=C3)C(=C1)C(=O)NC4=CC=C(C=C4)Cl,6.509999358
C1CN(CCC1CCCCNC(=O)/C=C/C2=CN=CC=C2)C(=O)C3=CC=CC=C3,8.522878745
C1=CC=C(C=C1)NCC(=O)NC2=CC=C(C=C2)C3=NC4=CC=CC=C4S3,7.167491087
C[C@@H](C(=O)NC(CC1=CC=C(C=C1)N=C(N)N)P(=O)(OC2=CC=C(C=C2)NC(=O)C)OC3=CC=C(C=C3)NC(=O)C)NC(=O)[C@@H](CO)NC(=O)OCC4=CC=CC=C4,8.173925197
C1=CC2=C3C=NC=CC3=C(N=C2C(=C1)C4=NC=NN4)NC5=CC=C(C=C5)Cl,7.677780705
CC(C)(C)OC(=O)CC[C@@H](C(=O)NCCCN1C(=O)C2=C(C=CC(=C2)F)N3C1=NNC3=S)NC(=O)OC(C)(C)C,5.480172006
C1CCN(CC1)S(=O)(=O)C2=CC=C(C=C2)NC(=O)NCC3=CC(=CC=C3)F,7.408935393
CN(C)CC(=O)NN1C(=O)C2=C3C4=C(C(=CC=C4)O)NC3=C5C(=C2C1=O)C6=C(N5C7C(C(C(C(O7)CO)O)O)O)C(=CC=C6)O,6.337242168
CC(=O)NC1=NC=C2C=C(C(=O)N(C2=N1)C)C3=C(C=CC=C3Cl)Cl,5.236572006
CCC1=CC=CC=C1C2=NC3=CC=CC=C3C(=N2)NCC4=CC=C(C=C4)C5=CN=CC=C5,6.107905397
CN1CCN(CC1)C(=O)C2=CC=C(C=C2)NC(=O)NC3=CC=C(C=C3)C4=NN5C=C(C=C5C(=N4)N6CCOCC6)CN7CCN(CC7)S(=O)(=O)C,7.386158178
C1CCN2C(=C(C3=C2C(=NC=N3)N4CCN(CC4)CCC5=CNC6=CC=CC=C65)C#N)C1,6.22184875
CC(C)(C)C1=CC=C(C=C1)CCN2CC=C(C2=O)CCC(=O)NO,6.37675071
CCOCCOC1=C(C=C2C(=C1)N=CN=C2NC3=CC(=C(C=C3)F)Cl)NC(=O)C(=C)Cl,7.430509046
C1=CC=C(C=C1)CNC(=O)C(CCCCCC(=O)NO)NC(=O)C2=CC=C(C=C2)[N+](=O)[O-],5.22184875
COC1=CC2=C(C=CN=C2C=C1OC)OC3=C(C=C(C=C3)N/C(=N\S(=O)(=O)CC4=CC=C(C=C4)F)/CC5=CC=CC=C5)F,7.198870812
C[C@@](C1=CC2=C(C=C1)[C@@](N(C2=O)CC3=CC=C(C=C3)Cl)(C4=CC=C(C=C4)Cl)OCC5(CC5)CO)(C(=O)NC)O,7.744727495
C1=CC=C(C=C1)C2=C(N3C=CC(=CC3=N2)Cl)CC(=O)NC4=CC5=C(C=C4)C=CS5(=O)=O,5.958607315
CC1=C(C(=O)O[C@H](C1)[C@@H](C)C2=C[C@@H]([C@@]3([C@@]2(CC[C@H]4[C@H]3C[C@@H]5[C@]6([C@@]4(C(=O)C=C[C@@H]6OC(=O)C(C(C)C)NC(=O)OC(C)(C)C)C)O5)C)O)OC(=O)C)C,6.096910013
CC(C)C1=C(C(=C2C(=C1)CC[C@@H]3[C@@]2(CCCC3(C)C)C(=O)NCCO)O)O,6.039053804
C[C@@]1(CCCN1)C2=NC3=C(C=CC=C3N2)C(=O)N,8.325138859
CC1=C(N=NN1C2=CC=C(C=C2)S(=O)(=O)N)/C(=N/NC3=NC(=CS3)C4=CC=C(C=C4)Cl)/C,7.397940009
COCCNC(=O)C1=CC=C(C=C1)NC2=NC=C3C=C(C=CC3=N2)C4=CN=C(C=C4)F,5.26760624
C1CN(CCN1)CC(=O)NC2=C3C4=CC=CC=C4SC3=C(C=C2)C5=CC=CC6=C5OC(=CC6=O)N7CCOCC7,7.619788758
CN1C=C(C2=CC=CC=C21)C3=NC(=NC=C3)NC4=C(C=C(C=C4)C(=O)NCCCCCCC(=O)NO)OC,6
COC(=O)[C@@H](CC1=CC=CC=C1)NC(=O)CCCCCCC(=O)NO,6.055517328
CCOCCOC1=C(C=C2C(=C1)N=CN=C2NC3=CC(=C(C=C3)F)Cl)NC(=O)C(=C)Br,7.404063094
C1CN(CCN1C2=NC(=NC(=N2)C3=CN=C(N=C3)N)N4CCOCC4)C(=O)C5=C(C=CC(=C5)CC6=NNC(=O)C7=CC=CC=C76)F,9.079981084
COC1=CC=CC(=C1)C2=CC(=O)C3=C(C=CN=C3N2)Br,5.820000358
COC1=C(C=C(C=C1)N2C=CC(=C2)C(=O)C3=CC(=C(C(=C3)OC)OC)OC)O,5.346787486
C1=CC=C(C=C1)CNC2=NC(=NC3=CC=CC=C32)C4=CC=CC=C4C(F)(F)F,5.508638306
CC1=C(C=CC(=C1)NCCC2(CCOC(C2)(C)C)C3=CC=CC=C3)Cl,6.511449283
C1=CC=C(C=C1)NC2=C3C=CN=CC3=C4C=CC=C(C4=N2)C5=NC=NN5,8
CC1=NC2=C(C=C(C=C2Br)Br)C(=O)N1CC(=O)N/N=C/C3=CC=C(C=C3)OC,4.698970004
CC(=O)N1CCN(CC1)CCC(=O)NC2=C3C4=CC=CC=C4SC3=C(C=C2)C5=CC=CC6=C5OC(=CC6=O)N7CCOCC7,7.638272164
CN(C)CCNC(=O)C1=C2C(=CC=C1)N=C3C=CC4=C(C3=N2)C=CC=C4OCCN5CCOCC5,6.627087997
CC1=C(C=CC(=C1)OCC2=NN=C(N2C3=CN=CC=C3)SC4CCCC4)Br,7
CN1C=NC=C1C(C2=CC=C(C=C2)C#N)OCC3=C(C=C(C=C3)C#N)C#CC4(CCCCC4)O,9.060480747
COC1=C(C=C(C=C1)CCC(=O)C2=CC(=C(C(=C2)OC)OC)OC)O,6
CC1=CC=C(C=C1)NC(=O)N2CCOC3=C2C=CC(=C3)OC4=NC=NC5=C4C=CN5,7.590066877
CCOC1=C(C=CC(=C1)C(=CC#N)C2=CC(=CC=C2)OC)OC,6.346787486
CC(C)CCN1C(=O)C2=CC=CC=C2N3C1=NNC3=S,5.761953897
C1=CC(=CC(=C1)N2C(=O)C3=CC4=C(C=C(C=C4)C#N)N(C3=NC2=O)C5=CC=C(C=C5)O)C(=O)N,7.455931956
COC1=CC=CC2=C1OC(=C2)C(=O)C3=CC(=C(C(=C3)OC)OC)OC,5.107905397
CC1=CC=C(C=C1)C2=C(N3C=CC=CC3=N2)CC(=O)NC4=CC5=C(C=C4)C=CS5(=O)=O,5.387216143
COC1=C(C=C(C=C1)C(=O)/C=C/C2=CC(=C(C(=C2)OC)OC)OC)OC,5.958607315
CC(=O)O[C@@H]1C[C@]2([C@@H](CC[C@@H]2O)C3=C1[C@]4([C@H](OC(=O)/C(=C/N5CCC(CC5)N6CCCCC6)/C4=C(C3=O)O)COC)C)C,7.200659451
CC(C)(C1=CC2=C(C(=C1)F)[C@@](N(C2=O)[C@@H](CC(=O)O)C3=CC=C(C=C3)Cl)(C4=CC=C(C=C4)Cl)O[C@H]5CCOC5)O,8.698970004
CN1CCCC1CCNCC(=O)NC2=C3C4=CC=CC=C4SC3=C(C=C2)C5=CC=CC6=C5OC(=CC6=O)N7CCOCC7,7.366531544
CCN1/C(=C/C2=[N+](C=CS2)CC3=CC=CC=C3)/S/C(=C/4\N(C5=CC=CC(=C5S4)C)C)/C1=O.[Cl-],6.602059991
C1CCC(C1)OC2=NN=C(N2C3=CC=CC=C3)COC4=CC=CC=C4,5.647817482
C[C@@H]1C(=O)N(C2=C(N1C3CCCC3)C=C(C=C2)C4=NC(=NN4C5=CC(=C(C=C5)C)F)C(=O)N6CCN(CC6)C)C,8.37675071
CC(=CCC[C@]\1(C/C=C(\C(=O)/C=C/[C@@]([C@@H](/C=C1)OC(=O)C=C(C)C)(C)O)/C[Si](C)(C)C(C)(C)C)C)C,5.557520231
C1CCC(C1)CC2=NN=C(N2C3=CC=CC=C3)COC4=CC=CC=C4,5.705533774
CC1=CC2=C(NC(=CC2=O)C3=CC(=CC=C3)OC)N=C1,6.099999035
COC1=CC2=C(C=C1)NC(=O)[C@@]23C[C@H]3C4=CC5=C(C=C4)C(=NN5)C6=CC=C(C=C6)N7CCNCC7,9.346787486
COC1=C(C=C(C=C1)N2C=CC(=C2)C(=O)C3=CC(=C(C(=C3)OC)OC)OC)N,6.327902142
CCC1=CC=C(C=C1)C(=O)/C=C\C(=O)O[C@H](CC=C(C)C)C2=CC(=O)C3=C(C=CC(=C3C2=O)O)O,7.294136288
CC1(CC(CCO1)(CCNC2=CC(=C(C=C2)OC)OC)C3=CC=CC=C3)C,6.185752404
CN(C)CC1=CC(=CC=C1)C2C(NC3=CC=CC4=C3C2=NNC4=O)C5=CC=CC=C5,8.437707136
COC1=CC(=CC(=C1OC)OC)CC2=C(NC3=C2C=CC(=C3)Cl)C4=CC=CC=C4,7.259637311
CCC1(C2=C(COC1=O)C(=O)N3CC4=C(C3=C2)N=C5C=CC(=CC5=C4)OCC(=O)ONC6=CN(C(=C6)C(=O)NC7=CN(C(=C7)C(=O)NC8=CN(C(=C8)C(=O)OCC)COC)COC)COC)O,6.243363892
C1=CC2=C(C=C1F)C(=O)N(C3=NNC(=S)N23)CCCNC(=O)CCCCCN,5.517126416
CC1=C(C=CC=C1C2=CC=CC=C2)COC3=C(C=C(C(=C3)OCC4=CC(=CC=C4)C#N)CN5C[C@@H]([C@H](C5)F)O)Cl,7
CC1=NN=C(O1)[C@]23CCCC([C@@H]2CC(=O)C4=C3C(=O)C(=O)C(=C4)C(C)C)(C)C,6.474955193
CC[C@@H]1C(=O)N(C2=CN=C(N=C2N1C3CCCC3)NC4=C(C=C(C(=C4)F)C(=O)NC5CCOCC5)OCCO)C,8.289036881
CS(=O)(=O)C1=CC=C(C=C1)C2=CC=CN3C2=NC(=N3)NC4=CC(=CC=C4)N5CCC(CC5)N6CCOCC6,7.050609993
CC(C)(C1=CC2=C(C(=C1)F)[C@@](N(C2=O)CC3=C(C=C(C=C3)Cl)CO)(C4=CC=C(C=C4)Cl)OCC5(CC5)C#N)O,8.823908741
COC1=C2C=C(C=N1)C3=CC4=C(C=CN=C4C=C3)C5=CN=CC(=C5)CNC(=O)C6=CC(=C(C=C6F)F)S(=O)(=O)N2,9.096910013
CCCC1=CC=C(C=C1)OCC(=O)N(CC(=O)NC2=NOC=C2)C(C)C,5.696587929
CCNC(=O)N1CCOC2=C1C=CC(=C2)OC3=C4C=C(C(=CC4=NC=C3)OC)OC,9
CC(C)(C1=CC2=C(C(=C1)F)[C@@](N(C2=O)CC3=C(C=C(C=C3)Cl)Br)(C4=CC=C(C=C4)Cl)OCC5(CC5)C#N)O,8.657577319
COC1=CC(=CC(=C1OC)OC)C2=NNC3=C2C=C(C=C3)C4=CC=CC=C4,6.262012674
CC1=CC=CC=C1CC2=CN(C3=C2C=C(C=C3)C4=C(ON=C4C)C)CCCCCC(=O)NO,6.536107011
CC1=C(OC2=C1C=CC(=C2)O)C(=O)C3=CC(=C(C(=C3)OC)OC)OC,5.886056648
C1=CC=C(C=C1)CCN2C(=O)C3=C(C=CC(=C3)F)N4C2=NNC4=S,4.888737486
CC1(CC(CC(S1)(C)C)(CCNC2=CC(=CC=C2)OC)C3=CC=CC=C3)C,6.37675071
CC1=C(C=CC(=C1)NC2=NC=C3CN(C(=O)N(C3=N2)[C@H]4CCN(C4)C(=O)C(C)C)C5=CC=CC=C5Cl)N6CCN(CC6)C,8.173925197
C1=CC=C(C=C1)CCN2C(=O)C3=CC=CC=C3N4C2=NNC4=O,4.301029996
CC1=C(C(=NO1)C)C2=CC3=C(C=C2)N(C=C3CC4=CC=CC=C4)CCCCCCC(=O)NO,6.536107011
CC(=O)O[C@@H]1C[C@]2([C@@H](CC[C@@H]2O)C3=C1[C@]4([C@H](OC(=O)/C(=C/N5CCN(CC5)CCCN6CCOCC6)/C4=C(C3=O)O)COC)C)C,7.346787486
CC1=C(C=CC=C1C2=CC3=C(C=C2)OCCO3)COC4=C(C=C(C(=C4)OCC5=CC(=CC=C5)C#N)CN6C[C@@H]([C@H](C6)F)O)Cl,7
C1COCCN1CCCOC2=C3C(=C4C(=C2)N=CN=C4OC5=CC(=C(C=C5)NC(=O)NC6=C(C=CC(=C6)C(F)(F)F)F)F)OCCO3,9
CC(=O)O[C@@H]1C[C@]2([C@@H](CC[C@@H]2O)C3=C1[C@]4([C@H](OC(=O)/C(=C/N(C)C(C)(C)C)/C4=C(C3=O)O)COC)C)C,6.356547324
CCN1/C(=C/C2=[N+](C=CS2)CC3=C(SC(=C3)C)C)/S/C(=C/4\N(C5=C(S4)C=C(C=C5)Cl)C)/C1=O.[Cl-],7.096910013
[2H]C([2H])([2H])C([2H])(C1=CC=CC=C1C2=NC=C(C(=N2)NCC3=CC=C(C=C3)N4C=CN=N4)C)C([2H])([2H])[2H],7
C1CCC(C1)[C@H](C2=NC=CC=N2)NC(=O)C3=CC4=C(C=C3)NN=C4C5=CC=C(C=C5)N6[C@H]7CC[C@H]6CC(C7)O,8.408935393
CCC(C1=NC2=NC=CN=C2C(=O)N1CC3=CC=CC=C3)N(CCCN)C(=O)C4=CC=C(C=C4)C,5.262807357
CCC(=O)N1CC[C@@H](C1)N2C3=NC(=NC=C3CN(C2=O)C4=C(C=CC(=C4)OC)F)NC5=CC(=C(C=C5)N6CCC7(CCN(CC7)C)CC6)C,8.207608311
CC1(CCC(=C(C1)CN2CCN(CC2)C3=CC=C(C=C3)C(=O)NS(=O)(=O)C4=CC(=C(C=C4)N[C@H](CCN5CCN(CC5)CCCNC6=CC=CC7=C6C(=O)N(C7=O)[C@@H]8CCC(=O)NC8=O)CSC9=CC=CC=C9)S(=O)(=O)C(F)(F)F)C1=CC=C(C=C1)Cl)C,7.548213564
CC(=O)NCC1=CC=C(C=C1)C2=CN=C(O2)NC3=CC4=C(C=C3)C(=CN4C)C#N,7.026872146
CCC(=O)OC1=C(C=CC(=C1)N(C)C2=CC(=O)OC3=CC=CC=C32)OC,8.494850022
CC1(C[C@](CCO1)(CCNC2=CC(=CC=C2)OC)C3=CC=CC=C3)C,8
CC1=C(C=CC=C1C2=CC=CC=C2)COC3=C(C=C(C(=C3)OCC4=CC(=CC=C4)C#N)CN[C@H]([C@H](C)O)C(=O)O)Cl,8.070581074
C1CN(CCN1C2=NC(=NC(=N2)C3=CN=C(C=C3C(F)(F)F)N)N4CCOCC4)C(=O)C5=C(C=CC(=C5)CC6=NNC(=O)C7=CC=CC=C76)F,8.019996628
C1=CC(=CC(=C1)Cl)C2=CC(=O)C3=C(N2)N=CC=C3,5.823908741
C1CN(C(=O)N1)CCNCCC(=O)NC2=C3C4=CC=CC=C4SC3=C(C=C2)C5=CC=CC6=C5OC(=CC6=O)N7CCOCC7,8.22184875
COC1=C2C=C(C=N1)C3=NC4=C(C=CN=C4C=C3)C5=CN=CC(=C5)CNC(=O)C6=CC(=C(C=C6F)F)S(=O)(=O)N2,8.337242168
COC(=O)[C@H](CO)NCCOC1=C2C3=CC=CC=C3SC2=C(C=C1)C4=CC=CC5=C4OC(=CC5=O)N6CCOCC6,8.698970004
CCNC1=NC=C2C=C(C(=O)N(C2=N1)C)C3=C(C=CC=C3Cl)Cl,5.346787486
CC1C(=O)N(C2=C(N1C3CC3)C=C(C=C2)NC(C)C4=CC=C(C=C4)F)C,6.568636236
COC(=O)[C@H](CC1=CC=C(C=C1)C2=CC=CC=C2)NC(=O)CCCCCCC(=O)NO,6.537602002
CCCS(=O)(=O)N(CCN(CC1=CN=CN1C)C2=CC=C(C=C2)C#N)CC3=CC=CC=C3,7.318758763
C1C=C(C(=O)N1CCC2=CC=C(C=C2)[N+](=O)[O-])CCC(=O)NO,5.832682665
COC1=C2C=C(C=N1)C3=CC4=C(C=CN=C4C=C3)C5=CC=CC(=C5)CNC(=O)C6=CC(=C(C=C6F)F)S(=O)(=O)N2,8.698970004
CN1C=NC=C1CN(CCN(CC2=CC=CC=C2)S(=O)(=O)C3=CC=CS3)C4=CC=C(C=C4)C#N,7.301029996
CN(C)CCNC(=O)CCC(=O)OCCCCCCSC1=CC=C(C2=NON=C12)[N+](=O)[O-],5.665546249
CC1=C(C=CC(=C1)N2C(=O)OC(=N2)OC)NC(=O)OCC3=CC=CC=C3,6.372634143
CC1=C(C2=C(N1C(=O)C3=CC=C(C=C3)Cl)C=CC(=C2)OC)CC(=O)O,6.30980392
CN1CCN(CC1)C2=CC3=C(C=CC=C3NC(=O)C4=CC=CN(C4=O)C5=CC=C(C=C5)F)N=C2,5.27572413
CC1(C=CC2=C(C=CC(=C2O1)C(=O)/C=C/C3=CC(=C(C=C3)OC)NC(=O)N)OC)C,5.785156152
CCC(=O)N1CC[C@@H](C1)N2C3=NC(=NC=C3CN(C2=O)C4=C(C=CC(=C4)OC)F)NC5=CC(=C(C=C5)N6CCN(CC6)C)C(F)(F)F,7.496209317
COCCOC1=CC(=C(C=C1)NC2=C3C=CN=CC3=C4C=CC=C(C4=N2)C5=NC=NN5)F,8
CNC(=S)N1CN(C(=O)C2=C1C=CC(=C2)F)CCC3=CC=CC=C3,4.301029996
CC1=C(C=C(N1)C2=CC=NC=C2)C(=O)N,6.287350298
CC1=C(C(=O)O[C@H](C1)[C@@H](C)C2=C[C@@H]([C@@]3([C@@]2(CC[C@H]4[C@H]3C[C@@H]5[C@]6([C@@]4(C(=O)C=C[C@@H]6OC(=O)N7CCCCC7)C)O5)C)O)OC(=O)C)C,5.860120914
COC1=CC2=C(C=CN=C2C=C1OC)OC3=CC4=C(C=C3)C(=CC=C4)C(=O)NC5=CC=NC=C5,8.7000571
CN(CCC1=CC=CC=C1)C2=NC=NC3=C2N4CCCCC4=C3C#N,5.045757491
COC1=CC=CC=C1C2=CSC3=CN=C(N=C32)NC4=CC(=C(C=C4)C(=O)N[C@@H]5CCNC5)F,7.14691047
COC1=CC=CC=C1N2CCN(CC2)C3=NC4CCCCCC4C(=O)N3,5.029839157
CN1C=C(N=C1)S(=O)(=O)N(CCN(CC2=CN=CN2C)C3=CC=C(C=C3)C#N)CC4=CSC=C4,7.173925197
C1CCC(CC1)C2=CC=C(C=C2)CNC(=O)C3=CC(=NC4=C3C=CC(=C4)OCC(=O)O)C5=CC=CC=C5,4
C1CN(CC1N)C2=C(C=C3C4=C2OC5=C(N4C=C(C3=O)C(=O)O)C6=CC=CC=C6C=C5)F,6.356547324
CCNC(=O)NC1=NC=C(C(=C1)C(F)(F)F)C2=NN3C=C(C=C3C(=N2)N4CCOCC4)CN5CCN(CC5)S(=O)(=O)C,7.379863945
CCOP(=O)(CC1=CC=C(C=C1)NC2=NC=C3C(=N2)C(=CS3)C4=CC=CC=C4OC)N5CCOCC5,6.454074671
CCC(=O)N1CC[C@@H](C1)N2C3=NC(=NC=C3CN(C2=O)C4=CC=CC=C4OC)NC5=CC(=C(C=C5)N6CCN(CC6)C)C,8.292429824
COC1=CC2=NC(=C(N2C=C1)CC(=O)NC3=CC4=C(C=C3)C=CS4(=O)=O)C5=CC6=CC=CC=C6C=C5,5.853871964
COC1=CC=CC2=C1C=CC3=NC4=CC=CC(=C4N=C23)C(=O)NCC(CN)O,6.288192771
CC1=CC=C(C=C1)NC(=O)N2CCOC3=C2C=CC(=C3)OC4=CC(=NC=C4)C(=O)NC,7.20999648
CC1=C(C=CC=C1C2=CC3=C(C=C2)OCCO3)COC4=C(C=C(C(=C4)OCC5=CC(=CC=C5)C#N)CN6CCN(CC6)C(=O)OC(C)(C)C)Cl,6
COC1=C(C=C(C=C1)C(=CC#N)C2=CC(=C(C(=C2)OC)OC)OC)N,8.744727495
CCC(C1=NC2=C(C(=O)N1CC3=CC=CC=C3)SC=C2)N(CCCN)C(=O)C4COC5=CC=CC=C5O4,5.63638802
C[C@@H](C1=CC=CC=C1)NC(=O)N2CCOC3=C2C=CC(=C3)OC4=C5C=C(C(=CC5=NC=C4)OC)OC,9
COC1=C(C(=C2C(=C1)CC[C@H](C3=C2C=CC(=C3)SC)OC(=O)C4=CN=CC=C4)OC)OC,5.620000528
CC1=C(C(=O)C2=C(N1C)C=CC(=C2)OC)C(=O)NC3=CC(=C(C=C3)OC4=NC=NC5=C4C(=CN5)C6=CC=CC=C6)F,7.004364805
CCCN1C(=O)C2=C(C=CC(=C2)F)N3C1=NNC3=S,5.935542011
COC1=CC=C(C=C1)/C=C/C(C2=CC(=C(C(=C2)OC)OC)OC)O,5.397940009
CC(=CCC[C@]\1(C/C=C(\C(=O)/C=C/[C@@]([C@@H](/C=C1)OC(=O)C=C(C)C)(C)O)/C(=O)N2CCOCC2)C)C,5.485452247
CC1=CC(=O)NN1C(=O)CN2C(=NC3=C(C2=O)C=C(C=C3Br)Br)C,4.397940009
C[C@H](C1=CC=C(C=C1)NC2=NC=C3C=C(C=CC3=N2)C4=CC=NC=C4)NC(=O)C5CCCCN5C,6.651695137
CC[C@@H]1C(=O)N(C2=CN=C(N=C2N1C3CCCC3)NC4=C(C=C(C=C4)C(=O)NC5CCN(CC5)C(C)C)OCCO)C,7.762205007
CCOC(=O)CC1C2=C(C3=C(C=C(C=C3)OC)C(=N1)C4=CC=C(C=C4)Cl)N(C(=O)S2)C,6.37675071
C1=CC=NC(=C1)C(=O)NC2=CC(=CC=C2)NC(=O)NC3=CC(=CC=C3)Cl,6.496209317
C1CCC(C1)SC2=NN=C(N2C3=CC(=CC=C3)Cl)COC4=CC=CC=C4,6.13076828
CN1CCN(CC1)CCCNC2=NC3=NC(=C(C=C3C=N2)C4=C(C=CC=C4Cl)Cl)NC(=O)CC5=CC=CC=C5,5.167491087
CC(=O)O[C@@H]1C[C@]2([C@@H](CC[C@@H]2O)C3=C1[C@]4([C@H](OC(=O)/C(=C/N(C)CCCN5CCN(CC5)C6=CC=C(C=C6)OC)/C4=C(C3=O)O)COC)C)C,7.823908741
CC1=CN=C(N=C1NCC2CCN(C2)C3=CN=CC=C3)C4=CC=CC=C4C(C)C,6.096910013
C1COCCC12N=C(N=C(N2OCCCOC3=CC(=CC=C3)Br)N)N.Br,7.397940009
COC1=CC2=C(C=CN=C2C=C1OC)OC3=CC4=C(C=C3)C(=CC=C4)C(=O)NC5=CC=CC=C5F,8.7000571
CCC1=CC=C(C=C1)C(=O)N(CCCN)C(CC)C2=NC3=C(C(=O)N2CC4=CC=CC=C4)SC=C3,7.045757491
C1=CC(=CC=C1N/C=C/C2=NC3=C(C=C(C=C3Br)Br)C(=O)N2)Cl,6
CC(=O)N(CCC1(CCOC(C1)(C)C)C2=CC=CC=C2)C3=CC=CC=C3,5.630784143
CC(=O)O[C@@H]1C[C@]2([C@@H](CC[C@@H]2O)C3=C1[C@]4([C@H](OC(=O)/C(=C/N5CCN(CC5)C6=CC=CC=C6)/C4=C(C3=O)O)COC)C)C,7.251811973
C1CN(CCN1CC(=O)NC2=C3C4=CC=CC=C4SC3=C(C=C2)C5=CC=CC6=C5OC(=CC6=O)N7CCOCC7)C8=CC=CC=N8,8.15490196
CC(C)C1=CC=C(C=C1)NC(=O)C2=CC(=NC3=C2C=CC(=C3)OC)C4=CC=CC=C4,4
CC1(CCC(=C(C1)CN2CCN(CC2)C3=CC=C(C=C3)C(=O)NS(=O)(=O)C4=CC(=C(C=C4)N[C@H](CCN(C)CCOCCOCCNC5=CC=CC6=C5C(=O)N(C6=O)[C@@H]7CCC(=O)NC7=O)CSC8=CC=CC=C8)S(=O)(=O)C(F)(F)F)C9=CC=C(C=C9)Cl)C,7.455931956
C1C[C@@H](CN(C1)C2=NC(=NC(=C2)C3=CC4=C(C=C3)C(=NN4)N)N)C(=O)NC5=CC=CC=C5,7.500038134
CC(=O)O[C@@H]1C[C@]2([C@@H](CC[C@@H]2O)C3=C1[C@]4([C@H](OC(=O)/C(=C/N(C)CCN(C)C)/C4=C(C3=O)O)COC)C)C,8.075720714
COC1=CC(=CC(=C1OC)OC)C(=O)C2=CC3=CC=CC=C3O2,5.096910013
C1CCC2=C(C1)C(=O)NC(=N2)N3CCC4(CC3)CN(C5=C4C(=CC=C5)Cl)CCO,7.769551079
CC1=C(C(=NO1)C)C2=CC3=C(C=C2)N(C(=O)N(C3C4=CC=CC=C4)CC5=CN(N=N5)CCOCCOCC(=O)NC6=CC=CC7=C6C(=O)N(C7=O)C8CCC(=O)NC8=O)C,7.169411331
C1OC2=C(O1)C=C3C(=C2)C(=O)C=C(N3)C4=CC(=CC=C4)N,6.139997578
CC(C)C[C@@H](C(=O)C(=O)NC1=CC(=CC=C1)S(=O)(=O)C)NC(=O)[C@H](CC2=CNC3=CC=CC=C32)NC(=O)[C@H](CC(C)C)NC(=O)OCC4=CC=CC=C4,7.221125528
C1=CC=C(C=C1)S(=O)(=O)C2=CC=C(C=C2)NC(=O)CCC3=CN=CC=C3,7.552841969
C1=CC=C(C(=C1)C2=NC3=CC=CC=C3C(=N2)NCC4=CC=CS4)C(F)(F)F,5.102372909
CN1CCN(CC1)CCCNC2=NC3=NC(=C(C=C3C=N2)C4=C(C=CC=C4Cl)Cl)NC(=O)NC5=CC=CC=C5,7.075720714
CC(C)(C1=CC2=C(C(=C1)F)[C@@](N(C2=O)CC3=CC=C(C=C3)Cl)(C4=CC=C(C=C4)Cl)OCC5(CC5)CO)O,8.337242168
C1=CC(=C2C(=C1)NN=C2N)C3=CC=C(C=C3)NC(=O)NC4=CSC=C4,8.301029996
C1CCC2=C(C1)C(=O)NC(=N2)N3CCC4(CC3)CNC5=C4C=CC(=C5)Cl,8.236572006
CC1C(=O)N(C2=C(N1C3CC3)C=C(C=C2)NC(C)C4=CC=CC=C4)C,6.468521083
CC1=C(C=CC=C1C2=CC3=C(C=C2)OCCO3)COC4=C(C=C(C(=C4)OCC5=CC(=CC=C5)C#N)CN6CCNCC6)Cl,6.632830511
CCN(CC)/C=C/1\C2=C(C(=O)C3=C([C@]2([C@H](OC1=O)COC)C)[C@@H](C[C@]4([C@H]3CC[C@@H]4O)C)O)O,5.105130343
COC1=CC2=C(C=CN=C2C=C1OC)OC3=CC4=C(C=C3)N(CCO4)C(=O)NC5=CC=C(C=C5)Cl,9.299988938
CN1CCCC1CCN2C(=O)C3=C(C=CC(=C3)F)N4C2=NNC4=S,5.246416941
C1CN(C[C@@H]1N)C2=C(C=C3C4=C2OC5=C(N4C=C(C3=O)C(=O)O)C=CC6=CC=CC=C65)F,7.698970004
CN1C=C(N=C1)S(=O)(=O)N(CCN(CC2=CN=CN2C)C3=CC=C(C=C3)C#N)CC4=CC(=CC=C4)C#N,7.107905397
CCN1CCN(CC1)C2=CC3=C(C=C(C=C3NCC4=CC(=CC=C4)[N+](=O)[O-])C(F)(F)F)N=C2,8.995678626
CN1CCN(CC1)CC2=CC(=CC=C2)NC3=NN4C=CC=C(C4=N3)C5=CC=C(C=C5)S(=O)(=O)C,6.462180905
CC1C=C(NC2=C1C=CC=N2)C3=CC=CC(=C3)C,5.740000205
CC(=O)O.CN(C)CCC(=O)NC1=CC2=C(C=C1)C(=O)C3=C(C2=O)C=CC(=C3)NC(=O)CCN(C)C,5.59345982
CN1C=CN=C1C2C(NC3=CC(=CC4=C3C2=NNC4=O)F)C5=CC=C(C=C5)F,8.728158393
CC(=O)NC1=CC=CC(=C1)C2=CSC3=CN=C(N=C32)NC4=CC=C(C=C4)CP(=O)(OC)OC,6.42365865
CN(C)CCNC(=O)C1=C2C(=CC=C1)N=C3C=CC4=C(C3=N2)C=CC=C4OCC#C,7.214670165
CC(C)(C)NC(=O)NC1=C(C=C2C=NC(=NC2=N1)N(C)CCCN(C)C)C3=C(C=CC=C3Cl)Cl,5.698970004
CNC1=NC=C2CN(C(=O)N(C2=N1)[C@@H]3CCCN(C3)C(=O)/C=C/CN(C)C)C4=C(C(=CC(=C4Cl)OC)OC)Cl,8.450996738
CCC1(C2=C(COC1=O)C(=O)N3CC4=C(C3=C2)N=C5C=CC(=CC5=C4)OCC(=O)ONC6=CN(C(=C6)C(=O)NC7=CN(C(=C7)C(=O)OCC)COC)COC)O,7.031517051
CC(C)C1=C(C(=C2C(=C1)CC[C@@H]3[C@@]2(CCCC3(C)C)C(=O)NCCCN4C=CN=C4)O)O,5.096910013
CN1C2=NC(=NC=C2C=C(C1=O)C3=C(C=CC=C3Cl)Cl)NCCCCCC(=O)O,6
C1=CC(=CC(=C1)Cl)NC(=O)NC2=CC=C(C=C2)C3=C4C(=CC=C3)NN=C4N,8.522878745
C1COCCN1CCNCC(=O)NC2=C3C4=CC=CC=C4SC3=C(C=C2)C5=CC=CC6=C5OC(=CC6=O)N7CCOCC7,7.920818754
CCC(=O)N1CC[C@@H](C1)N2C3=NC(=NC=C3CN(C2=O)C4=C(C=CC(=C4)OC)F)NC5=CC(=C(C=C5)N6CCCN(CC6)C)C,8.30980392
C1=CC(=CC=C1C2=C(C=C(N2)C3=CC=NC=C3)C(=O)N)Br,7.13667714
CNC(=O)C1=CC=CC2=C3C=NC=CC3=C(N=C21)NC4=CC(=CC=C4)Cl,7.744727495
C1=CC=C(C=C1)C2=C(N3C=CC(=CC3=N2)Br)CC(=O)NC4=CC5=C(C=C4)C=CS5(=O)=O,6.045757491
COC1=CC2=NC(=C(N2C=C1)C(=O)NC3=CC=C(C=C3)C4CCCCC4)C5=CC=CC=C5,4
C1=C(C=C(C(=C1O)O)O)C2=C(C(=O)C3=C(C=C(C=C3O2)O)O)O,4.698970004
CC1=C(N=NN1C2=CC=C(C=C2)S(=O)(=O)NC3=NC=CS3)/C(=N/NC(=O)N)/C,6.468521083
CC(=CCC[C@@](C)(CC=O)/C=C/[C@H]([C@@](C)(/C=C/C(=O)/C=C/N1CCN(CC1)C)O)OC(=O)C=C(C)C)C,5.974694135
CC(C)CN1CCC(CC1)C2=NC3=C4N2CCNC(=O)C4=CN=C3,7.552841969
CS(=O)(=O)N1CCN(CC1)C(=O)C2=CC=C(C=C2)NC3=NC(=CC(=N3)N4CCOCC4)C5=CN=C(C=C5C(F)(F)F)N,7.744727495
COC1=CC2=C(CC3=C(NN=C32)/C=C/C(=O)C4=CC5=C(C=C4)OCO5)C=C1,5.031050319
CN(C1=C(C=C(C=C1)NC(=O)C2=CC=C(C=C2)OC)OCC3=C(C=CC(=C3)OC)OC)S(=O)(=O)C,8.591760035
CN1C2=NC(=NC=C2C=C(C1=O)C3=C(C=CC=C3Cl)Cl)NCC4=CC=CC=N4,5.493494968
CC1C(=O)N(C2=C(N1C3CC3)C=C(C=C2)C4=NN=CN4C5=CC=C(C=C5)C)C,8.065501549
C1=CC(=CC(=C1)F)NC(=O)C2=C(C=CC(=C2)NC(=O)CCCCCC(=O)NO)O,6
CC1=CC2=C(C=C1)N3C(=S)NN=C3N(C2=O)CCC(=O)NC(C)C,5.696803943
CC(=O)CC(=O)N[C@H]1CCC2=CC(=C(C(=C2C3=CC=C(C(=O)C=C13)SC)OC)O)OC,5.480000159
CC(C)C(=O)O[C@@H]1/C=C/[C@@](C/C=C(\C(=O)/C=C/[C@@]1(C)O)/CO)(C)CCC=C(C)C,5.397940009
CC1=CC=CC=C1CC2=CN(C3=C2C=C(C=C3)C4=C(ON=C4C)C)CCCCCCC(=O)NO,6.536107011
CC[C@@H]1C(=O)N(C2=CN=C(N=C2N1C3CCCC3)NC4=C(C=C(C=C4)C(=O)NC5CCCC5)OC)COC,5.920818754
CCC(C1=NC2=C(C(=O)N1CC3=CC=CC=C3)SC=C2)N(CCCNC(=O)OC(C)(C)C)C(=O)C4=CC=C(C=C4)C,5
CC(C)SC1=NN=C(N1C2=CN=CC=C2)COC3=CC=CC=C3,5.57024772
CCC(=O)NC1=C(C=CC(=C1)/C=C/C(=O)C2=C3C(=C(C=C2)OC)C=CC(O3)(C)C)OC,6.040958608
C1=CC=C(C=C1)CNC(=O)[C@H](CCCCCC(=O)NO)NC(=O)OCC2C3=CC=CC=C3C4=CC=CC=C24,5.494850022
CCOC1=C(C(=O)N(C=C1)C2=CC=C(C=C2)F)C(=O)NC3=CC(=C(C=C3)OC4=C(C(=NC=C4)N)Cl)F,8.22184875
CC1=C(C=CC=C1C2=CC3=C(C=C2)OCCO3)COC4=C(C=C(C(=C4)OCC5=CC(=CC=C5)C#N)CNCCN)Cl,7
CC1=CC=C(C=C1)C2=NNC3=C2C=C(C=C3)C4=CC(=C(C(=C4)OC)OC)OC,5
CS(=O)(=O)C1=CC=C(C=C1)S(=O)(=O)N2CCC[C@H]2C(=O)N[C@@H](CNC(=O)NCC3=CC=CC=C3)C(=O)O,7.15490196
C1CCC(C1)SC2=NN=C(N2C3=CN=CC=C3)COC4=CC=CC=C4,6.327902142
CC1=CC(=CC=C1)OCC2=NN=C(N2C3=CN=CC=C3)SC4CCCC4,6.280668713
CNC(=O)C1=NC=CC(=C1)OC2=CC3=C(C=C2)N(CCO3)C(=O)NC4=CC=C(C=C4)Cl,7.019996628
C[C@@H]1CC[C@@H](CN1C2=NC(=NC(=C2)C3=CC4=C(C=C3)C(=NN4)N)N)C(=O)NC5CCCCC5,8.100015437
COC1=CC(=CC(=C1OC)OC)C2CN=C(O2)C3=CC4=C(C=C3)N=CN4,5.148741651
C1=CC=C(C=C1)CNC(=O)[C@H](CCCCCC(=O)NO)NC(=O)OCC2=CC=CC=C2,5.818156412
CC1=C(C(=O)O[C@H](C1)[C@@H](C)C2=C[C@@H]([C@@]3([C@@]2(CC[C@H]4[C@H]3C[C@@H]5[C@]6([C@@]4(C(=O)C=C[C@@H]6OC(=O)CCC7=CC=CC=C7)C)O5)C)O)OC(=O)C)C,5.392544977
C1CSCC2=C1N=C(NC2=O)C3=CC=C(C=C3)C(F)(F)F,8.48148606
C[C@]12CC[C@H](C1(C)C)CC(=O)N2CC3=CN(N=N3)C4=CC=C(C=C4)O,7
COC1=CC=CC=C1C2=CSC3=CN=C(N=C32)NC4=C(C=C(C(=C4)F)C(=O)NC5CCNCC5)OC,7.417936637
C1CCC(C1)C[C@H](CC(=O)NO)C(=O)N2CC3(CC3)C[C@H]2C4=NC(=NO4)C5=NC=C(C=C5)F,8.300162274
C1=CC2=C(C=C1F)C(=O)N(C3=NNC(=S)N23)CCC(F)(F)F,6.124938737
C#CC1=CC(=CC=C1)NC(=O)C2=C(C=CC(=C2)NC(=O)CCCCCCC(=O)NO)O,6
CC1=CC=C(C=C1)NC(=O)CN2C(=NC3=C(C2=O)C=C(C=C3Br)Br)C,6.193820026
COC1=C(C=C(C=C1)C(=CC#N)C2=CC(=C(C(=C2)OC)OC)OC)OC,7.387216143
CCN1CCN(CC1)C(=S)SCC(=O)NC2=CC(=CC=C2)NC(=O)C3=CC=CC=N3,5.964970718
CN(C)CCNC(=O)C1=C2C(=CC=C1)N=C3C=CC4=C(C3=N2)C=CC=C4N(C)C,6.033858267
C1OC2=C(O1)C=C(C=C2)N3C4=C(C=CC(=C4)C#N)C=C5C3=NC(=O)NC5=O,6.017728767
CN1CCN(CC1)C(=O)C2=CC(=CC=C2)NC3=NC4=NC5=C(CCCCC(=O)NC6=CC=CC(=C6)N4)C=NN53,6.602059991
C[C@@H](C(=O)NC(CCCN=C(N)N)P(=O)(OC1=CC=CC=C1)OC2=CC=CC=C2)NC(=O)[C@@H](CO)NC(=O)OCC3=CC=CC=C3,7.214670165
COC1=C(C=CC(=C1)C2=C3C4=CC(=C(C=C4C=CN3C5=C2C6=CC(=C(C=C6OC5=O)O)OC)O)OC)O[C@@H]7[C@H]([C@H]([C@@H]([C@H](O7)CO)O)O)O,4.301029996
CC1=C(C=C(C=C1)C(=O)NC2=CC(=CC=C2)I)C#CC3=CN4C(=CC=N4)N=C3,7.7044329
COC1=CC(=CC(=C1OC)OC)/C=C/2\CN(C=CC2=O)S(=O)(=O)C3=CC=CC=C3,4.632644079
COC1=C2C=C(C=N1)C3=NC4=C(C=NN4C=C3)C5=CC=CC(=C5)CNC(=O)C6=CC(=CC=C6)S(=O)(=O)N2,6.351639989
COC1=C(C=CC(=C1)C2=C3C4=CC(=C(C=C4C=CN3C5=C2C6=CC(=C(C=C6OC5=O)O[C@H]7[C@@H]([C@H]([C@@H]([C@H](O7)CO)O)O)O)OC)O)OC)O[C@H]8[C@@H]([C@H]([C@@H]([C@H](O8)CO)O)O)O,5.169347186
C1=CC2=C(C=CC(=C2)OC3=CC=NC=C3)C(=C1)C(=O)NC4=CC=C(C=C4)Cl,7.739928612
C[C@]12CC[C@H]3[C@@]4(CCC5=C([C@H]4CC[C@@]3(C1)C(=C)C2=O)C(=C)OC5=O)C,5.920818754
CN(C)CCCOC1=CC=CC2=C1C=CC3=NC4=CC=CC(=C4N=C23)C(=O)NCCN(C)C,7.040958608
CCN(CC)CCOC1=CC=C(C=C1)NC2=NC=C3C=C(C(=O)N(C3=N2)C)C4=C(C=CC=C4Cl)Cl,7.102372909
C1=CC2=C(C=C1F)C(=O)N(C3=NNC(=S)N23)CCP(=O)(O)O,4.663540266
CC(C)C1=C(C(=C2C(=C1)CC[C@@H]3[C@@]2(CCCC3(C)C)CO)O)O,5.107905397
CCOC1=C(C=CC(=C1)C(=CC#N)C2=CC(=CC(=C2)OC)OC)OC,7.468521083
CNC(=O)C1=CC=C(C=C1)C2=CC=C(C=C2)OCC3=NN=C(N3C4=CN=CC=C4)SC5CCCC5,7.37675071
C1CCC(C1)SC2=NN=C(N2C3=CC=CC(=C3)N=[N+]=[N-])COC4=CC=CC=C4,5.619788758
CN(C)CCNC(=O)C1=C2C(=CC(=C1)OC)N=C3C=CC4=C(C3=N2)C=CC=C4OC,7.602059991
CN1C=C(N=C1)S(=O)(=O)N(CCN(CC2=CN=CN2C)C3=CC=C(C=C3)C#N)CC4=CC=C(C=C4)C5=CC=CC=C5,5.769551079
CCOCCCN1C(=O)C2=CC=CC=C2N3C1=NNC3=S,5.774690718
CNC1=NC=C2CN(C(=O)N(C2=N1)[C@H]3CCCN(C3)C(=O)/C=C/CN(C)C)C4=C(C(=CC(=C4Cl)OC)OC)Cl,8.511449283
CCCCOC1=CC2=NC=CC(=C2C=C1OC)OC3=C(C=C(C=C3)N/C(=N/S(=O)(=O)CC4=CC=C(C=C4)Cl)/CCOC)F,7.91649738
CC1=C(SC(=N1)N)C2=NC(=NC=C2)NC3=CC=C(C=C3)N4CCN(CC4)C(=O)C,6.619788758
COC1=C(C=C(C=C1)/C=C/C(=O)C2=CC(=C(C(=C2)OC)OC)OC)F,6.522878745
C1=CC=C(C=C1)NC2=C3C(=NC(=N2)Cl)N(C=N3)CC4=CC=C(C=C4)C(=O)NC5=CC=CC=C5N,5.552841969
CC1=CC=C(C=C1)CC(=O)NCCCN2C(=O)C3=C(C=CC(=C3)F)N4C2=NNC4=S,5.928117993
C1CC(C2=CC=CC=C2C1)NC(=O)[C@H](CCCCCC(=O)NO)NC(=O)OCC3=CC=CC=C3,5.769551079
CC1=C(C=C(C=C1)F)C(=O)/C=C\C(=O)O[C@H](CC=C(C)C)C2=CC(=O)C3=C(C=CC(=C3C2=O)O)O,7.630784143
CN1CCN(CC1)CCCOC2=CC3=NC=CC(=C3C=C2OC)OC4=C(C=C(C=C4)N/C(=N/S(=O)(=O)CC5=CC(=C(C=C5)Cl)Cl)/CCOC)F,8.143875556
CC(C)C1=C(C(=C2C(=C1)CC[C@@H]3[C@@]2(CCCC3(C)C)C4=NN=C(O4)N)O)O,6.066006836
CC1=C(C=C(C=C1)C(=O)NC2=CC(=CC(=C2)C)C)C#CC3=CN4C(=CC=N4)N=C3,8.197910742
C[C@H](C1=CC=C(C=C1)NC2=NC=C3C=C(C=CC3=N2)C4=CC=NC=C4)NC(=O)CCOC,7.568636236
COC1=C(C(=C2C(=C1)CC[C@H](C3=C2C=CC(=C3)SC)OC(=O)C4=CC=CC=C4)OC)OC,5.570000775
C1CCC(C1)SC2=NN=C(N2C3=CC=CC=C3)C4=CC=CO4,5.059483515
COC1=CC2=C(C=CN=C2C=C1OC)OC3=CC4=C(C=C3)C(=CC=C4)C(=O)NC5=CC(=C(C=C5)Cl)C(F)(F)F,9
CC(C)C1=CC=CC2=CC3=C(C(=CC=C3)C(=O)NCCCN(C)CCCNC(=O)C4=CC=CC5=C4N=C6C(=C5)C=CC=C6C(C)C)N=C21,5.681936665
CN1C(=NC=N1)[C@@H]2[C@H](NC3=CC(=CC4=C3C2=NNC4=O)F)C5=CC=C(C=C5)F,9.244125144
CCOC1=C(C=CC(=C1)C(=CC#N)C2=CC(=C(C=C2)OC)NC(=O)[C@H](C)N)OC.Cl,7.397940009
COC1=C(C(=C2C(=C1)C[C@@H](C3=CC(=O)C(=CC=C32)SC)COC(=O)C4=CC=CC(=C4)C#N)OC)OC,5.520000247
COC1=CC(=CC(=C1OC)OC)C2C3=CC4=C(C=C3OC(=C2C#N)N)NCCO4,9.432973634
CN(C)C1=CC=C(C=C1)NC2=C3C(=NN2)N=CN=C3NC4=CC(=CC=C4)Cl,5.809668302
CCN(CC)CCCNC1=NC2=NC(=C(C=C2C=N1)C3=C(C=CC=C3C)C)N,6.346787486
CCNC(=O)NC1=C(C=C2C=NC(=NC2=N1)NCCCCN(CC)CC)C3=C(C=CC=C3Cl)Cl,7.30980392
CN(CCCNC(=O)C1=CC=CC2=NC3=CC=CC=C3N=C21)CCCNC(=O)C4=CC=CC5=NC6=CC=CC=C6N=C54,6.283996656
CCCCOC1=CC2=NC=CC(=C2C=C1OC)OC3=C(C=C(C=C3)N/C(=N/S(=O)(=O)CC4=CC(=C(C=C4)Cl)Cl)/CCOC)F,7.781727146
COC1=CC(=CC(=C1OC)OC)C(=O)C2=C(NC3=C2C=CC=C3F)C4=CC=CC=C4,7.522878745
CNC1=NC=C2CN(C(=O)N(C2=N1)C3=CC=CC(=C3)NC(=O)C=C)C,5.159893906
CC1=C(C(=O)O[C@H](C1)[C@@H](C)C2=C[C@@H]([C@@]3([C@@]2(CC[C@H]4[C@H]3C[C@@H]5[C@]6([C@@]4(C(=O)C=C[C@@H]6OC(=O)CNC(=O)OC(C)(C)C)C)O5)C)O)OC(=O)C)C,6.200659451
CC1(CC(CCO1)(CCNC2=CC(=CC=C2)OC)C3=CC=C(C=C3)F)C,7
C1CCN(CC1)S(=O)(=O)C2=CC=C(C=C2)NC(=O)NCCC3=CN=CC=C3,8
COC(=O)C1=CC=CC2=C3C=NC=CC3=C(N=C21)NC4=CC(=CC=C4)Cl,6.048662481
CC1=CC2=C(NC(=CC2=O)C3=CC=C(C=C3)OC)N=C1,5.110000065
CN1C(=CC=N1)C2C(C3=NNC(=O)C4=C3C(=CC(=C4)F)N2)C5=NC=NN5C,8.540607512
CC1=C(C=C(C=C1)NC(=O)C2=CC(=CC=C2)C(C)(C)C#N)NC3=CC4=C(C=C3)N=CN(C4=O)C,7.468521083
COC1=C(C(=CC(=C1)C2=CN=CC3=CC(=NN32)C4=CC=C(C=C4)S(=O)(=O)C)[Se]C)OC,5.069356559
COC1=C2C=C(C=N1)C3=CC4=C(C5=CN=CC(=C5)CNC(=O)C6=CC(=CC=C6)S(=O)(=O)N2)N=CN=C4N3,7.790484985
C1CCC2=C(C1)C(=O)NC(=N2)N3CCC4(CC3)C5=C(C=C(C=C5)Cl)NC4=O,7.841637508
CC1=C(C(=O)C2=C(N1C)C=CC=C2Cl)C(=O)NC3=CC(=C(C=C3)OC4=NC=NC5=C4C(=CN5)C6=CC=CC=C6)F,5
C1CCC2=C(C1)C(=O)NC(=N2)N3CCC4(CC3)C5=C(C=CC=C5Br)NC4=O,7.872895202
CN1CCN(CC1)CCCCCNC2=NC=C3C=C(C(=O)N(C3=N2)C)C4=C(C=CC=C4Cl)Cl,5.346787486
CC(C)C1=CC2=C(C=C1)N=C3C(=C2)C=CC=C3C(=O)NCCCN(C)CCCNC(=O)C4=CC=CC5=CC6=C(C=CC(=C6)C(C)C)N=C54,5.681936665
C1=CC(=CC(=C1)O)NC2=C3C(=NN2)N=CN=C3NC4=CC(=CC=C4)Cl,6.337242168
CN(C)CCCNC1=NC2=C(C=CC(=C2)O)C3=C1C(=O)C4=CC=CC=C43,7.645891561
CN1CCN(CC1)CCCNC2=NC3=NC(=C(C=C3C=N2)C4=C(C=CC=C4Cl)Cl)/N=C(/N)\NC5=CC=CC=C5,5.552841969
COC1=C(C(=C2C(=C1)C[C@@H](C3=CC(=O)C(=CC=C32)SC)COC(=O)C4=CC(=CC=C4)F)OC)OC,5.4700002
CN(C)CCNC(=O)C1=CC(=CC=C1)NC2=NC3=NC4=C(CCCCC(=O)NC5=CC=CC(=C5)N3)C=NN42,6.619788758
COC1=CC(=CC(=C1OC)OC)C(=O)C2=CN(C=C2)C3=CC=CC=C3O,6.27572413
CC1=CC=C(C=C1)C2=NN3C(=C2)C=NC=C3C4=CC(=C(C(=C4)[Se]C)OC)OC,6.353596274
CC1=C(C=CC=C1C2=CC=CC=C2)COC3=CC4=C(C=C3)C=C(C=C4)CNCCO,5
C1=CC=C(C=C1)C2=C(C=C(N2)C3=NC(=NC=C3)NC4=CC=CC=C4)C(=O)N,7.27572413
CN1CCC(CC1)OC2=CC=C(C=C2)C3=NNC4=C3C=C(C=C4)NC(=O)C(C5=CSC=C5)N6CCCC6,8.522878745
COC1=CC(=CC(=C1OC)OC)C(=O)C2=C(NC3=C2C(=CC=C3)F)C4=CC=CC=C4,7.187086643
CC(C)C1=C2C(=NN1)C(=NC=N2)NCC=C(C)C,5.346787486
CC(C)C[C@@H](C(=O)C(=O)NC1=CC=CC2=C1C=CC=N2)NC(=O)[C@H](CC(C)C)NC(=O)[C@H](CC(C)C)NC(=O)OCC3=CC=CC=C3,7.001304842
CC1=CC=CC=C1C2=CN=C(O2)NC3=CC4=C(C=C3)C(=CN4C)C#N,6.356547324
C1=CC(=C2C(=C1)NN=C2N)C3=CC=C(C=C3)NC(=O)NC4=CC=C(C=C4)F,7.585026652
CN1C=NC=C1CN(CCN(CC2=CC=CC=C2)S(=O)(=O)C3=CC=CC=C3)C4=CC=C(C=C4)C#N,7.387216143
CCCC1=CC=C(C=C1)OCC(=O)N(CC(=O)NC2=CC3=CC=CC=C3C=C2)C(C)C,5.228633029
CC1=CC(=CC=C1)N2C=CC(=C2)C(=O)C3=CC(=C(C(=C3)OC)OC)OC,7.301029996
C1COCCC1(CCNC2=CC(=CC=C2)Cl)C3=CC=CC=C3,5.416801226
CCOC1=C(C=CC(=C1)C(=C(F)F)C2=CC(=C(C=C2)OC)O)OC,7.13076828
C[C@]1\2CC[C@H]3[C@@]4(C=CC(=O)C(=C)[C@H]4CC[C@@]3(C1)C/C2=N\OCC#C)C,5.37675071
C1COCCN1C2=NC(=NC(=N2)C3=CN=C(C=C3C(F)(F)F)N)N4C[C@@H]5[C@@H](C4)OCCO5,7.494850022
C1=CC=C(C=C1)N2C=C(N=N2)C3=CC=C(C=C3)NC(=O)CCCCCCC(=O)NO,7.32330639
C1COCCN1CCCOC2=C3C(=C4C(=C2)N=CN=C4OC5=C(C=C(C=C5)NC(=O)NC6=C(C=CC(=C6)C(F)(F)F)F)F)OCCO3,8.468521083
CC(C)(C)C1=CC=C(C=C1)NC(=O)C2=CC=CC3=C2C=CC(=C3)OC4=C5C=C(C(=CC5=NC=C4)OC)OC,9.150028088
COC1=CC(=CC(=C1OC)OC)SC2=C(NC3=C2C(=CC=C3)Cl)C4=CC=CC=C4,6.537602002
CN(C)CC[C@H](CSC1=CC=CC=C1)NC2=C(C=C(C=C2)S(=O)(=O)NC(=O)C3=CC=C(C=C3)N4CCN(CC4)CC5=CC=CC=C5C6=CC=C(C=C6)Cl)[N+](=O)[O-],6.643974143
C1=CC=C(C=C1)C2=C(C=C(N2)C3=NC(=NC=C3Cl)N)C(=O)N,8.301029996
C1C=C(C(=O)N1CCC2=CC(=CC=C2)[N+](=O)[O-])CCC(=O)NO,5.966576245
C1=C(C=C(C2=C1C(=O)NC(=N2)/C=C/NN)Br)Br,5.769551079
CN1C=C(N=C1)S(=O)(=O)N(CCN(CC2=CN=CN2)C3=CC=CC=C3)CC4=CC=CC=C4,5.200659451
COC1=CC=CC=C1N2CCN(CC2)C3=NC4=C(CS(=O)CC4)C(=O)N3,5.27205229
C1=CC2=C3C=NC=CC3=C(N=C2C(=C1)C(=O)N)NC4=C(C=CC=C4F)F,8.397940009
CN(CC1=CN=CC=C1)C(=O)NC2=CC=C(C=C2)S(=O)(=O)C3=CC=CC=C3,5.744727495
CC(C)SC1=NN=C(N1C2=CC=CC=C2)COC3=CN=CC=C3,5.254925208
CC(C)(C)N1C=C2C(=N1)C(=O)CC3(O2)CCN(CC3)C(=O)C4=CC(=NC5=CC=CC=C54)C6=CC=C(C=C6)Br,8.246416941
CC(C)SC1=NN=C(N1C2=CC=CC=C2)COC3=CC=CC=C3,5.57024772
CC(C1=CC=C(C=C1)N2CCOC2=O)C(=O)NC3=NNC(=C3)C4CC4,7.602059991
COC(=O)[C@H](CC1=CC2=CC=CC=C2C=C1)NC(=O)CCCCCCC(=O)NO,6.292429824
CC(C)C1=C(C=NN1C2=CC=CC=C2)C(=O)NC3=NC4=CC=CC=C4C=C3,7.823908741
CN(C)CC(=O)NC1=C2C3=CC=CC=C3SC2=C(C=C1)C4=CC=CC5=C4OC(=CC5=O)N6CCOCC6,7.744727495
C1=CC=C(C=C1)CCN2C(=O)C3=C(C=CC(=C3)I)N4C2=NNC4=S,4.512720184
CCNC(=S)NC1=C(C=C2C=NC(=NC2=N1)NCCCN(CC)CC)C3=C(C=CC=C3Cl)Cl,6.585026652
C1CCN(C1)S(=O)(=O)C2=CC=C(C=C2)NC(=O)NCC3=CN=CC=C3,7.522878745
C1CN(C1)CC2=CC=C(C=C2)C3C(C4=NNC(=O)C5=C4C(=CC=C5)N3)C6=CC=C(C=C6)F,8.510041521
COC1=CC2=C(C=C1)NC(=C2N=O)C3=C(NC4=C3C=C(C=C4)OC(F)(F)F)O,5.064492734
CNC(=O)C1=NC=CC(=C1)OC2=CC3=C(C=C2)C(=CC=C3)C(=O)NC4=CC=C(C=C4)Cl,8.519993057
CCOC(=O)C1=C2C(=CN1)C(C3=C(N2)CCCC3=O)C4=CC(=NC=C4)SC5=NC6=CC=CC=C6N5,5.283996656
C1C[C@H]2CC(C[C@H]1N2C3=CC=C(C=C3)C4=NNC5=C4C=C(C=C5)C(=O)N[C@@H](C6CC6)C7=CC=CC=N7)O,8.795880017
C[C@@H](C(=O)N[C@@H](CC1=CC=C(C=C1)OC)C(=O)N[C@@H](CC(C)C)C(=O)C(=O)NC2=CC=CC=C2)NC(=O)C3=CC=CO3,6.144783805
COC1=CC(=CC(=C1OC)OC)C2=CC3=C(C=C2)NN=C3C4=CC=C(C=C4)C#N,5
CC1=C(C(=NO1)C)C2=CC3=C(C=C2)N(C=C3CCC4=CC=CC=C4)CCCCCCC(=O)NO,6.536107011
C1=CC=C(C=C1)CN2C(=O)C3=C(C=CC(=C3)F)N4C2=NNC4=S,5.192464972
COC1=C(C=C(C=C1)/C=C/C(=O)C2=C(C(=C(C=C2)OC)OC)OC)F,6.455931956
C1=CC=C2C(=C1)N=C(S2)C3=CC=C(C=C3)NC(=O)CNC4=NC5=CC=CC=C5S4,4.431798276
C1=CC=C(C=C1)C[C@H](C(=O)O)NC(=O)CCCCCCC(=O)NO,5.812479279
C1=CC(=CC(=C1)Br)NC2=NC=NC3=C2C=C(C=C3)NC(=S)NCC4=CC=C(C=C4)Cl,7.548213564
C1CCC(C1)SC2=NN=C(N2C3=CN=CC=C3)COC4=CC=C(C=C4)C5=CC=CC=C5,5.692290077
C[C@@H]1CN(C[C@@H](O1)C)C2=NC(=NC(=C2)C3=CN=C(C=C3C(F)(F)F)N)N4C[C@H](O[C@H](C4)C)C,5
C[C@]12CC[C@H]3[C@@]4(CCC5=C([C@H]4CC[C@@]3(C1)CC2=O)COC5=O)C,5.327902142
C1CCCN(CC1)S(=O)(=O)C2=CC=C(C=C2)NC(=O)NCC3=CN=CC=C3,8.397940009
COC1=CC2=C(C=C1)NC(=O)[C@@]23C[C@H]3C4=CC5=C(C=C4)C(=NN5)C6=CN=C(C=C6)N7CCOCC7,8.337242168
C1CN(CCN(C1)CCO)CCC(=O)NC2=C3C4=CC=CC=C4SC3=C(C=C2)C5=CC=CC6=C5OC(=CC6=O)N7CCOCC7,7.37675071
CC(C)COC(=O)N[C@@H](CCCCCC(=O)NO)C(=O)NC1=CC=CC2=C1N=CC=C2,7.638272164
CC(C)(C)C1=CC2=C(C=C1)N=C3C(=C2)C=CC=C3C(=O)NCCCN(C)CCCNC(=O)C4=CC=CC5=CC6=C(C=CC(=C6)C(C)(C)C)N=C54,5.970616222
C1CCC2(CC1)N=C(N=C(N2OCCCOC3=CC=C(C=C3)Cl)N)N.Cl,6.420216403
C1=CC2=C3C=NC=CC3=C(N=C2C(=C1)C4=NC=NN4)NC5=C(C=C(C=C5)F)F,8.22184875
CC1(CC(CCO1)(CCNC2=CC(=CC=C2)Cl)C3=CC=CS3)C,8.420216403
C1CCC(C1)C[C@H](CC(=O)NO)C(=O)N2CC3(CC3)C[C@H]2C4=NC(=NO4)C5=NC=CN=C5,7.793174124
CN1C2=C(C(N=C(C3=C2C=CC(=C3)OC)C4=CC=C(C=C4)Cl)CC(=O)N5CCCC5)SC1=O,6.26760624
CCC(C1=NC2=C(C(=O)N1CC3=CC=CC=C3)SC=C2)N(CCCN)C(=O)C4=CC=C(C=C4)C(C)C,6.026872146
C1=CC=C(C=C1)N2C3=C(C=CC(=C3)C#N)C=C4C2=NC(=O)NC4=O,6.193820026
C1=CC2=C(C(=C1)O)NC3=C4C(=C5C(=C23)C(=O)NC5=O)C6=C(N4C7C(C(C(C(O7)CO)O)O)O)C(=CC=C6)O,6.26760624
COC1=C(C(=C(C(=C1)/C=C/C2=NN=C(S2)NC(=O)C3=CC(=CC=C3)Br)Br)OC)OC,7.096910013
C1CN(CCN1C2=NC(=NC(=N2)C3=C4C=NNC4=CC=C3)N5CCOCC5)C(=O)C6=C(C=CC(=C6)CC7=NNC(=O)C8=CC=CC=C87)F,9.360015752
CC(C)NC1=NC=C2CN(C(=O)N(C2=N1)C3CCN(CC3)C(=O)/C=C/CN(C)C)C4=C(C(=CC(=C4Cl)OC)OC)Cl,8.970616222
C1COCCN1CCOC2=C3C4=CC=CC=C4SC3=C(C=C2)C5=CC=CC6=C5OC(=CC6=O)N7CCOCC7,8.096910013
C1CCC2=C(C1)C3=C(N2)N=CN=C3NC4=CC=CC(=C4)C(F)(F)F,6.443697499
C1=CC=C(C=C1)CNC(=O)[C@H](CCCCCC(=O)NO)NC(=O)CCCC2=CNC3=CC=CC=C32,5.732828272
C1CCN(CC1)S(=O)(=O)C2=CC=C(C=C2)NC(=O)NCC3=CC(=CN=C3)F,7.619788758
CC[C@@H]1C(=O)NC2=CN=C(N=C2N1C3CCCC3)NC4=C(C=C(C=C4)C(=O)NC5CCCC5)OC,7.283495836
CC1CCC2=C(C1)C(=O)NC(=N2)N3CCN(CC3)C4=CC=CC=C4OC,5.458920232
CCCCN(C)/C=C/1\C2=C(C(=O)C3=C([C@]2([C@H](OC1=O)COC)C)[C@@H](C[C@]4([C@H]3CC[C@@H]4O)C)OC(=O)C)O,6.197226275
C1=CC=C2C(=C1)C(=O)N(C3=NNC(=S)N23)CC4=CC=C(C=C4)F,5.450996738
C1CCC2=C(C1)C(=NN2C3=CC=CC=C3)C(=O)NC4=NC5=CC=CC=C5C=C4,6.585026652
CC1=CN=C(N=C1NCC2=CC=CS2)C3=CC=CC=C3C(C)C,6.568636236
COC1=CC2=C(C=CN=C2C=C1OC)OC3=C(C=C(C=C3)N/C(=N\S(=O)(=O)CC4=CC=C(C=C4)F)/CC5CCCCC5)F,7.352910571
CC(C)N1C=NC2=C(N=CN=C21)NCC3=CC=C(C=C3)O,5.397940009
CN1CCN(CC1)C2=CC=CC(=C2)NC3=NN4C=CC=C(C4=N3)C5=CC=C(C=C5)S(=O)(=O)C,7.214670165
CN1C2=C(C(=CN=C2)C3=CC=C(C=C3)NC(=O)NC4=CC(=C(C=C4)F)C(F)(F)F)C(=N1)N,7.886056648
COC1=C2C=C(C=N1)C3=CC4=C(C5=CN=CC(=C5)CNC(=O)C6=CC(=CC=C6)S(=O)(=O)N2)N=CN=C4S3,8.387216143
COC1=CC(=CC(=C1OC)OC)C(=O)C2=CN(C=C2)C3=CC(=CC=C3)F,5.886056648
CC(C)N(CC(=O)NC1=CN=NC=C1)C(=O)COC2=CC=C(C=C2)Br,6.392544977
CN1CCCN(CC1)C(=O)COC2=C3C4=CC=CC=C4SC3=C(C=C2)C5=CC=CC6=C5OC(=CC6=O)N7CCOCC7,7.356547324
C1=CC(=CC=C1C(F)(F)F)NC(=O)CCC(=O)OCCCCCCSC2=CC=C(C3=NON=C23)[N+](=O)[O-],5.8569852
CC(C)(C)OC(=O)NC1CCC(CC1)C(=O)NCCCN2C(=O)C3=C(C=CC(=C3)F)N4C2=NNC4=S,5.623423043
CC(C)C1=C2C(=NN1)C(=NC=N2)NCC3=CC=C(C=C3)O,5.744727495
COC1=C(C(=C2C(=C1)CC[C@@H](C3=CC(=O)C(=CC=C32)SC)NC(=O)C4=CC=C(C=C4)Cl)OC)OC,5.639999555
CC1=C(C=CC=C1C2=CC=CC=C2)COC3=C(C=C(C(=C3)OCC4=CC(=CC=C4)C#N)CNCCN(C)C)Cl,8
CC1=C(C=CC(=C1)OCC2=NN=C(N2C3=CN=CC=C3)SC4CCCC4)F,6.353596274
CCN1CCN(CC1)C2=CC3=C(C=C(C=C3NCC4=CC(=CC=C4)C#N)C(F)(F)F)N=C2,8.251811973
CN(C)C/C=C/C(=O)N1CCC(CC1)N2C3=NC(=NC=C3CN(C2=O)C4=C(C(=CC(=C4Cl)OC)OC)Cl)NC5=CC=CC=C5OC,9.040958608
COC1=CC(=CC(=C1OC)OC)/C=C/C(=O)C2=CC=C(C=C2)O,5.050609993
C[C@]12CC[C@H]3[C@@]4(C=CC(=O)C(=C)[C@H]4CC[C@@]3(C1)CC(=O)N2C)C,6.142667504
CCOC(=O)CCC(=O)NC1=C(C=CC(=C1)N(C)C2=CC(=O)OC3=CC=CC=C32)OC,7.630784143
C1=CC(=CC(=C1)NC(=O)CCCCCCC(=O)NO)C2=CN(N=N2)CC3=CC=C(C=C3)F,7.111259039
CC1=C(C(=NO1)C)CN(CCN(CC2=CN=CN2C)C3=CC=C(C=C3)C#N)S(=O)(=O)C4=CN(C=N4)C,6.292429824
C[C@@H]1CN(C[C@@H](N1)C)C2=CC=C(C=C2)C3=NNC4=C3C=CC(=C4)[C@@H]5C[C@]56C7=C(C=CC(=C7)OC)NC6=O,8.920818754
CC1=CC(=CC(=C1O)C)C2=NC3=C(C(=CC(=C3)OC)OC)C(=O)N2,3.536107011
CCC(=O)N1CC[C@@H](C1)N2C3=NC(=NC=C3CN(C2=O)C4=C(C=CC(=C4)OC)Cl)NC5=CC(=C(C=C5)N6CCN(CC6)C)C,8.677780705
C1CN(CCN1CCC(=O)NC2=C3C4=CC=CC=C4SC3=C(C=C2)C5=CC=CC6=C5OC(=CC6=O)N7CCOCC7)C8=CC=CC=N8,7.619788758
COC1=C(C=C(C=C1)/C=C/C(=O)C2=CC(=C(C=C2)OC)OC)OC,5.657577319
CN(C)C(=O)C1=CC=C(C=C1)NC(=O)NC2=CC=C(C=C2)C3=NN4C=C(C=C4C(=N3)N5CCOCC5)CN6CCN(CC6)S(=O)(=O)C,7.170696227
C1=CC(=CC=C1N2C3=C(C=CC(=C3)C#N)C=C4C2=NC(=O)NC4=O)OC(F)(F)F,6
COC1=CC2=C(C=CN=C2C=C1OC)OC3=CC4=C(C=C3)N(CCO4)C(=O)NC5=CC=CC=C5,9
C[C@](CN1CCN(CC1)C)(C2=CC3=C(C(=C2)F)[C@@](N(C3=O)CC4=C(C=C(C=C4)Cl)S(=O)(=O)C)(C5=CC=C(C=C5)Cl)O[C@H]6CCOC6)O,8.244125144
C1CC(C1)SC2=NN=C(N2C3=CC=CC=C3)COC4=CC=CC=C4,6.017728767
CCCCC/C(=N\S(=O)(=O)CC1=CC=CC=C1)/NC2=CC(=C(C=C2)OC3=NC=NC4=C3SC=C4)F,7.220042949
C1=CC(=CC(=C1)NC(=S)NC2=CC3=C(C=C2)N=CN=C3NC4=CC(=CC=C4)Br)C(F)(F)F,7.216811309
C1CN(CCN1C2=NC(=NC(=N2)C3=C4C=CNC4=CC=C3)N5CCOCC5)C(=O)C6=C(C=CC(=C6)CC7=NNC(=O)C8=CC=CC=C87)F,9.189969214
COC1=CC(=CC(=C1OC)OC)C(=O)C2=CSC(=N2)C3=CC=CC=C3,7.638272164
CCC(=O)N1CC[C@@H](C1)N2C3=NC(=NC=C3CN(C2=O)C4=CC=CC(=C4)C)NC5=CC(=C(C=C5)N6CCN(CC6)C)C,7.785156152
CC1=C(N=NN1C2=CC=C(C=C2)C(=O)O)/C(=N/NC(=S)N)/C,7.301029996
C[C@@H]1C(=O)N(C2=C(N1C3CCCC3)C=C(C=C2)C4=NC(=NN4C5=CC=C(C=C5)C)C(=O)N6CCC7(CC6)CCOC7)C,8.102372909
C[C@@H]1C[C@H](CN(C1)C2=NC(=NC(=C2)C3=CC4=C(C=C3)C(=NN4)N)NC)N(C)C(=O)OC(C)(C)C,9.100015437
C1=CC(=C(C=C1NC(=O)CCC(=O)OCCCCCCSC2=CC=C(C3=NON=C23)[N+](=O)[O-])Cl)F,5.634512015
C1CCC2=C(C1)C(=O)NC(=N2)N3CCC4(CC3)CNC5=CC=CC=C45,7.684029655
C1CSCCC12N=C(N=C(N2OCCCOC3=CC=C(C=C3)Br)N)N.Cl,7.698970004
C[C@]12CC[C@H]3[C@@]4(C=CC(=O)C(=C)[C@H]4CC[C@@]3(C1)CC(=O)N2)C,5.30980392
COC1=CC(=CC(=C1OC)OC)C(=O)C2=C(NC3=C2C(=CC=C3)Br)C4=CC=CC=C4,6.366531544
CC[C@H](C1=CC=CC=C1Cl)NC(=O)C2=CC3=C(C=C2)NN=C3C4=CC=C(C=C4)OC5CCN(CC5)C,8.721246399
C[C@@H]1CN(C[C@@H](O1)C)C2=NC(=NC(=N2)C3=CN=C(C=C3C(F)(F)F)N)N4C[C@H]5C[C@@H]4CO5,5.020907099
CN1CCN(CC1)CC2=CC=C(C=C2)NC3=NC=C4C=C(C(=O)N(C4=N3)C)C5=C(C=CC=C5Cl)Cl,7.30980392
CC1=C(C=CC=C1C2=CC=CC=C2)COC3=C(C=C(C(=C3)OCC4=CC(=CC=C4)C#N)CN5CCC(C5)O)Cl,8
CCOC(=O)COC1=CC2=C(C=C1)C(=CC(=N2)C3=CC=CC=C3)C(=O)NC4=CC=C(C=C4)C5CCCCC5,4
CNCC1=CC=C(C=C1)C2=C3CCNC(=O)C4=C3C(=CC(=C4)F)N2,8.70333481
COC1=CC(=C(C=C1)OC)/C=C/C(=O)C2=CC3=C(C=C2)OCO3,5.193820026
CCO/C(=C\C1=CC(=C(C(=C1)F)OC)F)/C(=O)C2=CC(=C(C(=C2)OC)OC)OC,6.638272164
CC1=CC(=NC2=C1C(=O)C=C(N2)C3=CC(=CC=C3)OC)C,6.06000179
CNC(=S)NC1=CC2=C(C=C1)N=CN=C2NC3=CC(=CC=C3)Br,8.040958608
CC(=O)O.C1CCN(C(C1)CO)CCC(=O)NC2=CC3=C(C=C2)C(=O)C4=C(C3=O)C=CC(=C4)NC(=O)CCN5CCCCC5CO,5.610833916
CC1=CC(=CC(=C1)S(=O)(=O)N2CCC[C@H]2C(=O)N[C@@H](CNC(=O)NCC3=CC=CC=C3)C(=O)O)C,7.537602002
C1OC2=C(O1)C=C3C(=C2)C(=O)C=C(N3)C4=CC(=CC=C4)C(F)(F)F,6.090000276
CC1(CC(CCO1)(CCNC2=CC=CC=C2)C3=CC=CS3)C,6.568636236
C1=CC(=CC(=C1)Cl)NC2=NC=NC3=C2C=C(C=C3)NC(=S)NC4=CC(=CN=C4)Cl,7.255707017
CC1(C=CC2=C(C=CC(=C2O1)C(=O)/C=C/C3=CC(=C(C=C3)OC)NCC#C)OC)C,5.785156152
C1CCC(C1)SC2=NN=C(N2C3=CN=CC=C3)COC4=CC(=CC=C4)F,6.42136079
C1=CC=C(C=C1)C2=CN(N=N2)C3=CC=CC(=C3)NC(=O)CCCCCCC(=O)NO,8.337242168
CN(CCCNC(=O)C1=CC=CC2=CC3=C(C=CC=C3Cl)N=C21)CCCNC(=O)C4=CC=CC5=CC6=C(C=CC=C6Cl)N=C54,6.623423043
CN1C=C(N=C1)S(=O)(=O)N(CCN(CC2=CN=CN2C)C3=CC=C(C=C3)C#N)CC4=CC(=CC=C4)C5=CC=CC=C5,6.638272164
CC1=C(C=C(C=C1)C(=O)NC(C)C)C#CC2=CN3C(=CC=N3)N=C2,7.401975928
CC1=CC(=CC=C1)CS(=O)(=O)/N=C(\CCOC)/NC2=CC(=C(C=C2)OC3=C4C=C(C(=CC4=NC=C3)OC)OC)F,7.648783655
COC1=CC=C(C=C1)NC2=C3C(=NN2)N=CN=C3NC4=CC(=CC=C4)Cl,5.987162775
CC(C)C1=C(C(=C2C(=C1)CC[C@@H]3[C@@]2(CCCC3(C)C)C(=O)NC(=O)C4=CC=C(C=C4)Br)O)O,6.096910013
CC1=NC2=CC=CC=C2C(=N1)N(C)C3=CC=C(C=C3)OC,8.494850022
CN1CCN(CC1)C2=CC=C(C=C2)NC3=NC=C4C=C(C(=O)N(C4=N3)C)C5=C(C=CC=C5Cl)Cl,7.552841969
C1=CC=C(C=C1)C2=C(C=C(N2)C3=NC(=NC=C3Br)N)C(=O)N,8.698970004
CC1=C(C=CC(=C1)C(=O)NC2CCNCC2)NC3=NC=C4C(=N3)C(=CS4)C5=CC=CC=C5OC,7.576754126
COC1=CC(=C(C(=C1)OC)/C=C/2\CCC=CC2=O)OC,5.294992041
CCC(C1=NC2=C(C(=O)N1CC3=NOC(=C3)C)SC=C2)N(CCCN)C(=O)C4=CC=C(C=C4)C,6.200659451
CN(CCCNC(=O)C1=C2C(=CC=C1)N=C3C=CC=C(C3=N2)F)CCCNC(=O)C4=C5C(=CC=C4)N=C6C=CC=C(C6=N5)F,6.53165267
COC1=CC=C(C=C1)N2CCN(CC2)C3=NC4=C(CSCC4)C(=O)N3,8.585026652
COC1=C2C=C(C=N1)C3=CC4=C(C=CN=C4C=C3)C5=CN=CC(=C5)CNC(=O)C6=CC(=CC=C6)S(=O)(=O)N2,8.657577319
CN(C1=C(C=C(C=C1)NC(=O)C2=CC(=C(C=C2)OC)OC)OCC3=C(C=CC(=C3)OC)OC)S(=O)(=O)C,8.583359493
CCCC1=CC=C(C=C1)OCC(=O)N(CC(=O)NC2=CC=C(C=C2)S(=O)(=O)C)C(C)C,6.638272164
CN(C)CCN(C)C(=O)COC1=C2C3=CC=CC=C3SC2=C(C=C1)C4=CC=CC5=C4OC(=CC5=O)N6CCOCC6,7.27572413
CC1=NC2=C(C=C(C=C2Br)Br)C(=O)N1CC(=O)N/N=C\N(C)C,6.107905397
CN(C)CCN1CCN(CC1)CCC(=O)NC2=C3C4=CC=CC=C4SC3=C(C=C2)C5=CC=CC6=C5OC(=CC6=O)N7CCOCC7,8
CN(C)CCNC(=O)C1=CC=C(C=C1)NC2=NC=C3C=C(C=CC3=N2)C4=CC=NC=C4,7.050609993
CC1=C(C=CC=C1C2=CC3=C(C=C2)OCCO3)COC4=C(C=C(C(=C4)OCC5=CC(=CC=C5)C#N)CNCCN(C)C)Cl,7.580044252
C[C@@H](C(=O)N[C@@H](CC1=CC=C(C=C1)OC)C(=O)N[C@@H](CC(C)C)C(=O)C(=O)NC2=CC=CC=C2)NC(=O)C34CC5CC(C3)CC(C5)C4,5.86774031
CC1=C(C=CC=C1C2=CC=CC=C2)COC3=C(C=C(C(=C3)OCC4=CC(=CC=C4)C#N)CN5CC(C5)O)Cl,7
C1CN(CCN1CCC(=O)NC2=C3C4=CC=CC=C4SC3=C(C=C2)C5=CC=CC6=C5OC(=CC6=O)N7CCOCC7)C8=CC=C(C=C8)F,7.522878745
CC(C)(C)C1=CN=C(O1)CSC2=CN=C(S2)NC3=CC=CC=N3,8
C1=CC2=C(C(=C1)O)NC3=C4C(=C5C(=C23)C(=O)N(C5=O)NCCO)C6=C(N4C7C(C(C(C(O7)CO)O)O)O)C(=CC=C6)O,8.522878745
CC(C)C1=C2C(=NN1)C(=NC=N2)NCC3=CC=CC=C3O,6.356547324
C1CCN(CC1)S(=O)(=O)C2=CC=C(C=C2)NC(=O)NCC3=CC=C(C=C3)F,5.698970004
COCC/C(=N\S(=O)(=O)CC1=CC=C(C=C1)Cl)/NC2=CC(=C(C=C2)OC3=C4C=C(C(=CC4=NC=C3)OCCCN5CCCCC5)OC)F,8.395773947
C1CCN2C(=C(C3=C2C(=NC(=N3)I)N4CCN(CC4)CCC5=CC=CC=C5)C#N)C1,6.05207638
C1=CC(=CC(=C1)Cl)NC2=C3C=CN=CC3=C4C=CC=C(C4=N2)C(=O)O,7.026872146
CC(C)C(=O)NC1=C(C=CC(=C1)/C=C/C(=O)C2=C3C(=C(C=C2)OC)C=CC(O3)(C)C)OC,6.080921908
COC1=CC=C(C=C1)C(=CC#N)C2=CC(=C(C=C2)OC)OC,7.619788758
CC1=C(C=CC(=C1)NC2=NC=C3C(=N2)C(=CS3)C4=CC=CC=C4OC)C(=O)NC5CCNCC5,7.590066877
CC1=CC=C(C=C1)C2=CC(=NN2C3=CC=C(C=C3)S(=O)(=O)N)C(F)(F)F,7.301029996
CCC(=O)N1CC[C@@H](C1)N2C3=NC(=NC=C3CN(C2=O)C4=C(C=CC(=C4)OC)F)NC5=CC(=C(C=C5)N6CC7(C6)CCN(CC7)C)C,8.187086643
C1C[C@H]2CC(C[C@H]1N2C3=CC=C(C=C3)C4=NNC5=C4C=C(C=C5)C(=O)N[C@H](CC6CC6)C7=CC=CC=N7)O,8.823908741
CN1CCCN(CC1)CCOC2=C3C4=CC=CC=C4SC3=C(C=C2)C5=CC=CC6=C5OC(=CC6=O)N7CCOCC7,8
CC1=C(C=CC=C1C2=CC=CC=C2)COC3=C(C=C(C(=C3)OCC4=CC(=CC=C4)C#N)CN5CC[C@@H](C5)C(=O)O)Cl,8
C1=CC2=C(C=C1O)C(=C(N2)C3=C(NC4=C3C=C(C=C4)Cl)O)N=O,8.278189385
CC(=O)N[C@H]1CCC2=CC(=C(C(=C2C3=CC=C(C(=O)C=C13)OC)OC)OC)OC,7.080921908
CN1CCN(CC1)C2=CC(=C(C=C2)NC3=NC=C4CN(C(=O)N(C4=N3)C5=CC=CC(=C5)NC(=O)C=C)C6CC6)OC,8.045757491
COC1=CC=C(C=C1)CCNC(=O)C(CCCCCC(=O)NO)NC(=O)C2=CC=CO2,6.013228266
CN(C1=CC=CC=C1Cl)C2=C3C=CN=CC3=C4C=CC=C(C4=N2)C5=NC=NN5,7.823908741
CC1=CC=CC=C1NC(=O)NC2=CC=C(C=C2)C3=CC=NC4=NNC(=C34)N,8.657577319
CC1=CC(=C(C=C1)F)NC(=O)NC2=CC=C(C=C2)C3=C4C(=CC=C3)NN=C4N,8.301029996
COCCOC1=C(C=C2C(=C1)C(=NC=N2)NC3=CC=CC(=C3)C#C)OCCOC,7.301029996
CN1CC[C@@H]([C@@H](C1)O)C2=C(C=C(C3=C2OC(=CC3=O)C4=CC=CC=C4Cl)O)O,7.148741651
CN1C=NC=C1C(C2=CC=C(C=C2)C#N)OCC3=C(C=C(C=C3)C#N)C#CC4=CC=C(C=C4)C5=CC=CC=C5,8
C1=CC2=C3C(=C1)NC(C(C3=NNC2=O)C4=NC=CS4)C5=CC=C(C=C5)F,8.133712661
CN1C(=NC=N1)C2C(NC3=CC(=CC4=C3C2=NNC4=O)F)C5=CC=CC=C5,8.585026652
COC1=CC=CC(=C1)C2=C(C=C(N2)C3=CC=NC=C3)C(=O)N,7.236572006
CC(C)C[C@@H](C(=O)C(=O)NC1=CC=CC(=C1)C(=O)C)NC(=O)[C@H](CC2=CC=CC=C2)NC(=O)[C@H](CC(C)C)NC(=O)OCC3=CC=CC=C3,7.214670165
CN(C)CC(CCO)NC(=O)C1=C2C(=CC=C1)N=C3C=CC4=C(C3=N2)C=CC=C4OC,7.552841969
CN(C)CCCNC(=O)C1=C2C(=CC=C1)N=C3C=CC4=C(C3=N2)C=CC=C4OC,6.224025669
CN1CCC(CC1)OC2=CC=C(C=C2)C3=NNC4=C3C=C(C=C4)C(=O)NC(C5CC5)C6=CC=CC=C6,8.585026652
CC(=CCC[C@@](C)(CC=O)/C=C/[C@H]([C@@](C)(/C=C/C(=O)/C=C/N1CCOCC1)O)OC(=O)C=C(C)C)C,5.391473966
C1C[C@H]2CC(C[C@H]1N2C3=CC=C(C=C3)C4=NNC5=C4C=C(C=C5)C(=O)N[C@H](C6CC6)C7=CC=CC=N7)O,8.508638306
C1=CC=C(C=C1)NC(=S)NC2=CC=CC(=C2)NC(=O)C3=CC=CC=N3,7
CC(C)OC1=C(C=CC(=C1)N2CCN(CC2)C)NC3=NC=C4CN(C(=O)N(C4=N3)C5=CC=CC(=C5)NC(=O)C=C)C,7.568636236
C1=CC2=C(C=C1F)C(=O)N(C3=NNC(=S)N23)CCCNC(=O)CCOCCOCCOCCN,5.299296283
COC1=CC(=CC(=C1OC)OC)SC2=C(NC3=C2C=CC(=C3Cl)Cl)C4=CC=CC=C4,8.15490196
CC1=CN=C(N=C1NCC2=CC=C(C=C2)N3C=CN=N3)C4=CC=CC=C4C(F)F,6.086186148
CC1=C(C=C(C=C1)C(F)(F)F)COC2=C(C=CC(=C2)NC(=O)C3=CC=C(C=C3)OC)N(C)S(=O)(=O)C,5.692503962
C[C@@H](COC)OC1=C(C=C2C(=C1)N=CN=C2NC3=CC(=C(C=C3)F)Cl)NC(=O)/C=C/CN(C)C,7.177178355
CCC[N+](C)(CCC)CCC(=O)NC1=CC2=C(C=C1)C(=O)C3=C(C2=O)C=CC(=C3)NC(=O)CC[N+](C)(CCC)CCC.[I-].[I-],6.301029996
COC1=CC2=NC(=C(N2C=C1)CC(=O)NC3=CC4=C(C=C3)C=CS4(=O)=O)C5=CC=CS5,5.853871964
CCCC[C@H](CC(=O)NO)C(=O)N1CC2(CC2)C[C@H]1C(=O)NC3=NC=C(C=C3)F,8.308034897
CN1C(=O)C2=C(C=C(C=C2)C(=O)NC3CCCC3)N4C1=NNC4=S,5.560667306
CN(C)CCCC1=C(C=C(C=C1)C2=NNC3=C2C=C(C=C3)NC(=O)C(C4=CSC=C4)N5CCCC5)S(=O)(=O)C,8.568636236
C1CN(C1)CC2=CC=C(C=C2)C3C(C4=NNC(=O)C5=C4C(=CC=C5)N3)C6=CC=CC=C6,8.440093375
CC(C)(C)C1=CN=C(O1)CSC2=CN=C(S2)NC(=O)CC3=CN=CC=C3,6.619788758
COC1=CC(=CC(=C1OC)OC)/C=C/2\CNC=CC2=O,4.602059991
CC[C@@](C1CCOCC1)(C2=CC3=C(C(=C2)F)[C@@](N(C3=O)[C@@H](CCC(=O)O)C4=CC=C(C=C4)Cl)(C5=CC=C(C=C5)Cl)OC)O,8.214670165
CC1(CC(CCO1)(CCNC2=CC(=CC=C2)OC)C3=CC=C(C=C3)Cl)C,6.200659451
CC(C)S(=O)(=O)C1=CC=C(C=C1)C2=CC=CN3C2=NC(=N3)NC4=CC(=CC=C4)N5CCN(CC5)C,7.070581074
CC1=C(C(=NO1)C)C2=CC3=C(C=C2)N(C(=O)N(C3C4=CC=CC=C4)CC(=O)NCCCCCCCC(=O)NC5=CC=CC6=C5CN(C6=O)C7CCC(=O)NC7=O)C,7.165579296
C[C@@H]1CN(C[C@@H](O1)C)C2=NC(=NC3=C2C=CC(=C3)C4=CN=C(C=C4C(F)(F)F)N)N5C[C@H](O[C@H](C5)C)C,5
COC1=CC2=C(C=C1)C3=C(C(=C(C=C3CC=C2)OC)OC)OC,5.660000322
CC1=CC(=CC=C1)NC(=O)NC2=CC=C(C=C2)C3=CN=CC4=C3C(=NN4C)N,8.744727495
COC1=CC2=C(C=C1)C=C(O2)C(C3=CC(=C(C(=C3)OC)OC)OC)O,5.522155524
CC1=C(N=NN1C2=CC=C(C=C2)C(=O)O)C(=O)C,6.37675071
CC[C@@H]1C(=O)N(C2=CN=C(N=C2N1C3CCCC3)NC4=C(C=C(C=C4)C(=O)NC5CCCC5)O)C,8.229884705
CCOC(=O)C1=C2C(=CN1)C(C3=C(N2)CCCC3=O)C4=NC(=CC=C4)SC5=NC6=CC=CC=C6N5,7.508638306
C[C@H]1C[C@@H]1N2C(=O)C3=C(C=CC(=C3)F)N4C2=NNC4=S,5.924453039
CNC1=NC=C2C=C(C(=O)N(C2=N1)C)C3=C(C=CC=C3Cl)Cl,5.124938737
CC(C)SC1=NN=C(N1C2=CC(=CC=C2)Cl)COC3=CC=CC=C3,5.725842151
CC(CC1=CC(=C(C=C1)OC)O)C(=O)C2=CC(=C(C(=C2)OC)OC)OC,7.522878745
CC1=CC(=CC=C1)C2=CC(=O)C3=C(N2)N=C(C=C3C)C,5.638272164
C1=CC=C(C=C1)CNC(=O)[C@H](CCCCCC(=O)NO)NC(=O)C2=CC3=CC=CC=C3N2,6.602059991
CN1C(=NC=N1)C2C(NC3=CC(=CC4=C3C2=NNC4=O)F)C5=CN=CN=C5,8.118045029
CC(C)CSC1=NN=C(N1C2=CC=CC=C2)COC3=CC=CC=C3,5.88941029
CN1C2=C(C(N=C(C3=C2C=CC(=C3)OC)C4=CC=C(C=C4)Cl)CC(=O)N5CCOCC5)SC1=O,6.318758763
CC[C@@H]1C(=O)N(C2=CN=C(N=C2N1C3CCCC3)NC4=C(C=C(C=C4)C(=O)C)OCCO)C,8.239577517
CC1=C(C(=O)O[C@H](C1)[C@@H](C)C2=C[C@@H]([C@@]3([C@@]2(CC[C@H]4[C@H]3C[C@@H]5[C@]6([C@@]4(C(=O)C=C[C@@H]6OC(=O)/C=C/C(=O)N7CCCC7)C)O5)C)O)OC(=O)C)C,6.602059991
CC1=C(C(=CC=C1)Cl)NC(=O)C2=CN=C(S2)NC3=CC(=NC(=N3)C)N4CCN(CC4)CCO,8.318758763
C1=CC2=C(C=C1[N+](=O)[O-])C(=C(N2)O)C3=C(C4=C(N3)C=CC(=C4)Cl)N=O,7.628932138
CC[Si](CC)(CC)C/C/1=C/C[C@](/C=C/[C@H]([C@](/C=C/C1=O)(C)O)OC(=O)C=C(C)C)(C)CCC=C(C)C,5.55129368
C1C2=CC=CC=C2C3=NNC(=C31)/C=C/C(=O)C4=CC=C(C=C4)N,5.247183569
CC1=CC(=NN1C2=CC=CC=C2)C(=O)NC3=NC4=CC=CC=C4C=C3,6.195860568
C1C2=C(C(C3=C(N2)NN=C3)C4=CC(=CC=C4)OC5=CC(=C(C=C5)Cl)Cl)C(=O)CN1,6.22184875
CN1CCN(CC1)C(=S)SCC(=O)NC2=CC(=CC=C2)NC(=O)C3=CC=CC=N3,6.1123827
CN1C=C(N=C1)S(=O)(=O)N(CCN(CC2=CN=CN2C)C3=CC=C(C=C3)Br)CC4=CC=CC=C4,7.102372909
C1=CC=C(C=C1)CNC2=NC=NC3=NNC(=C32)NC4=CC(=CC=C4)Cl,5.045757491
CC1=C2C(=O)C=C(NC2=NC=C1)C3=CC=C(C=C3)Cl,5.320000084
CCC1=CC(=CC=C1)NC(=O)NC2=CC=C(C=C2)C3=C4C(=CC=C3)NN=C4N,7.259637311
COC1=CC(=CC(=C1OC)OC)C2=C3C(=CC=C2)NC(=N3)C4=CC=C(C=C4)C#N,5
CC1=C(C(=O)C2=CC3=CC=CC=C3C=C2N1C)C(=O)NC4=CC(=C(C=C4)OC5=NC=NC6=C5C(=CN6)C7=CC=CC=C7)F,5
CC1=C(C=CC=C1C2=CC=CC=C2)COC3=C(C=C(C(=C3)OCC4=CC(=CC=C4)C#N)CN[C@H](CO)C(=O)O)Cl,8.096910013
CN1C=C(N=C1)S(=O)(=O)N(CCN(CC2=CN=CN2C)C3=NC=C(C=N3)C#N)CC4CCN(CC4)C5=NC=CC=N5,6.207608311
C1CN(CCN1)C2=C(C=C3C4=C2OC5=C(N4C=C(C3=O)C(=O)O)C6=CC=CC=C6C=C5)F,5.677780705
C[C@@H]1C[C@H](CN(C1)C2=NC(=NC(=C2)C3=CC4=C(C=C3)C(=NN4)N)N)NC(=O)OC(C)(C)C,8.199970641
CC1=C(C=CC=C1C2=CC=CC=C2)COC3=C(C=C(C(=C3)OCC4=CC(=CC=C4)C#N)CNC(C)(C)C(=O)O)Cl,7.903089987
CN1C2=NC(=NC=C2C=C(C1=O)C3=C(C=CC=C3Cl)Cl)NC4=CN=C(C=C4)OC,5.886056648
C1=CC(=CC=C1N2C3=C(C=CC(=C3)C#N)C=C4C2=NC(=O)N(C4=O)C5=CC=C(C=C5)F)O,7.15490196
CCC(=O)N1CC[C@@H](C1)N2C3=NC(=NC=C3CN(C2=O)C4=CC=C(C=C4)Cl)NC5=CC(=C(C=C5)N6CCN(CC6)C)C,7.829738285
CC(=O)O[C@@H]1C[C@]2([C@@H](CC[C@@H]2O)C3=C1[C@]4([C@H](OC(=O)C5=COC(=C54)C3=O)COC)C)C,8.568636236
CN(CCCNC(=O)C1=CC=CC2=CC3=C(C=C(C=C3)OC)N=C21)CCCNC(=O)C4=CC=CC5=CC6=C(C=C(C=C6)OC)N=C54,7.292429824
CC1=C(C(=O)O[C@H](C1)[C@@H](C)C2=C[C@@H]([C@@]3([C@@]2(CC[C@H]4[C@H]3C[C@@H]5[C@]6([C@@]4(C(=O)CC([C@@H]6O)N7C=CN=C7)C)O5)C)O)OC(=O)C)C,4.698970004
COCCNC(=O)C1=CC=C(C=C1)NC2=NC=C3C=C(C=CC3=N2)C4=CN=CC=C4,6.221125528
CC(C)(C)NC(=S)NC1=C(C=C2C=NC(=NC2=N1)NCCCN3CCN(CC3)C)C4=C(C=CC=C4Cl)Cl,7
C1CCC2=C(C1)C(=O)NC(=N2)N3CCN(CC3)C4=CC=CC=C4,7.229884705
CC1=C(OC2=CC=CC(=C12)O)C(=O)C3=CC(=C(C(=C3)OC)OC)OC,7.075720714
C1COCCN1CCCOC2=C3C(=C4C(=C2)N=CN=C4OC5=CC=C(C=C5)NC(=O)NC6=C(C=CC(=C6)C(F)(F)F)F)OCCO3,8.823908741
CC(C)[C@@H](C1=CC=CC=C1Cl)NC(=O)C2=CC3=C(C=C2)NN=C3C4=CC=C(C=C4)N5C6CCC5COC6,8.698970004
CN1CCN(CC1)C2=CC=C(C=C2)NC3=NN4C=CC=C(C4=N3)C5=CC=C(C=C5)S(=O)(=O)C,7.193820026
CCOCCOC1=C(C=C2C(=C1)N=CN=C2NC3=CC(=C(C=C3)F)Cl)NC(=O)/C=C\C#N,7.735890844
C[C@@H]1C[C@H](CN(C1)C2=NC(=NC(=C2)C3=CC4=C(C=C3)C(=NN4)N)N)N(C)C(=O)CC(C)(C)C,9.199970641
CN(C1=CC(=C(C=C1)OC)NC(=O)CCCC(=O)OC)C2=CC(=O)OC3=CC=CC=C32,7.524328812
CN(C)CC1=CC=C(C=C1)C2C(C3=NNC(=O)C4=C3C(=CC=C4)N2)C5=CC=C(C=C5)F,8.605548319
C1CCC(C1)SC2=NN=C(N2C3=CC=CC=C3)C4=CC5=CC=CC=C5O4,5.71219827
CC[C@@H]1CO[C@@H](CN1C2=NC(=NC(=C2)C3=CC4=C(C=C3)C(=NN4)N)NC)C(=O)NC5=CC=CC=C5,8.500038134
COC1=CC(=CC(=C1)C2=C(N=C3C(=C2)C=NC(=N3)N)N)OC,6.638272164
CC1C(=O)N(C2=C(N1CCOC)C=C(C=C2)NS(=O)(=O)C3=CC=C(C=C3)C)C,6.113509275
CCC1C(=O)N(C2=CN=C(N=C2N1C3CCCC3)NC4=C(C=C(C(=C4)F)C(=O)NC5CCCC5)OCCO)C,8.137868621
COC1=CC=C(C=C1)/C=C/C(=O)C2=CC=C(C=C2)O,5.004364805
CC1=NC2=C(C=C1)C(=O)C=C(N2)C3=CSC=C3,5.100000128
C1=CC=C(C=C1)C[C@@H](C(=O)NCC2=CC=CC=C2)NC(=O)CCCCCCC(=O)NO,6.337242168
CCN(CC)CCOC1=CC=CC(=C1)NC2=NC=C3C=C(C(=O)N(C3=N2)C)C4=C(C=CC=C4Cl)Cl,7.494850022
CCC(=O)N1CC[C@@H](C1)N2C3=NC(=NC=C3CN(C2=O)C4=C(C=CC(=C4)OC)F)NC5=CC(=C(C=C5)N6CCN(CC6)C7COC7)C,8.468521083
C1CC1C2=CC(=NN2)NC(=O)CC3=CC4=CC=CC=C4C=C3,7.431798276
CCC(C1=NC2=C(C(=O)N1CC3=CC=CC=C3)SC=C2)N(CCCN)C(=O)CC(C)C,5.342944147
CCCC1=CC=C(C=C1)OCC(=O)N(CC(=O)NC2=CC=CC=N2)C(C)C,6.077793723
CC1=C(C(=O)C2=C(N1C)C=CC(=C2)Br)C(=O)NC3=CC(=C(C=C3)OC4=NC=NC5=C4C(=CN5)C6=CC=CC=C6)F,5.505845406
C1=CC2=C(C=C1O)C(=C(N2)C3=C(NC4=C3C=C(C=C4)F)O)N=O,8.647817482
C1=CC2=C3C(=C1)NC(C(C3=NNC2=O)C4=CC=NC=C4)C5=CC=NC=C5,7.649751982
CC(=CCC[C@]\1(C/C=C(\C(=O)/C=C/[C@@]([C@@H](/C=C1)OC(=O)C=C(C)C)(C)O)/COCOC)C)C,5.54668166
CCC(C1=NC2=C(C(=O)N1CC3=CC=CC=C3)N(C=C2)C)N(CCCN)C(=O)C4=CC=C(C=C4)C,7.677780705
C/C(=C\C1=CC(=C(C=C1)OC)OP(=O)(O)O)/C(=O)C2=CC=C(C=C2)OC,6.301029996
CCC(=O)N1CC[C@@H](C1)N2C3=NC(=NC=C3CN(C2=O)C4=C(C=CC(=C4)OC)F)NC5=CC(=C(C=C5)N6CCN(CC6)C)OC,8.236572006
COC1=CC2=C(C=CN=C2C=C1OC)OC3=C(C=C(C=C3)N/C(=N\S(=O)(=O)CC4=CC=CC=C4)/CC5=CN=CC=C5)F,7.217670731
CN(C)CC1=CC=C(C=C1)C2=NC3=C4N2CCNC(=O)C4=CN=C3,7.552841969
CC1=CC=C(C=C1)N/C=C/C2=NC3=C(C=C(C=C3Br)Br)C(=O)N2,5.096910013
COC1=CC=CC=C1C2=CSC3=CN=C(N=C32)NC4=C(C=C(C(=C4)F)C(=O)NC5CCNCC5)F,7.616184634
CCCC1=CC=C(C=C1)OCC(=O)N(CC(=O)NC2=CC=NC=C2)C(C)C,7
C1CCC(CC1)N2C=C(N=N2)C3=CC(=CC=C3)NC(=O)CCCCCCC(=O)NO,8.065501549
CN1C=NC=C1C(C2=CC=C(C=C2)C#N)OCC3=C(C=C(C=C3)C#N)C4=CC=C(C=C4)C5=CC=CC=C5,8.958607315
CC(=O)O[C@@H]1C[C@]2([C@@H](CC[C@@H]2O)C3=C1[C@]4([C@H](OC(=O)/C(=C/NCCCN(C)C)/C4=C(C3=O)O)COC)C)C,5.694648631
CCOC(=O)C1=C(OC2=C(C1C3=CC(=C(C(=C3)Br)OC)OC)C=C4CCNC4=C2)N,6.262250926
CN1C=C(N=C1)S(=O)(=O)N(CCN(CC2=CN=CN2C)C3=CC=C(C=C3)C#N)CC4=CC=NC=C4,7.142667504
CN(C)CCNC(=O)C1=CC=CC2=CC3=CC=CC=C3N=C21,6.236572006
C1CN(CCN1CCOCCO)CC(=O)NC2=C3C4=CC=CC=C4SC3=C(C=C2)C5=CC=CC6=C5OC(=CC6=O)N7CCOCC7,8.22184875
CCSC1=NN=C(N1C2=CC=CC=C2)COC3=CC=CC=C3,5.003488328
COC(=O)[C@H](CC1=CC=C(C=C1)[N+](=O)[O-])NC(=O)CCCCCCC(=O)NO,5.872895202
CC1=CC(=CC=C1)NC(=O)NC2=CC=C(C=C2)C3=C4C(=CC=C3)NN=C4N,7.920818754
CC1=C(C(=O)O[C@H](C1)[C@@H](C)C2=C[C@@H]([C@@]3([C@@]2(CC[C@H]4[C@H]3C[C@@H]5[C@]6([C@@]4(C(=O)C=C[C@@H]6OC(=O)/C=C/C(=O)N7CCOCC7)C)O5)C)O)OC(=O)C)C,6.366531544
COC1=CC=C(C=C1)CNCCC(=O)NC2=C3C4=CC=CC=C4SC3=C(C=C2)C5=CC=CC6=C5OC(=CC6=O)N7CCOCC7,8.045757491
COC1=CC(=C(C=C1)OC)COC2=C(C=CC(=C2)NC(=O)C3=CC4=CC=CC=C4C=C3)NS(=O)(=O)C,7.877129077
CC(=O)NC1=CC=CC2=C1C=CC3=NC4=CC=CC(=C4N=C23)C(=O)NCCN(C)C,6.329754147
CN1CCN(CC1)C2=CC(=C(C=C2)NC3=NC=C4CN(C(=O)N(C4=N3)C5=CC=CC(=C5)NC(=O)C=C)C6=CC=C(C=C6)OCC7=CC=CC=C7)OC,7.638272164
CN1C=C(N=C1)S(=O)(=O)N(CCN(CC2=CN=CN2C)C3=CC=C(C=C3)C4=CC=CC=C4)CC5=CC=CC=C5,5.164309429
CC1=C(N=NN1C2=CC=C(C=C2)S(=O)(=O)NC3=NC=CS3)/C(=N/NC(=S)N)/C,7.301029996
CCOC(=O)C1=CC(=CC=C1)NC2=NC=C3C=C(C(=O)N(C3=N2)C)C4=C(C=CC=C4Cl)Cl,5.823908741
C[C@@H](C(=O)N[C@@H](CC1=CC=C(C=C1)OC)C(=O)N[C@@H](CC(C)C)C(=O)C(=O)NC2=CC(=CC(=C2)OC)OC)NC(=O)C3=CC=C(O3)C4=CC=C(C=C4)C(=O)C,7.498940738
COC1=CC2=C(C=CN=C2C=C1OC)NC3=CC4=C(C=C3)C(=CC=C4)C(=O)NC5=CC=C(C=C5)Cl,8.100015437
CC1=NOC(=N1)[C@@H]2CC3(CC3)CN2C(=O)[C@H](CC4CCCC4)CC(=O)NO,7.53313238
COC1=CC=CC(=C1)C(=O)NC2=NN=C(S2)/C=C/C3=CC(=C(C(=C3Br)OC)OC)OC,7.22184875
CC(C)C1=CC=C(C=C1)CCCN2CC=C(C2=O)CCC(=O)NO,6.37675071
CC1=C(C=CC=C1C2=CN=CC=C2)COC3=C(C=C(C(=C3)OCC4=CC(=CC=C4)C#N)CN5C[C@H](C[C@H]5C(=O)O)O)Cl,7
COC1=CC(=CC(=C1OC)OC)C(=O)C2=NN(N=C2N3CCCCC3)C4=CC=CC=C4,5.42945706
CCC1(C2=C(COC1=O)C(=O)N3CC4=C(C3=C2)N=C5C=CC(=CC5=C4)OCCNC(=O)C6=CC(=CN6COC)NC(=O)C7=CC(=CN7COC)NC(=O)C8=CC=C(N8COC)NC(=O)CCCN(C)C)O,6
CN(CCCNC(=O)C1=CC=CC2=CC3=C(C(=CC=C3)F)N=C21)CCCNC(=O)C4=CC=CC5=CC6=C(C(=CC=C6)F)N=C54,7.30980392
CC1(C=CC2=C(C=CC(=C2O1)C(=O)/C=C/C3=CC(=C(C=C3)OC)NCC4=CC=CC=C4)OC)C,6.013228266
CN(C1=C(C=C(C=C1)NC(=O)C2=CC3=C(C=C2)OCO3)OCC4=C(C=CC(=C4)Cl)Cl)S(=O)(=O)C,5.54515514
C1=CC2=C(C=C1[N+](=O)[O-])C(=C(N2)O)C3=C(C4=C(N3)C=CC(=C4)F)N=O,8.76700389
CCN(CC)CCN(C)/C=C/1\C2=C(C(=O)C3=C([C@]2([C@H](OC1=O)COC)C)[C@@H](C[C@]4([C@H]3CC[C@@H]4O)C)OC(=O)C)O,7.301029996
CC1=CC(=CC=C1)NC(=O)NC2=CC3=C(C=C2)C(=CN3C)C#N,6.173925197
C1=CC2=C(C=C1OC(F)(F)F)C(=C(N2)O)C3=C(C4=C(N3)C=CC(=C4)Cl)N=O,7.118045029
C[C@H]1CC[C@H](CN1C2=NC(=NC(=C2)C3=CC4=C(C=C3)C(=NN4)N)N)C(=O)NC5=CC=CC=C5,5.899998417
CCC1=CC=CC=C1N2C=C(C=N2)C(=O)NC3=CC=CC(=N3)C,6.420216403
CC1=CC2=C(C=C1)N=C3C(=C2)C=CC=C3C(=O)NCCCN(C)CCCNC(=O)C4=CC=CC5=CC6=C(C=CC(=C6)C)N=C54,6.560667306
CC1=CC(=C(C=C1)C)COC2=C(C=CC(=C2)NC(=O)C3=CC=C(C=C3)OC)N(C)S(=O)(=O)C(F)(F)F,5.274088368
COC1=CC2=C(C=CN=C2C=C1OC)OC3=C(C=C(C=C3)N/C(=N\S(=O)(=O)CC4=CC=CC=C4)/CC5=CSC=C5)F,7.255081458
CCC1=CC=CC=C1N2C(=CC(=N2)C(=O)NC3=NC4=CC=CC=C4C=C3)C,7.173925197
CCC(C1=NC2=C(C(=O)N1CC3=CC=CC=C3)SC=C2)N(CCCN)C(=O)C4=CC=CC(=C4)C,7.045757491
CN1C=C(C2=C1C=C(C=C2)NC3=NC=C(O3)C4=CC=CC(=C4)CNC(=O)OC5CCOC5)C#N,6.585026652
CC1=C(C=CC=C1C2=CN=CN=C2)COC3=C(C=C(C(=C3)OCC4=CC(=CC=C4)C#N)CN5C[C@H](C[C@H]5C(=O)O)O)Cl,7
CC1=C(NC2=C1C(=NC=N2)NC3=CC(=CC=C3)OC)C,5.920818754
CC1=C(C=CC(=C1)F)NC2=C3C=CN=CC3=C4C=CC=C(C4=N2)C5=NC=NN5,8.096910013
CCCNC(=O)NC[C@@H](C(=O)O)NC(=O)[C@@H]1CCCN1S(=O)(=O)C2=CC=CC=C2,6.447331784
CC1=C(C(=NO1)C)C2=CC3=C(C=C2)N(C(=O)N(C3C4=CC=CC=C4)CC5=CN(N=N5)CCOCCOCCOCC(=O)NC6=CC=CC7=C6C(=O)N(C7=O)C8CCC(=O)NC8=O)C,7.164309429
CN1C=NC=C1C(C2=CC=C(C=C2)C#N)OCC3=C(C=C(C=C3)C#N)C#CC4=CC(=CC=C4)O,9
CCCN1C(=O)C2=CC=CC=C2N3C1=NN(C3=S)CN(C)CCC,5.73754891
C1C[C@H](N(C1)S(=O)(=O)C2=CC=C(C=C2)NC(=O)CC3=CC=CC=C3)C(=O)N[C@@H](CNC(=O)NCC4=CC=CC=C4)C(=O)O,6.627087997
CC(C1=CC=C(C=C1)N2CCCS2(=O)=O)C(=O)NC3=NNC(=C3)C4CC4,7.886056648
CC1=C(C(=NO1)C)C2=CC3=C(C=C2)N(C(=O)N(C3C4=CC=CC=C4)CC5=CN(N=N5)CCOCCOCCOCCOCC(=O)NC6=CC=CC7=C6CN(C7=O)C8CCC(=O)NC8=O)C,7.645891561
C[C@]12CC[C@H]3[C@@]4(C=CC(=O)C(=C)[C@H]4CC[C@@]3(C1)CC2=O)C,5
CN(C)CCN(C)CC(=O)NC1=C2C3=CC=CC=C3SC2=C(C=C1)C4=CC=CC5=C4OC(=CC5=O)N6CCOCC6,7.244125144
CCCCC/C(=N\S(=O)(=O)CC1=CC=C(C=C1)F)/NC2=CC(=C(C=C2)OC3=NC=NC4=C3SC=C4)F,7.371815492
CC(C)C[C@@H](C(=O)C(=O)NC1=CC=CC=C1)NC(=O)[C@H](CC2=CC=CC=C2)NC(=O)[C@H](CC3CCCCC3)NC(=O)OCC4=CC=CC=C4,6.219466675
CN1C=C(N=C1)S(=O)(=O)N(CCN(CC2=CN=CN2C)C3=CC=C(C=C3)C(=O)N)CC4=CC=CC=C4,5.27572413
CN(C1=CC(=C(C=C1)OC)N)C2=CC(=O)OC3=CC=CC=C32,7.630784143
COC1=CC=C(C=C1)C(=O)/C=C/C2=C3CC4=CC(=C(C=C4C3=NN2)OC)OC,5.184422252
CC1=C(C=NN1C2=C(C=CC=C2F)F)C(=O)NC3=NC4=CC=CC=C4C=C3,8.795880017
C1=CC(=CC(=C1)O)C2=C3C(=NN2)N=CN=C3NC4=CC(=CC=C4)Cl,6.004364805
CC(=O)NCCN1C(=O)C2=C(C=CC(=C2)F)N3C1=NNC3=S,5.605548319
CC(C)C1=CC=C(C=C1)C2=CC=C(C=C2)NC(=O)C3=CC(=NC4=C3C=CC(=C4)OC)C5=CC=CC=C5,4
CC1=CC(=CC=C1)NC(=O)NC2=CC=C(C=C2)C3=C4C(=C(C=C3)F)NN=C4N,7.853871964
CCN1C(=O)C2=CC=CC=C2N3C1=NNC3=S,5.826813732
C1CSCCC12N=C(N=C(N2OCCCOC3=CC(=C(C=C3)Cl)Cl)N)N.Cl,9
C1=CC2=C(C(=C1)O)NC3=C4C(=C5C(=C23)C(=O)N(C5=O)NCCC#N)C6=C(N4C7C(C(C(C(O7)CO)O)O)O)C(=CC=C6)O,7.698970004
CN1CCN(CC1)C2=CC3=C(C=CC=C3OS(=O)(=O)C4=CC=CC(=C4)[N+](=O)[O-])N=C2,5.920818754
CCN1/C(=C/C2=[N+](C=CS2)CC3=CC=CC=C3Cl)/S/C(=C/4\N(C5=C(S4)C=C(C=C5)OC)C)/C1=O.[Cl-],7.48148606
CC1(C=CC2=C(C=CC(=C2O1)C(=O)/C=C/C3=CC(=C(C=C3)OC)N)OC)C.C(=C\C(=O)O)\C(=O)O,7.920818754
CC(C)N1C=NC2=C(N=C(N=C21)Cl)NCC3=CC=C(C=C3)C(=O)NC4=CC=CC=C4N,5.663540266
C1CCC2=C(C1)C(=O)NC(=N2)N3CCC4(CC3)CNC5=C4C(=CC=C5)Cl,8.27572413
CN1C=CN=C1[C@@H]2[C@H](NC3=CC=CC4=C3C2=NNC4=O)C5=CC=C(C=C5)F,8.647817482
CCN1C=CC2=C1C=CC(=C2)C3=NCC(O3)C4=CC(=C(C(=C4)OC)OC)OC,7.30980392
CN1CCN(CC1)CC(=O)NC2=C3C4=CC=CC=C4SC3=C(C=C2)C5=CC=CC6=C5OC(=CC6=O)N7CCOCC7,7.920818754
CC(C)(C)OC(=O)CC[C@H](C(=O)NCCCN1C(=O)C2=C(C=CC(=C2)F)N3C1=NNC3=S)NC(=O)OC(C)(C)C,5.086716098
CN(C)CCNC(=O)C1=C(C=CC2=C1N=C3C4=CC=CC(=O)C4=CC=C3N2)O,7.602059991
C1=CC(=C(C=C1NC(=O)CCCCCC(=O)NO)C(=O)NC2=CC(=C(C=C2)Cl)Cl)O,6
COC1=CC(=CC(=C1OC)OC)C2CN=C(O2)C3=C4C=CNC4=CC=C3,7.244125144
C1=CC=C2C(=C1)C=C(N2)C3=C4C=C/C(=C\C5=C(NC6=CC=CC=C65)O)/C=C4N=N3,6.26760624
CC(C)(C1=CC2=C(C=C1)[C@@](N(C2=O)CC3=CC=C(C=C3)Cl)(C4=CC=C(C=C4)Cl)OCC5(CC5)CO)O,7.920818754
CC1=C(SC=N1)C2=CC=C(C=C2)[C@H](C)NC(=O)[C@@H]3C[C@H](CN3C(=O)[C@H](C(C)(C)C)NC(=O)CCCCCCN(C)CC[C@H](CSC4=CC=CC=C4)NC5=C(C=C(C=C5)S(=O)(=O)NC(=O)C6=CC=C(C=C6)N7CCN(CC7)CC8=C(CCC(C8)(C)C)C9=CC=C(C=C9)Cl)S(=O)(=O)C(F)(F)F)O,7.089909454
COC1=CC=CC=C1N2C=CC(=C2)C(=O)C3=CC(=C(C(=C3)OC)OC)OC,5.455931956
CCC(C1=NC2=C(C(=O)N1CC3=CC=CC=C3)SC=C2)N(CCCN)C(=O)C4=CC=C(C=C4)Cl,7.301029996
C1=CC=C2C(=C1)N=C(S2)C3=CC=C(C=C3)NC(=O)CN4C=NC=N4,7.769551079
COC1=CC(=CC(=C1OC)OC)/C=C/C(=O)C2=CC3=C(C=C2)OCO3,5.537602002
CN1CCN(CC1)C2=CC(=C(C=C2)NC3=NC=C4CN(C(=O)N(C4=N3)C5=CC=CC(=C5)NC(=O)C=C)C6=CC=C(C=C6)C7=CC=CC=C7)OC,7.744727495
C[C@@](CO)(C1=CC2=C(C(=C1)F)[C@@](N(C2=O)CC3=CC=C(C=C3)C#C)(C4=CC=C(C=C4)Cl)OCC5(CC5)CO)O,8.283996656
COC1=CC(=CC(=C1O)OC)/C=C/2\CCC=CC2=O,5.793174124
CC(C)C1=CC2=C(C(=O)C1=O)[C@@]34CCCC([C@@H]3C(C2=O)OC4=O)(C)C,6.410050399
CC1=C(C(=O)O[C@H](C1)[C@@H](C)C2=C[C@@H]([C@@]3([C@@]2(CC[C@H]4[C@H]3C[C@@H]5[C@]6([C@@]4(C(=O)C=C[C@@H]6OC(=O)C=C)C)O5)C)O)OC(=O)C)C,6.107905397
C1=CC(=CC(=C1)Cl)NC2=NC=NC3=C2C=C(C=C3)NC(=S)NC4=CC(=CC(=C4)F)F,7.221125528
C1C=C(C(=O)N1CCC2=CC=C(C=C2)Br)CCC(=O)NO,6.37675071
COC1=C(C(=CC=C1)F)NC2=C3C=CN=CC3=C4C=CC=C(C4=N2)C5=NC=NN5,7.920818754
COC1=C(C(=CC(=C1)C2C3=CC4=C(C(=C3OC(=C2C#N)N)O)OCO4)Br)OC,8.522878745
C1CC(C1)NC2=C3C=CN=CC3=C4C=CC=C(C4=N2)C5=NC=NN5,7.698970004
C1=CC(=CC(=C1)Br)NC2=NC=NC3=C2C=C(C=C3)NC(=O)NC4=CC=C(C=C4)Cl,7.714442691
CCCN(CCC)CCC(=O)NC1=CC2=C(C=C1)C(=O)C3=C(C2=O)C=CC(=C3)NC(=O)CCN(CCC)CCC.CC(=O)O,6.420216403
C1=CC(=CC(=C1)NC(=O)C2=C(C=CC(=C2)NC(=O)CCCCCC(=O)NO)O)C(F)(F)F,6
CC1(CC(CCO1)(CCNC2=CC(=CC=C2)Cl)C3=CC=CC=C3)C,7.602059991
C1CCC2=C(C1)C(=O)NC(=N2)N3CCC4(CC3)C5=C(C=C(C=C5)F)NC4=O,7.920818754
C1COCCN1C2=NC(=NC(=C2)C3=CN=C(C=C3C(F)(F)F)N)N4C[C@H]5[C@H](C4)OCCO5,7.508638306
CN(C)CCNC(=O)C1=C(C=CC2=NC3=C(C4=C(C=C3)C(=CC=C4)OC)N=C21)N,7.537602002
C[C@]12CC[C@H](C1(C)C)CC(=O)N2CC3=CN(N=N3)C4=CC=CC=C4C#N,6.619788758
CCN(CC)CCNC(=O)C1=C2C(=CC=C1)N=C3C=CC4=C(C3=N2)C=CC=C4OC,5.999565923
CN(C)CCNC(=O)C1=C2C(=CC=C1)N=C3C=CC4=C(C3=N2)C=CC(=C4)[N+](=O)[O-],7.161150909
C1COCCN1C2=NC(=NC(=C2)C3=CN=C(C=C3C(F)(F)F)N)N4C[C@@H]5[C@@H](C4)OCCO5,7.214670165
C1COCCN1C2=CC3=C(C=C2)N4C(=S)NN=C4N(C3=O)CCC5=CC=CC=C5,5.812479279
COC1=C(C(=CC(=C1)C2C3=CC4=C(C=C3OC(=C2C#N)N)NCCO4)Br)OC,10.79588002
C1CN(CCN1C2=NC(=NC(=N2)C3=CC(=C(N=C3)N)C(F)(F)F)N4CCOCC4)C(=O)C5=C(C=CC(=C5)CC6=NNC(=O)C7=CC=CC=C76)F,8.950007143
C1CCC(C1)[C@H](C2=CC=CC=N2)NC(=O)C3=CC4=C(C=C3)NN=C4C5=CC=C(C=C5)N6C7CCC6COC7,8.337242168
COC1=C2C(=C3C(=C1)N=CN=C3OC4=CC=C(C=C4)NC(=O)NC5=CC(=NC=C5)OC)OCCO2,7.508638306
CN(C)CC(CO)NC(=O)C1=C2C(=CC=C1)N=C3C=CC4=C(C3=N2)C=CC=C4OC,7.552841969
CN(CCCNC(=O)C1=CC=CC2=CC3=C(C=C(C=C3)F)N=C21)CCCNC(=O)C4=CC=CC5=CC6=C(C=C(C=C6)F)N=C54,7.283996656
CN(C)C1=CC=C(C=C1)C(=O)N[C@@H](CCCCCC(=O)NO)C(=O)NCC2=CC=CC=C2,5.795880017
COC1=CC=CC(=C1)[C@H]2CC(=O)C3=CC4=C(C=C3N2)OCO4,5.629999781
C/C(=C\C1=CC=C(C=C1)OC)/C(=O)C2=CC=C(C=C2)OC,5.721246399
CCOC1=C(C=CC(=C1)C(=CC#N)C2=CC(=C(C=C2)OC)C)OC,7.060480747
CN(C)CC1=CC=C(C=C1)C2C(C3=NNC(=O)C4=C3C(=CC(=C4)F)N2)C5=CC=CC=C5,8.482804102
COCCNC(=O)C1=CC=CC2=C1C=CC(=C2)OC3=C4C=CC(=CC4=NC=C3)OC,7.550059011
CCOC1=C(C=CC(=C1)C(=CC#N)C2=CC(=C(C=C2)OC)OC(=O)CN)OC.Cl,7.721246399
CC(=O)N1CCN(CC1)CC2=CC(=C(C=C2)O)C(=O)/C=C/C3=C(C(=CC=C3)C4=CC=CC=C4)F,4.698970004
CCOC(=O)C1=C(OC2=CC3=C(C=C2C1C4=CC(=CC=C4)Cl)OCO3)N,6.48148606
COC1=CC=CC2=C1NC(=C2SC3=CC(=C(C(=C3)OC)OC)OC)C4=CC=CC=C4,7.721246399
CC1=CC(=CC=C1)C(=O)N[C@H](CO)C(=O)N[C@@H](C)C(=O)NC(CC2=CC=C(C=C2)N=C(N)N)P(=O)(OC3=CC=CC=C3)OC4=CC=CC=C4,8.356547324
COC1=CC(=CC(=C1OC)OC)C(=O)C2=CC3=CC(=C(C=C3O2)OC)OC,6.113509275
CC1=C2COC(=O)C2=C(C(=C1OC)C/C=C(\C)/CCC(=O)O)O,6.468521083
C1=CC=C2C(=C1)N=C(S2)C3=CC=C(C=C3)NC(=O)CNC4=CC=C(C=C4)[N+](=O)[O-],4
C1=CC=C2C=C(C=CC2=C1)C3=C(C=C(N3)C4=NC(=NC=C4)N)C(=O)N,6.57024772
CC1(CCC(=C(C1)CN2CCN(CC2)C3=CC=C(C=C3)C(=O)NS(=O)(=O)C4=CC(=C(C=C4)N[C@H](CCN5CCN(CC5)CCOCCNC6=CC=CC7=C6C(=O)N(C7=O)[C@@H]8CCC(=O)NC8=O)CSC9=CC=CC=C9)S(=O)(=O)C(F)(F)F)C1=CC=C(C=C1)Cl)C,7.218244625
CCC1(C2=C(COC1=O)C(=O)N3CC4=C(C3=C2)N=C5C=CC(=CC5=C4)OCCNC(=O)C6=CC(=CN6COC)NC(=O)CCCN(C)C)O,5.245651664
CCC1=CC2=C(C=C1)N(/C(=C\3/C(=O)N(/C(=C/C4=[N+](C=CS4)CC5=CC=C(O5)C(F)(F)F)/S3)CC)/S2)C.[Cl-],7
C1=CC=C(C=C1)NC(=S)NC2=CC3=C(C=C2)N=CN=C3NC4=CC(=CC=C4)Br,7.801342913
CN1CCN(CC1)CCCNC2=NC3=NC(=C(C=C3C=N2)C4=C(C=CC=C4Cl)Cl)NC(=O)NC5=CC=CC=C5OC,7.173925197
CC1=C(C=CC=C1C2=CC=NC=C2)COC3=C(C=C(C(=C3)OCC4=CC(=CC=C4)C#N)CN5CCCCC5C(=O)O)Cl,7
CC(C)(C)N1C=C2C(=N1)C(=O)CC3(O2)CCN(CC3)C(=O)C4=CC(=NC5=CC=CC=C54)OC,7
COC1=CC=CC(=C1)C2=CC(=O)C3=C(C=CN=C3N2)Cl,6.139997578
CC1CCN(CC1)C2=NC(=NC3=C2N=CN3CC4=CC=C(C=C4)C(=O)NC5=CC=CC=C5N)Cl,5.372634143
COC1=CC=C(C=C1)C(=O)/C=C/C2=CC(=C(C=C2)OC)OP(=O)(O)O,6.522878745
COC1=CC(=CC(=C1OC)OC)C(=O)/C=C/C2=C3CC4=CC=CC=C4C3=NN2,5.258060922
COC(=O)C1=CC(=CC=C1)OC2=CC=C(C=C2)N3C4=C(C=CC(=C4)C#N)C=C5C3=NC(=O)NC5=O,6.031517051
C/C(=C\C1=CC(=C(C(=C1)F)OC)F)/C(=O)C2=CC(=C(C(=C2)OC)OC)OC,7.301029996
CN1C2=CC=CC=C2C=C1C3=C(C=C(N3)C4=NC(=NC=C4)N)C(=O)N,7.045757491
C1COCCN1C2=CC3=C(C=C(C=C3NCC4=CC(=CC=C4)[N+](=O)[O-])C(F)(F)F)N=C2,9.142667504
C1CCC(=O)NC2=CC=CC(=C2)NC3=NC4=C(C1)C=NN4C(=N3)NC5=CC=CC(=C5)C(=O)N6CC(C6)O,6.48148606
C1=CC=C(C=C1)C2=C(NC3=C2C(=NC=N3)NC4=CC(=CC=C4)Cl)C5=CC=CC=C5,7.017728767
COC1=C(C(=C(C=C1)CN[C@H]2CCC3=CC(=C(C(=C3C4=CC=C(C(=O)C=C24)SC)OC)OC)OC)OC)OC,5.639999555
CC(C)C1=CC2=C(C(=O)C1=O)[C@]3(CCCC([C@@H]3CC2OC)(C)C)C(=O)OC,6.630784143
COC1=CC(=CC(=C1OC)OC)C2=C3C(=CC=C2)NC(=N3)C4=CC=C(C=C4)/C(=N/O)/N,5
CN1C2=NC(=NC=C2C=C(C1=O)C3=C(C=CC=C3Cl)Cl)NC4=CN=CC=C4,6.292429824
CN1CCN(CC1)C2=C(C=C(C=C2)C3=NNC4=C3C=C(C=C4)NC(=O)C(C5=CSC=C5)N6CCCC6)S(=O)(=O)C,7.744727495
CCC(C1=NN(C=C1)C)(C2=CC3=C(C(=C2)F)[C@@](N(C3=O)[C@@H](CCC(=O)O)C4=CC=C(C=C4)Cl)(C5=CC=C(C=C5)Cl)OC)O,8.200659451
C[C@@H](C(=O)NC(CC1=CC=C(C=C1)N=C(N)N)P(=O)(OC2=CC=CC=C2)OC3=CC=CC=C3)NC(=O)[C@@H](CO)NS(=O)(=O)C4=CC=CC=C4,8.585026652
CC1(CCC(=C(C1)CN2CCN(CC2)C3=CC=C(C=C3)C(=O)NS(=O)(=O)C4=CC(=C(C=C4)N[C@H](CCN(C)CCCCNC5=CC=CC6=C5C(=O)N(C6=O)[C@@H]7CCC(=O)NC7=O)CSC8=CC=CC=C8)S(=O)(=O)C(F)(F)F)C9=CC=C(C=C9)Cl)C,7.412289035
C1COCCN1C2=NC(=NC(=N2)C3=CN=C(C=C3C(F)(F)F)N)N4C[C@H]5[C@H](C4)OCCO5,7.420216403
CC(=O)O[C@@H]1CCC2=CC(=C(C(=C2C3=C1C=C(C=C3)SC)OC)OC)OC,5.509999358
COC1=CC=CC(=C1)CC(=O)NCCCN2C(=O)C3=C(C=CC(=C3)F)N4C2=NNC4=S,6.017728767
COC1=CC2=NC=CC(=C2C=C1)OC3=CC4=C(C=C3)C(=CC=C4)C(=O)NC5=CC=C(C=C5)Cl,9
CC(=C)C1=CC2=C(C=C1)C(N(C2=O)CC3=CC=C(C=C3)C#N)(C4=CC=C(C=C4)Cl)OCC5(CC5)CO,7.187086643
CCOCCOC1=C(C=C2C(=C1)N=CN=C2NC3=CC(=C(C=C3)F)Cl)NC(=O)/C=C/C(F)(F)F,7.559720787
C1=CC=C(C(=C1)C2=NC3=CC=CC=C3C(=N2)NCC4=CC=C(C=C4)C5=CN=CN=C5)C(F)(F)F,5.522878745
CC1=C(C(=CC=C1)C)C2=C(N=C3C(=C2)C=NC(=N3)N)N,6.366531544
COCCNC(=O)C1=CC=C(C=C1)NC2=NC=C3C=C(C=CC3=N2)C4=CN=CN=C4,6.109578981
COC1=CC(=CC(=C1OC)OC)C(=O)/C=C/C2=C(C=C(C=C2)Cl)Cl,5.420216403
CS(=O)(=O)C1=CC=CC(=C1)C2=NNC3=C2C=C(C=C3)NC(=O)C(C4=CSC=C4)N5CCCC5,8.229147988
CCN1/C(=C/C2=[N+](C=CS2)CC3=CC=CC=C3)/S/C(=C/4\N(C5=C(S4)C=CC(=C5)OC)C)/C1=O.[Cl-],6.443697499
COC1=CC(=CC(=C1OC)OC)C2=NNC3=C2C=C(C=C3)C4=CC=C(C=C4)F,6.033389013
COC1=C(C=C(C=C1)C(=O)NC2=NN=C(S2)/C=C/C3=CC(=C(C(=C3Br)OC)OC)OC)OC,7.522878745
CN(C)C/C=C/C(=O)N1CCC(CC1)N2C3=NC(=NC=C3CN(C2=O)C4=C(C(=CC(=C4Cl)OC)OC)Cl)NC5=CC(=CC=C5)OC,8.928117993
CC1=CC=C(C=C1)NC(=O)N2CCOC3=C2C=CC(=C3)OC4=C5C=C(C(=CC5=NC=C4)OC)OC,9.7000571
C1=CC2=C(C=C1F)C(=O)N(C3=NNC(=S)N23)CCCNC(=O)CCC(=O)O,5.296708622
C[C@@H]1C(=O)N(C2=C(N1C3CCCC3)C=C(C=C2)C4=NC(=NN4C5=CC=C(C=C5)C)C(=O)N(C)CCN(C)C)C,8.15490196
CC(CN1CCN(CC1)C)(C2=CC3=C(C(=C2)F)[C@@](N(C3=O)CC4=C(C=C(C=C4)Cl)S(=O)(=O)C)(C5=CC=C(C=C5)Cl)OCC6(CC6)CO)O,8.337242168
C1=CC2=C(C=C1C3=NC(=NC=C3)N)NN=C2N,6.399996913
C/C(=C\C1=CC(=C(C=C1)OC)F)/C(=O)C2=CC(=C(C(=C2)OC)OC)OC,8.698970004
C1CCC(C1)SC2=NN=C(N2C3=CN=CC=C3)COC4=CC=C(C=C4)C5=CC=C(C=C5)C#N,7.055517328
CN1C=CN=C1C2C(NC3=CC=CC4=C3C2=NNC4=O)C5=CC=C(C=C5)F,8.681936665
CC[C@@H]1C(=O)N(C2=CN=C(N=C2N1C3CCCC3)NC4=C(C=C(C=C4)C(=O)NC5CCCC5)OCCO)C,8.031050319
COC1=CC(=CC(=C1OC)OC)C2C3=C(C=C4C(=C3)CCN4)OC(=C2C#N)N,7.657577319
CCC(C)C(C(=O)O[C@H]1C=CC(=O)[C@]2([C@]13[C@H](O3)C[C@@H]4[C@@H]2CC[C@]5([C@]4([C@H](C=C5[C@H](C)[C@H]6CC(=C(C(=O)O6)C)C)OC(=O)C)O)C)C)NC(=O)OC(C)(C)C,5.966576245
CC1=C(SC(=N1)C)C2=NC(=NC=C2)NC3=CC=C(C=C3)N4CCN(CC4)S(=O)(=O)C,6.525783736
CC1=CC=C(C=C1)C(=O)/C=C/C2=CC(=C(C=C2)OC)O,5.823908741
CN1C=CC2=C1C=CC(=C2)C3=NCC(O3)C4=CC(=C(C(=C4)OC)OC)OC,7.853871964
CN1C=C(C2=CC=CC=C21)C3=NC(=NC=C3)NC4=C(C=C(C=C4)C(=O)NCCCCC(=O)NO)OC,6
CN(C)CCC(=O)NC1=C2C(=C(C=C1)NC(=O)CCN(C)C)C(=O)C3=CC=CC=C3C2=O.Cl,7.795880017
COC1=CC(=CC(=C1OC)OC)C2C3=CC4=C(C=C3OC(=C2C#N)N)N=CN4,6.417936637
CC(C)C1=C(C(=C2C(=C1)CC[C@@H]3[C@@]2(CCCC3(C)C)C(=O)OC)O)O,6.062983893
COC1=CC=C(C=C1)C(=O)/C=C/C2=CC(=C(C=C2)OC)OP(=O)([O-])[O-].[Na+].[Na+],8.096910013
C1=CC=C(C(=C1)CC(=O)NCCCN2C(=O)C3=C(C=CC(=C3)F)N4C2=NNC4=S)C#N,5.906578315
CC1=CC=C(C=C1)C(=O)N(CCCN)C(C2=NC3=C(C(=NS3)C)C(=O)N2CC4=CC=CC=C4)C(C)C,8.698970004
CCC(C1=NC2=C(C(=O)N1CC3=CC=CC=C3)SC=C2)N(CCCN)C(=O)C4=CC=C(C=C4)C,8
C[C@@](COC)(C1=CC2=C(C(=C1)F)[C@@](N(C2=O)CC3=C(C=C(C=C3)Cl)S(=O)(=O)C)(C4=CC=C(C=C4)Cl)OCC5(CC5)CO)O,8.677780705
CC1=C(N=NN1C2=CC=C(C=C2)Cl)C3=NN(C=C3/C=N/O)C4=CC=CC=C4,7.301029996
COC1=CC2=C(C=CN=C2C=C1OC)OC3=CC4=C(C=C3)N(CCO4)C(=O)N,7.240030142
C1CCC2=C(C1)C(=O)NC(=N2)N3CCC4(CC3)C5=C(C=C(C=C5F)F)N(C4=O)CCO,7.821023053
CN1C=C(C2=CC=CC=C21)C3=NC(=NC=C3)NC4=CC=C(C=C4)C(=O)NCCCCC(=O)NO,6
CCN(CC)CCCCNC1=NC=C2CN(C(=O)N(C2=N1)CC3=CC(=CC=C3)NC(=O)C=C)C4=C(C(=CC(=C4Cl)OC)OC)Cl,8.437707136
COC1=CC2=C(C(=C1)OC)C(=O)NC(=N2)C3=CC=C(C=C3)OC/C=C/C(=O)NO,6.536107011
COC1=C(C(=C2C(=C1)CC[C@@H](C3=CC(=O)C(=CC=C32)SC)NCC4=CC=C(C=C4)[N+](=O)[O-])OC)OC,5.639999555
CCCC1=CC2=C(C=C1)N(C(=C(C2=O)C(=O)NC3=CC(=C(C=C3)OC4=NC=NC5=C4C(=CN5)C6=CC=CC=C6)F)C)C,7.214670165
COC1=CC(=CC(=C1OC)OC)C(=O)C2=CN(C=C2)C3=CC=CC(=C3)N4C=CC=C4,7.366531544
CN1C=CC2=C1C=C(C=C2)C3=NCC(O3)C4=CC(=C(C(=C4)OC)OC)OC,6.37675071
CC1=C(C=CC(=C1)NC2=NC=C3CN(C(=O)N(C3=N2)[C@H]4CCN(C4)C(=O)C(C)(C)C)C5=CC=CC=C5Cl)N6CCN(CC6)C,7.696803943
CS(=O)(=O)N1CCN(CC1)CC2=CN3C(=C2)C(=NC(=N3)C4=CN=C(C=C4C(F)(F)F)N)N5CC6CCC(C5)O6,6.612966299
CCN1C2=C(C=C(C=C2)NS(=O)(=O)C3=CC=C(C=C3)C)N(C(C1=O)C)C4CCCC4,6.119186408
CC1=CC=C(C=C1)CN(CCN(CC2=CN=CN2C)C3=CC=C(C=C3)C#N)S(=O)(=O)C4=CN(C=N4)C,6.431798276
C1=CC2=C3C=NC=CC3=C(N=C2C(=C1)C4=NC=NN4)NC5=C(C=CC(=C5)Cl)F,8
COC1=CC2=NC(=C(N2C=C1)CC(=O)NC3=CC4=C(C=C3)C=CS4(=O)=O)C5=CC=C(C=C5)F,5.292429824
C1CC1C(C2=CC=CC=C2)NC(=O)C3=CC4=C(C=C3)NN=C4C5=CC=C(C=C5)N6CCOCC6,7.769551079
CN1C2=NC(=NC=C2C=C(C1=O)C3=C(C=CC=C3Cl)Cl)NC4=CC=NC=C4,6.040958608
CC(C)C1=C2C(=NN1)C(=NC=N2)NCC3=CC(=CC=C3)O,5.769551079
COC1=CC2=C(C=CN=C2C=C1OC)OC3=CC4=C(C=C3)C(=CC=C4)C(=O)NC5CCCC5,7.920095532
C1OC2=C(O1)C=C3C(=C2)C(=O)C=C(N3)C4=CC(=CC=C4)O,6.329995489
COC1=C(C(=CC(=C1)C2=NC3=C(N2)C=CC4=C3OC(=C(C4C5=CC(=CC=C5)F)C#N)N)Br)OC,5.291298726
C1CCC(C1)[C@@H](C2=CC=CC=N2)NC(=O)C3=CC4=C(C=C3)NN=C4C5=CC=C(C=C5)N6[C@H]7CC[C@H]6CC(C7)O,8.366531544
CN1CCN(CC1)C2=CC=C(C=C2)NC3=NC=C4CN(C(=O)N(C4=N3)C5=CC=CC(=C5)NC(=O)C=C)C,7.853871964
COC1=CC2=C(CC3=C(NN=C32)/C=C/C(=O)C4=CC(=C(C(=C4)OC)OC)OC)C=C1,5.229884705
C[C@H](C1=CC=C(C=C1)N2CCN(C2=O)C)C(=O)NC3=NNC(=C3)C4CC4,5.070581074
CC(=O)N1CCN(CC1)C2=NN(N=C2C(=O)C3=CC(=C(C(=C3)OC)OC)OC)C4=CC(=C(C=C4)OC)N,6.259637311
CCOC(=O)/C=C/C(=O)O[C@H]1C=CC(=O)[C@]2([C@]13[C@H](O3)C[C@@H]4[C@@H]2CC[C@]5([C@]4([C@H](C=C5[C@H](C)[C@H]6CC(=C(C(=O)O6)C)C)OC(=O)C)O)C)C,6.638272164
COC1=C2C=C(C=N1)C3=CC4=C(C=CN=C4C=C3)C5=CC=CC(=C5)CNC(=O)C6=CC(=CC=C6)S(=O)(=O)N2,8.337242168
CC(C)N1C=NC2=C(N=CN=C21)NC3=CC(=CC=C3)Cl,5.229147988
CCOC(=O)C1=C2C(=CN1)C(C3=C(N2)CN(CC3=O)C(=O)OC(C)(C)C)C4=CC=C(O4)SC5=NC6=CC=CC=C6N5,8.22184875
C[C@]1\2CC[C@H]3[C@@]4(C=CC(=O)C(=C)[C@H]4CC[C@@]3(C1)C/C2=N\OC)C,6.387216143
C[C@@H]1C(=O)N(C2=C(N1C3CC3)C=C(C=C2)N[C@@H](C)C4=CC=C(C=C4)C)C,7.283996656
C1=CC2=C(C(=C1)O)NC3=C4C(=C5C(=C23)C(=O)N(C5=O)NC(=O)N)C6=C(N4C7C(C(C(C(O7)CO)O)O)O)C(=CC=C6)O,6.568636236
CN(C1=CC(=C(C=C1)OC)NC(=O)CCC=C)C2=CC(=O)OC3=CC=CC=C32,7.245651664
CCC(C1=NC2=C(C(=O)N1CC3=CC=CC=C3)SC=C2)N(CCCN)C(=O)C4=CC=NO4,5.8569852
CC(C)C1=C2C(=NN1)C(=NC=N2)NCC3=CC(=C(C=C3)OC)O,5.958607315
CCCCN1CCC(CC1)C2=NC3=C4N2CCNC(=O)C4=CN=C3,7.677780705
COCCNC(=O)C1=CC(=CC=C1)NC2=NC=C3C=C(C=CC3=N2)C4=CC=NC=C4,6.48148606
CCC(C1=NC2=C(C=CC=N2)C(=O)N1CC3=CC=CC=C3)N(CCCN)C(=O)C4=CC=C(C=C4)C,6.490797478
CCOC1=C(C=CC(=C1)C(=CC#N)C2=CC(=C(C=C2)OC)N)OC,7.721246399
C1=CC=C(C(=C1)C2=NC3=CC=CC=C3C(=N2)NCC#CC4=CN=CC=C4)C(F)(F)F,5.050609993
CC1=C(C(=O)O[C@H](C1)[C@@H](C)C2=C[C@@H]([C@@]3([C@@]2(CC[C@H]4[C@H]3C[C@@H]5[C@]6([C@@]4(C(=O)C=C[C@@H]6OC(=O)/C=C/C7=CC=CS7)C)O5)C)O)OC(=O)C)C,6.366531544
COCCNC(=O)C1=CC=C(C=C1)NC2=NC=C3C=C(C=CC3=N2)C4=CN=C(C=C4)OC,5.638272164
COC1=C(C(=CC(=C1)C2C3=CC4=C(C=C3OC(=C2C#N)N)N=C(N4)N)Br)OC,6.169603824
CCCN1C(=O)C2=C(C=CC(=C2)F)N3C1=NN=C3SC,4.301029996
CC1=C(SC2=C1C(=O)N(C(=O)N2C[C@@H](C3=CC=CC=C3OC)OC4CCOCC4)C(C)(C)C(=O)O)C5=NC=CO5,8.36251027
C1CN(CC1N)C2=C(C=C3C4=C2OC5=C(N4C=C(C3=O)C(=O)O)C=CC6=CC=CC=C65)F,7.397940009
CC1(CC(CCO1)(CCNC2=CC=CC=C2)C3=CC=CC=C3)C,6
COC1=CC(=CC(=C1OC)OC)[C@H]2[C@@H]3[C@H](COC3=O)[C@H](C4=CC5=C(C=C24)OCO5)O,6.337242168
C1CC1C(C2=CC=CC=N2)NC(=O)C3=CC4=C(C=C3)NN=C4C5=CC=C(C=C5)OC6CCN(CC6)C=O,8.026872146
C1CCC(C1)SC2=NN=C(N2C3=CC(=CC=C3)Br)COC4=CC=CC=C4,6.017728767
COC1=CC(=CC(=C1OC)OC)C(=O)C2=C(NC3=C2C=CC(=C3)F)C4=CC=CC=C4,6.22184875
COC1=CC2=C(C=C1)C(=CC(=N2)C3=CC=CC=C3)C(=O)NC4=CC=C(C=C4)C5=CC=C(C=C5)F,4.950781977
CN(C)CCNC(=O)C1=C2C(=CC=C1)N=C3C=CC4=C(C3=N2)C=CC(=C4OC)OC,6.094743951
CC1=C(C=CC(=C1)NC2=NC=C3CN(C(=O)N(C3=N2)[C@H]4CCN(C4)C(=O)CN(C)C)C5=CC=CC=C5Cl)N6CCN(CC6)C,7.643974143
C1COCCN1CCNCCOC2=C3C4=CC=CC=C4SC3=C(C=C2)C5=CC=CC6=C5OC(=CC6=O)N7CCOCC7,8.15490196
CC[C@](C1CCN(CC1)CC(=O)O)(C2=CC3=C(C(=C2)F)[C@@](N(C3=O)CC4=CC=C(C=C4)Cl)(C5=CC=C(C=C5)Cl)OC)O,8.958607315
C[C@@H]1C(=O)N(C2=C(N1C3CCCC3)C=C(C=C2)C4=NC(=NN4C5=CC=C(C=C5)C)C(=O)N6CCN(CC6)C)C,8.26760624
C[C@@H](C(=O)N[C@@H](CC1=CC=C(C=C1)OC)C(=O)N[C@@H](CC(C)C)C(=O)C(=O)NC2=CC=CC=C2)NC(=O)OC(C)(C)C,5.756218084
CCCCN1C=CC2=C(C=CC=C21)C3=NC4=C(C=CC=C4N3)C5=CC(=C(C(=C5)OC)OC)OC,5
C1COCCN1C2=CC(=O)C3=C(O2)C(=CC=C3)C4=C5C(=C(C=C4)NC(=O)CN(CCO)CCO)C6=CC=CC=C6S5,8.22184875
CC1=CC=C(S1)CNC2=NC(=NC3=CC=CC=C32)C4=CC=CC=C4C(F)(F)F,5.292429824
CCOCCOC1=C(C=C2C(=C1)N=CN=C2NC3=CC(=C(C=C3)F)Cl)NC(=O)/C=C/Cl,8.129011186
CNC1=NC(=NC(=C1)C2=CC3=C(C=C2)C(=NN3)N)N,7.100015437
CN1C2=C(C(N=C(C3=C2C=CC(=C3)OC)C4=CC=C(C=C4)Cl)CC(=O)O)SC1=O,6.060480747
C[C@@](CO)(C1=CC2=C(C(=C1)F)[C@@](N(C2=O)CC3=C(C=C(C=C3)Cl)S(=O)(=O)C)(C4=CC=C(C=C4)Cl)OCC5(CC5)CO)O,8.744727495
C1=CC=C(C(=C1)NC2=C3C=CN=CC3=C4C=CC=C(C4=N2)C5=NC=NN5)Cl,8.22184875
C1=CC2=C(C=C1F)C(=O)N(C3=NNC(=S)N23)CCCNC(=O)CCCS(=O)(=O)N,5.661543506
CC1=C(C=CC=C1C2=CN=CN=C2)COC3=C(C=C(C(=C3)OCC4=CC(=CC=C4)C#N)CN5CCCC[C@H]5C(=O)O)Cl,7
COC1=CC=C(C=C1)NC(=O)C2=CC(=NC3=C2C=CC(=C3)OC)C4=CC=CC=C4,4
C1=CC(=CC(=C1)Cl)NC2=C3C(=NC(=NC3=NN2)N)N,5.542118103
C1=CC(=CC(=C1)Br)NC2=NC=NC3=C2C=C(C=C3)NC(=S)NC4=CC=C(C=C4)S(=O)(=O)N,8.022276395
CC(=O)O[C@@H]1C[C@]2([C@@H](CC[C@@H]2O)C3=C1[C@]4([C@H](OC(=O)/C(=C/N(CCCN(C)C)CCCN(C)C)/C4=C(C3=O)O)COC)C)C,7.657577319
CC1=C(C=CC=C1C2=CC=CC=C2)COC3=C(C=C(C(=C3)OCC4=CC(=CC=C4)C#N)CN5CC[C@H](C5)O)Cl,8
C[C@@H]1C(=O)N(C2=C(N1C3CC3)C=C(C=C2)N[C@@H](C)C4=C(C=C(C=C4)C)C)C,7.346787486
COC1=CC2=C(C=C1)C(=CC(=N2)C3=CC=CC=C3)C(=O)NC4=CC=C(C=C4)F,4
C[C@](C1=CC2=C(C(=C1)F)[C@@](N(C2=O)CC3=C(C=C(C=C3)Cl)S(=O)(=O)C)(C4=CC=C(C=C4)Cl)OCC5(CC5)C(=O)N)(C6=CN(N=C6)C)O,7.920818754
CCC(=O)N1CC[C@@H](C1)N2C3=NC(=NC=C3CN(C2=O)C4=C(C=CC(=C4)OC)F)NC5=CC(=C(C=C5)N6CCC7(C6)CCN(C7)C)C,8.167491087
CC1=CC(=CC=C1)C2=CC(=O)C3=C(N2)N=CC(=C3)C,5.823908741
CCC1=CC2=C(C=C1)N(C(=C(C2=O)C(=O)NC3=CC(=C(C=C3)OC4=CC(=NC=C4)C(=O)N)F)C)C,5.358823453
CCCN1C(=O)C2=CC=CC=C2N3C1=NN(C3=S)CN(C)C4CC4,5.787812396
C1=CC=C2C(=C1)N=C(S2)C3=CC=C(C=C3)NC(=O)CNC4=CC=C(C=C4)Cl,8.045757491
CC(=O)NCCCN1C(=O)C2=C(C=CC(=C2)F)N3C1=NNC3=S,5.605548319
C1C[C@H](N(C1)S(=O)(=O)C2=CC(=CC(=C2)C(F)(F)F)C(F)(F)F)C(=O)N[C@@H](CNC(=O)NCC3=CC=CC=C3)C(=O)O,7.408935393
CN1CCC(CC1)OC2=CC=C(C=C2)C3=NNC4=C3C=C(C=C4)C(=O)NC(C5CCCC5)C6=CC=CC=N6,8.397940009
C[C@H]1[C@H]([C@H](C[C@@H](O1)O[C@H]2C[C@@](CC3=C2C(=C4C(=C3O)C(=O)C5=C(C4=O)C(=CC=C5)OC)O)(C(=O)CO)O)N)O,8.017728767
CC1=CC(=CC(=C1OCCCCCC(=O)NO)C)C2=NC3=C(C(=CC(=C3)OC)OC)C(=O)N2,6.536107011
C1CCC(C1)C[C@H](CC(=O)NO)C(=O)N2CC3(CC3)C[C@H]2C4=NC(=NO4)C5=C(C=C(C=C5)C(F)(F)F)Cl,8.189095719
C1CCC(CC1)NC(=O)[C@H]2CCCN(C2)C3=NC(=NC(=C3)C4=CC5=C(C=C4)C(=NN5)N)N,7.199970641
CN1C=CC2=C1C=CC(=C2)C3=NC[C@H](O3)C4=CC(=C(C(=C4)OC)OC)OC,6.337242168
CC1=C(C=C(C=C1)C(=O)NC2=CC=CC=C2)C#CC3=CN4C(=CC=N4)N=C3,7.410050399
COC1=CC2=C(C=C1)NC(=C2CC3=CC(=C(C(=C3)OC)OC)OC)C4=CC=CC=C4,7
COC1=CC(=CC(=C1OC)OC)C2CN=C(O2)C3=CC4=C(C=C3)N=CC=C4,5.494850022
C1OC2=C(O1)C=C(C=C2)CNC3=NC(=NC4=CC=CC=C43)C5=CC=CC=C5C(F)(F)F,5.075720714
CC(=O)C1=CC2=C(C=CN=C2C=C1OC)OC3=CC4=C(C=C3)C(=CC=C4)C(=O)NC5CC5,9.430041182
COC1=C(C=CC(=C1)NC(=O)NC2=CC=CC(=C2)CNC(=O)O[C@H]3CCOC3)C4=CN=CO4,6.30980392
CN1C=C(C2=CC=CC=C21)C3=NC(=NC=C3)NC4=C(C=C(C(=C4)NC(=O)C=C)N(C)CCN(C)C)OC,6
CC(=O)O.C1CCN(CC1)CC(=O)NC2=CC3=C(C=C2)C(=O)C4=C(C3=O)C=CC(=C4)NC(=O)CN5CCCCC5,5.782516056
CC1=CC(=CC=C1)NC2=NC=NC3=C2C=C(C=C3)NC(=S)NCC4=CC=CC=C4,7.434152181
CN1C2=C(C(=CN=C2)C3=CC=C(C=C3)NC(=O)NC4=CC(=CC=C4)Cl)C(=N1)N,8.055517328
C1CN(C[C@@H]1N)C2=C(C=C3C4=C2OC5=C(N4C=C(C3=O)C(=O)O)C6=CC=CC=C6C=C5)F,6.167491087
C[C@@H]1CC[C@@H](CN1C2=NC(=NC(=C2)C3=CC4=C(C=C3)C(=NN4)N)N)NC(=O)OC(C)(C)C,6.199998172
CC(C)C1=C(C(=C2C(=C1)CC[C@@H]3[C@@]2(CCCC3(C)C)C(=O)NC(=O)N)O)O,5.508638306
COC1=CC(=CC(=C1OC)OC)C2CN=C(O2)C3=CC4=C(C=C3)C=CN4,6.48148606
COC1=CC=CC(=C1)C2=CC(=O)C3=C(N2)C=CC(=C3)N4CCCC4,6.359995853
C1COCCC12N=C(N=C(N2OCCCOC3=CC(=C(C=C3Cl)Cl)Cl)N)N.Br,5.560667306
CC1=CC(=CC=C1)NC(=O)NC2=CC=C(C=C2)C3=C4C(=C(C=C3)CN5CCOCC5)NN=C4N,6.346787486
CC(C)(C)OC(=O)CC[C@@H](C(=O)NCCCN1C(=O)C2=C(C=CC(=C2)F)N3C1=NNC3=S)N,5.632644079
CCC(C)NC(=O)CCN1C(=O)C2=CC=CC=C2N3C1=NNC3=S,5.490797478
C[C@@H]1CC[C@@H](CN1C2=NC(=NC(=C2)C3=CC4=C(C=C3)C(=NN4)N)NC)C(=O)NC5CCCCC5,8.599980365
CC(=O)N1CCN(CC1)CCOC2=C3C4=CC=CC=C4SC3=C(C=C2)C5=CC=CC6=C5OC(=CC6=O)N7CCOCC7,8.698970004
CC1=C(C=CC=C1C2=CC=CC=C2)COC3=C(C=C(C(=C3)OCC4=CC(=CC=C4)C#N)CN5CC[C@@H](C5)O)Cl,8
C1=CC=C(C=C1)S(=O)(=O)C2=CC=C(C=C2)NC(=O)NCC3=CN=CC=C3,8.397940009
CC(C)NCC(=O)CN1CCN(CC1)CC(=O)NC2=C3C4=CC=CC=C4SC3=C(C=C2)C5=CC=CC6=C5OC(=CC6=O)N7CCOCC7,8.22184875
CC(C)OC1=CC=CC(=C1)N2C=CC(=C2)C(=O)C3=CC(=C(C(=C3)OC)OC)OC,6.602059991
CN1C=C(C2=C1C=C(C=C2)NC3=NC=C(O3)C4=CC=C(C=C4)CNC(=O)C5=CC=CC=C5)C#N,7
C1=CC=C(C=C1)CNC(=O)[C@H](CCCCCC(=O)NO)NC(=O)C2=CC=C(C=C2)C(F)(F)F,6.180456064
C1COCCN1C2=NC(=NC(=C2)C3=CN=C(C=C3C(F)(F)F)N)N4C[C@H]5C[C@@H]4CO5,7.22184875
C1CC1C(C2=CC=CC=C2)NC(=O)C3=CC4=C(C=C3)NN=C4C5=CC(=CC=C5)S(=O)(=O)N,7.795880017
C[C@H](C1=CC=C(C=C1)N2CCNC2=O)C(=O)NC3=NNC(=C3)C4CC4,6.341988603
CC1=C(C(=NO1)C)C2=CC3=C(C=C2)N(C(=O)N(C3C4=CC=CC=C4)CC(=O)NCCCCCCC(=O)NC5=CC=CC6=C5CN(C6=O)C7CCC(=O)NC7=O)C,7.093664958
CC1=NN=C(O1)[C@]23CCCC([C@@H]2CCC4=CC(=C(C(=C34)O)O)C(C)C)(C)C,5.657577319
CN1CCN(CC1)C2=CC(=C(C=C2)NC3=NC=C4CN(C(=O)N(C4=N3)C5=CC=CC(=C5)N)C)OC,5.310691141
C1=CC=C(C(=C1)NC2=C3C=CN=CC3=C4C=CC=C(C4=N2)C(=O)N)Cl,8.096910013
CN(C)CCNC(=O)C1=C2C(=CC=C1)N=C3C=CC4=C(C3=N2)C=CC=C4F,7.107905397
CC(=O)O[C@@H]1C[C@]2([C@@H](CC[C@@H]2O)C3=C1[C@]4([C@H](OC(=O)/C(=C/N5CCN(CC5)CCN6CCOCC6)/C4=C(C3=O)O)COC)C)C,7.107905397
C1=CC(=CC(=C1)NC(=O)CCCCCCC(=O)NO)C2=CN(N=N2)C3=CC=C(C=C3)C(F)(F)F,8.060480747
COC1=C(C=C(C=C1)/C=C(/C(=O)C2=CC(=C(C(=C2)OC)OC)OC)\OC)F,8.431798276
CC1=CC=C(C=C1)C2=CC(=O)C3=C(N2)N=CC(=C3)C,5.620000528
CC1=C2C(=C(C=C1)Cl)C=C3C=CC=C(C3=N2)C(=O)NCCCN(C)CCCNC(=O)C4=CC=CC5=CC6=C(C=CC(=C6N=C54)C)Cl,7.698970004
CC1=C(N=NN1C2=CC=C(C=C2)C(=O)O)/C(=N/NC3=NC(=CS3)C4=CC=C(C=C4)Cl)/C,7.15490196
CC1(CC(CCO1)(CCNC2=CC(=CC=C2)[N+](=O)[O-])C3=CC=CC=C3)C,7.585026652
COC1=CC(=CC(=C1OC)OC)/C=C/C(=O)C2=CC=CC=C2,5.795880017
CC(=O)O[C@@H]1C[C@]2([C@@H](CC[C@@H]2O)C3=C1[C@]4([C@H](OC(=O)/C(=C/N5CCC(CC5)C(=O)O)/C4=C(C3=O)O)COC)C)C,7.48148606
C[C@@H](C(=O)NC(CC1=CC=C(C=C1)N=C(N)N)P(=O)(OC2=CC=CC=C2)OC3=CC=CC=C3)NC(=O)[C@@H](CO)NS(=O)(=O)C4=CC=C(C=C4)Br,8.180456064
CN(C)CC(CNC(=O)C1=C2C(=CC=C1)N=C3C=CC4=C(C3=N2)C=CC=C4OC)N(C)C,6.318758763
CN1CCN(CC1)C2=CC(=C(C=C2)NC3=NC=C4CN(C(=O)N(C4=N3)C5=CC=CC(=C5)NC(=O)C=C)C6=CC7=CC=CC=C7C=C6)OC,8.22184875
CN1CCN(CC1)CCCNC2=NC3=NC(=C(C=C3C=N2)C4=C(C=CC=C4Cl)Cl)NC(=O)NCC5=CC=CC=C5,7.207608311
C1C[C@H](N(C1)S(=O)(=O)C2=CC=CC=C2)C(=O)N[C@@H](CNC(=O)NC3=CC=CC=C3)C(=O)O,6.528708289
C1CCN2C(=C(C3=C2C(=NC=N3)N4CCN(CC4)CCC5=CC=CC=C5[N+](=O)[O-])C#N)C1,5.84924356
C1COCCN1CC(=O)NCCCN2C(=O)C3=C(C=CC(=C3)F)N4C2=NNC4=S,5.42365865
C1=CC=C2C(=C1)C(=NC(=N2)C3=CC=CC=C3Br)NCC4=CC=C(C=C4)C5=CN=CC=C5,5.795880017
CCOC1=CC=C(C=C1)CCCN2CC=C(C2=O)CCC(=O)NO,6.37675071
CC1=C(C=NC=C1)C2=CC3=CN=C(N=C3C=C2)NC4=CC=C(C=C4)C(=O)NCCOC,7.638272164
CC1=C(OC2=C1C=C(C=C2)O)C(=O)C3=CC(=C(C(=C3)OC)OC)OC,6.619788758
CN(CCCNC(=O)C1=CC=CC2=CC3=C(C=C(C=C3)C(F)(F)F)N=C21)CCCNC(=O)C4=CC=CC5=CC6=C(C=C(C=C6)C(F)(F)F)N=C54,6.449771647
COC1=CC(=CC(=C1OC)OC)C2=NNC3=C2C=C(C=C3)C4=CC=C(C=C4)C#N,5.684869683
COC1=CC2=C(C=CN=C2C=C1OC)OC3=CC4=C(C=C3)C(=CC=C4)C(=O)NC5=CC=C(C=C5)Cl,9.309981219
CC1=CN2C(=NC(=C2CC(=O)NC3=CC4=C(C=C3)C=CS4(=O)=O)C5=CC=C(C=C5)Cl)C=C1,5.698970004
C1=CC(=CC(=C1)Br)NC2=NC=NC3=C2C=C(C=C3)NC(=S)NC4=CC=C(C=C4)Cl,7.709965389
CC(C)N1C=NC2=C(N=CN=C21)NCC3=CC=C(C=C3)OC,5.420216403
COC1=CC=CC=C1CNC(=O)NC[C@@H](C(=O)O)NC(=O)[C@@H]2CCCN2S(=O)(=O)C3=CC=CC=C3,6.330683119
CN1C2=NC(=NC=C2C=C(C1=O)C3=C(C=CC=C3Cl)Cl)NCC4=CN=CC=C4,5.501689446
CC(=O)O[C@@H]1C[C@]2([C@@H](CC[C@@H]2O)C3=C1[C@]4([C@H](OC(=O)/C(=C/N(CCC#N)CC5=CC=CC=C5)/C4=C(C3=O)O)COC)C)C,6.35261703
CS(=O)(=O)N1CCN(CC1)C2=NC(=CC(=N2)N3CCOCC3)C4=CN=C(C=C4C(F)(F)F)N,7.638272164
CC(=O)C1=CC2=C(C=CN=C2C=C1OC)OC3=CC4=C(C=C3)C(=CC=C4)C(=O)N,8.920095532
CN1C2=NC(=NC=C2C=C(C1=O)C3=C(C=CC=C3Cl)Cl)NC4=CC=CC=C4,6.585026652
COC(=O)C1=C2C(=CN1)C(C3=C(N2)CCCC3=O)C4=CC=C(O4)SC5=NC6=CC=CC=C6N5,8.698970004
COC1=CC(=C(C=C1)OC)COC2=C(C=CC(=C2)NC(=O)C3=CC4=C(C=C3)OCO4)NS(=O)(=O)C,7.452840879
C1=CC=C(C=C1)CCN2C(=O)C3=C(N=CC=C3)N4C2=NNC4=S,5.122053048
CC1=C(C=C(C=C1)C(=O)NC2=CC(=CC(=C2)CN3CCN(CC3)C)OC)C#CC4=CN5C(=CC=N5)N=C4,7.876148359
CC1=CC(=CC=C1)CN(CCN(CC2=CN=CN2C)C3=CC=C(C=C3)C#N)S(=O)(=O)C4=CN(C=N4)C,7.26760624
C[C@H]1COCCN1C2=NC(=NC(=C2)C3=CC4=C(C=C3)C(=NN4)N)N,5.899998417
CC1=CC(=CC=C1)NC(=O)NC2=CC=C(C=C2)C3=C4C(=C(C=C3)OCCOC)NN=C4N,7.468521083
C1CCN(CC1)CC2=CC=C(C=C2)C3=NC4=C5N3CCNC(=O)C5=CN=C4,7.537602002
CC(=O)N[C@H]1CCC2=CC(=C(C(=C2C3=CC=C(C(=O)C=C13)SC)OC)O)OC,5.820000358
CS(=O)(=O)C1=CC=C(C=C1)C2=CC=CN3C2=NC(=N3)NC4=CC=CC=C4,6.41453927
CC1=CSC(=N1)NC(=O)[C@@H]2CC3(CC3)CN2C(=O)[C@H](CC4CCCC4)CC(=O)NO,8.524328812
CCN(CC)C1=CC=C(C=C1)N/C=C/C2=NC3=C(C=C(C=C3Br)Br)C(=O)N2,6.200659451
CC(=O)O.C1COCCN1CCC(=O)NC2=CC3=C(C=C2)C(=O)C4=C(C3=O)C=CC(=C4)NC(=O)CCN5CCOCC5,5.318758763
C1C[C@H](N(C1)S(=O)(=O)C2=CC(=CC(=C2)Cl)Cl)C(=O)N[C@@H](CNC(=O)NCC3=CC=CC=C3)C(=O)O,7.769551079
CN1C=CN=C1C2C(NC3=CC=CC4=C3C2=NNC4=O)C5=NC=CN5C,7.610833916
CC1=CC(=C(C=C1)NCCC2(CCOC(C2)(C)C)C3=CC=CC=C3)F,6.522878745
COC1=CC(=CC(=C1OC)OC)SC2=C(NC3=C2C=CC=C3Cl)C4=CC=CC=C4,7.301029996
COC1=CC2=C(C=C1)C(=C(N2)C3=CC=CC=C3)SC4=CC(=C(C(=C4)OC)OC)OC,8.886056648
C1CCN(CC1)CCOC2=C3C4=CC=CC=C4SC3=C(C=C2)C5=CC=CC6=C5OC(=CC6=O)N7CCOCC7,7.698970004
C[C@]12CC[C@H]3[C@@]4(CCC5=C([C@H]4CC[C@@]3(C1)CC2=O)[C@@H](OC5=O)CN(C)C)C,4.853871964
C1=CC2=C(C=C1F)C(=O)N(C3=NNC(=S)N23)CCCO,5.841637508
CC1=C2C=CC3=NC4=CC=CC(=C4N=C3C2=CC=C1)C(=O)NCCN(C)C,7.008773924
CN(C)C/C=C/C(=O)NC1=C(C=C2C(=C1)C(=NC=N2)NC3=CC(=C(C=C3)F)Cl)OCCCOC,7.442613118
CCCCCCCCNC(=O)NC1=C(C=C2C=NC(=NC2=N1)NCCCN3CCN(CC3)C)C4=C(C=CC=C4Cl)Cl,6.37675071
CCCN1C(=C(C(=O)C2=C1C=CC(=C2)C)C(=O)NC3=CC(=C(C=C3)OC4=NC=NC5=C4C(=CN5)C6=CC=CC=C6)F)C,6.27572413
CCN1/C(=C/C2=[N+](C=CS2)CC3=CC=CC=C3)/S/C(=C/4\N(C5=C(S4)C=C(C=C5)C(F)(F)F)C)/C1=O.[Cl-],6.443697499
C1CCC(C1)SC2=NN=C(N2C3=CN=CC=C3)COC4=CC(=C(C=C4)Cl)Cl,7.045757491
C1=CC=C(C=C1)S(=O)(=O)C2=CC=C(C=C2)NS(=O)(=O)NCC3=CN=CC=C3,5.744727495
CC(C)C[C@@H](C1=CC=CC=N1)NC(=O)C2=CC3=C(C=C2)NN=C3C4=CC=C(C=C4)N5[C@@H]6CC(C[C@@H]5COC6)O,8.397940009
CN1C=NC=C1CN(CCN(CC2=CC=CC=C2)S(=O)(=O)C3CC3)C4=CC=C(C=C4)C#N,7.070581074
CC1=CN=C(N=C1NCC2=CC=C(C=C2)C3=CN=C(C=C3)F)C4=CC=CC=C4C(C)C,7.096910013
COC1=CC2=C(C=CN=C2C=C1OC)OC3=CC4=C(C=C3)C(=CC=C4)C(=O)NC5=C(C=C(C=C5)Cl)Cl,8.7000571
CC1=CN=C(N=C1NCC2=CC=C(C=C2)C3=CN=CC=C3)C4=CC=CC=C4C(C)O,5.698970004
C1CCC(CC1)OC2=NN=C(N2C3=CC=CC=C3)COC4=CC=CC=C4,5.707743929
C1CCC(C1)C(=O)NCCCN2C(=O)C3=C(C=CC(=C3)F)N4C2=NNC4=S,5.832682665
CC[C@H](CO)NC1=NC(=C2C(=N1)N(C=N2)C(C)C)NCC3=CC=CC=C3,4.928486195
CCOC(=O)C1=C2C(=CN1)C(C3=C(N2)CCCC3=O)C4=CC(=CC=C4)SC5=NC6=CC=CC=C6N5,7.15490196
CC1=C(NC2=C1C(=NC=N2)NC3=CC=CC=C3)C,5.721246399
C1=CC(=CC(=C1)Cl)NC2=NC3=C(C=C(C=C3)C(=O)O)C4=C2C=CN=C4,6.53165267
COCCN1CCN(CC1)CC(=O)NC2=C3C4=CC=CC=C4SC3=C(C=C2)C5=CC=CC6=C5OC(=CC6=O)N7CCOCC7,8.22184875
CN(C)CCNCC1=CC=C(C=C1)NC2=NC=C3C=C(C=CC3=N2)C4=CC=NC=C4,6.522878745
CCN1CCN(CC1)CC(=O)NC2=C3C4=CC=CC=C4SC3=C(C=C2)C5=CC=CC6=C5OC(=CC6=O)N7CCOCC7,8.301029996
C[C@@H](C(=O)N[C@@H](CC1=CC=C(C=C1)OC)C(=O)N[C@@H](CC(C)C)C(=O)C(=O)NC2=CC=CC=C2)NC(=O)C3=CC=CC(=N3)C4=CC=CC=C4,6.507239611
COCCNC(=O)C1=CC=C(C=C1)NC2=NC=C3C=C(C=CC3=N2)C4=CC=NC=C4,7.113509275
CC1=C(SC=N1)C2=CC=C(C=C2)[C@H](C)NC(=O)[C@@H]3C[C@H](CN3C(=O)[C@H](C(C)(C)C)NC(=O)CCCCCC(=O)N4CCN(CC4)CC[C@H](CSC5=CC=CC=C5)NC6=C(C=C(C=C6)S(=O)(=O)NC(=O)C7=CC=C(C=C7)N8CCN(CC8)CC9=C(CCC(C9)(C)C)C1=CC=C(C=C1)Cl)S(=O)(=O)C(F)(F)F)O,7.112945622
CCC1(C2=C(COC1=O)C(=O)N3CC4=C(C3=C2)N=C5C=CC(=CC5=C4)OCC(=O)ONC6=CN(C(=C6)C(=O)NC7=CN(C(=C7)C(=O)NCCCN(C)C)COC)COC)O,6.178486472
CC1=C(N=CC=C1)N2C(=C(C=N2)C(=O)NC3=NC4=CC=CC=C4C=C3)C,8.657577319
CC1(CCC(=C(C1)CN2CCN(CC2)C3=CC=C(C=C3)C(=O)NS(=O)(=O)C4=CC(=C(C=C4)N[C@H](CCN5CCN(CC5)CCCCCNC6=CC=CC7=C6C(=O)N(C7=O)[C@@H]8CCC(=O)NC8=O)CSC9=CC=CC=C9)S(=O)(=O)C(F)(F)F)C1=CC=C(C=C1)Cl)C,7
C1=CC=C(C(=C1)C2=NC3=CC=CC=C3C(=N2)NCC4=CC=C(C=C4)C5=CN=CC=C5)C(F)F,5.853871964
CN1CCN(CC1)C2=CC3=C(C=CC=C3NS(=O)(=O)C4=CC=CC(=C4)[N+](=O)[O-])N=C2,5.463441557
C[C@H](C1=CC=C(C=C1)NC2=NC=C3C=C(C=CC3=N2)C4=CC=NC=C4)NC(=O)[C@H]5CCCNC5,6.591760035
COC1=CC2=C(C=C1)C(=CC(=N2)C3=CC=CC=C3)C(=O)NCC4=CC=C(C=C4)C5CCCCC5,4
CCN(CC)CCOC1=C2C3=CC=CC=C3SC2=C(C=C1)C4=CC=CC5=C4OC(=CC5=O)N6CCOCC6,7.657577319
CC1=NC2=C(C=C1)C(=O)C=C(N2)C3=CC=C(S3)Br,5.820000358
CCCCNS(=O)(=O)C1=CC=C(C=C1)NC(=O)NCC2=CN=CC=C2,8.045757491
CC(C1=CC=C(C=C1)N2CCC(C2=O)C(=O)N)C(=O)NC3=NNC(=C3)C4CC4,7.698970004
CC(C)(C)N1C=C2C(=N1)C(=O)CC3(O2)CCN(CC3)C(=O)C4=CC(=NC5=CC=CC=C54)C6=CC=C(C=C6)Cl,8.215382707
C1CCC(CC1)C(=O)NC2=CC=C(C=C2)C3=C4C(=CC=C3)NN=C4N,7.886056648
C[C@@H](C1=CC=C(C=C1)Cl)N2C(=O)C3=C([C@@]2(C4=CC=C(C=C4)Cl)OCC5(CC5)CO)C=CC(=C3)[C@@](C)(COC)O,7.48148606
CCC(C1=NC2=C(C(=O)N1CC3=CC=CC=N3)SC=C2)N(CCCN)C(=O)C4=CC=C(C=C4)C,5.455931956
COC1=CC(=CC(=C1OC)OC)C(=O)/C=C/C2=CC3=C(C=C2)OCO3,6.522878745
CC1=CC=C(C=C1)N2C=C(N=N2)CN3C(=O)C[C@@H]4CC[C@]3(C4(C)C)C,6.568636236
C1=CC(=CC(=C1)Cl)NC(=O)NC2=CC=C(C=C2)C3=CN=CC4=C3C(=NN4)N,8.508638306
COC1=CC(=CC(=C1OC)OC)C2CN=C(O2)C3=CNC4=CC=CC=C43,7.086186148
C[C@H](CN(C)C)NC(=O)C1=C2C(=CC=C1)N=C3C=CC4=C(C3=N2)C=CC=C4OC,7.537602002
COC1=CC(=CC(=C1OC)OC)SC2=C(NC3=C2C=CC(=C3)Cl)C4=CC=CC=C4,7.698970004
CC[C@@H]1C(=O)N(C2=CN=C(N=C2N1C3CCCC3)NC4=C(C=C(C=C4)C(=O)NC5CCCC5)C)C,8.240332155
C1COCCN1C(=O)CCC(=O)OCCCCCCSC2=CC=C(C3=NON=C23)[N+](=O)[O-],5.272458743
C1CC1C2=CC(=NN2)NC(=O)C(=O)C3=CC=CC=C3,5.585026652
CCC/C=C/C=C/C1=C(C=CC(=C1)C#N)COC(C2=CC=C(C=C2)C#N)C3=CN=CN3C,8.886056648
COC1=C(C(=C2C(=C1)CC[C@@H](C3=CC(=O)C(=CC=C32)SC)NC(=O)C4=CC=C(C=C4)C#N)OC)OC,5.720000164
C[C@@](C1CCOCC1)(C2=CC3=C(C(=C2)F)[C@@](N(C3=O)CC4=C(C=C(C=C4)Cl)S(=O)(=O)C)(C5=CC=C(C=C5)Cl)OCC6(CC6)C(=O)N)O,9.30980392
C#CC1=CC(=CC=C1)NC2=C3C=CN=CC3=C4C=CC=C(C4=N2)C5=NC=NN5,8
CC(=CC[C@H](C1=CC(=O)C2=C(C=CC(=C2C1=O)O)O)OC(=O)/C=C\C(=O)C3=CC=C(C=C3)Cl)C,7.488116639
CC(C)C1=C2C(=NN1)C(=NC=N2)NCC3=CC=CO3,5.602059991
CC1=C(SC2=C1C(=N[C@H](C3=NN=C(N32)C)CC(=O)NC4=CC=C(C=C4)O)C5=CC=C(C=C5)Cl)C,7.46470588
COC1=CC=C(C=C1)C2=CC=C(C=C2)NC(=O)C3=CC(=NC4=C3C=CC(=C4)OC)C5=CC=CC=C5,4.677780705
CCCC1=CC=C(C=C1)OCC(=O)N(CC(=O)NC2=NC3=C(S2)C=C(C=C3)OC)C(C)C,5.954285941
CCCCCC1=CC=C(C=C1)OCC(=O)N(CC(=O)NC2=CN=NC=C2)C(C)C,7.193820026
CC1=C(C(=O)O[C@H](C1)[C@@H](C)C2=C[C@@H]([C@@]3([C@@]2(CC[C@H]4[C@H]3C[C@@H]5[C@]6([C@@]4(C(=O)C=CC6=O)C)O5)C)O)OC(=O)C)C,5.455931956
CCN(CC)C1CN(C1)C(=O)C2=CC(=CC=C2)NC3=NC4=NC5=C(CCCCC(=O)NC6=CC=CC(=C6)N4)C=NN53,6.522878745
C[C@@H]1CN(C[C@@H](O1)C)C2=NC(=NC(=C2)C3=CN=C(C=C3C(F)(F)F)N)N4CCOCC4,6.649751982
CCC1=C(C=C(N1)C2=CC=NC=C2)C(=O)N,6.316952962
CCN1CCN(CC1)CC2=CC(=C(C=C2)O)C(=O)/C=C/C3=C(C(=CC=C3)C4=CC=CC=C4)C,4.835647144
C/C(=C\C1=CC=C(C=C1)N(C)C)/C(=O)C2=C(C=CC(=C2)OC)OC,7.920818754
CC(C)(C)OC(=O)NCCOCCOCCOCCOCCC(=O)NCCCN1C(=O)C2=C(C=CC(=C2)F)N3C1=NNC3=S,5.492144128
CCCCC1=CC=C(C=C1)C2=NOC(=N2)[C@@H]3CC4(CC4)CN3C(=O)[C@H](CC5CCCC5)CC(=O)NO,8.372634143
CN(C)C/C=C/C(=O)N1CCC(CC1)N2C3=NC(=NC=C3CN(C2=O)C4=C(C(=CC(=C4Cl)OC)OC)Cl)NC5=CC=CC=C5,8.974694135
C[C@]12CC[C@H]3[C@@]4(CCC5=C([C@H]4CC[C@@]3(C1)CC2=O)C(=C)OC5=O)C,5.113509275
COC1=CC=CC(=C1)NC(=O)NC2=CC=C(C=C2)OC3=NC=NC4=CC(=C5C(=C43)OCCO5)OC,8.397940009
CC1=C(C=CC=C1C2=CC=NC=C2)COC3=C(C=C(C(=C3)OCC4=CC(=CC=C4)C#N)CN[C@@H](CO)C(=O)O)Cl,7
COC1=CC=CC(=C1)NCCC2(CCOCC2)C3=CC=CC=C3,6.109578981
C1COCCN1CCC(=O)NC2=C3C4=CC=CC=C4SC3=C(C=C2)C5=CC=CC6=C5OC(=CC6=O)N7CCOCC7,7.387216143
C1=CC=C(C=C1)/C=C/C(=O)C2=CC=CC=C2,5.420216403
CC(=O)O[C@@H]1C[C@]2([C@@H](CC[C@@H]2O)C3=C1[C@]4([C@H](OC(=O)/C(=C/N(CCN(C)C)CC5=CC=CC=C5)/C4=C(C3=O)O)COC)C)C,7.180456064
C1=CN=CC=C1C2=CC(=C(N2)CN)C(=O)N,5.318758763
C1=CC(=CC=C1COC2=CC=C(C=C2)N3C4=C(C=CC(=C4)C#N)C=C5C3=NC(=O)NC5=O)Br,5.886056648
CN1C2=NC(=NC=C2C=C(C1=O)C3=C(C=CC=C3Cl)Cl)NCCO,5.779891912
CN1C=C(C=C1C(=O)NC2=CN(C(=C2)C(=O)NC3=CN(C(=C3)C(=O)NCCC(=N)N)C)C)NC=O,5.075720714
CCNN1C(=O)C2=C3C4=C(C(=CC=C4)O)NC3=C5C(=C2C1=O)C6=C(N5C7C(C(C(C(O7)CO)O)O)O)C(=CC=C6)O,7.229147988
C1=CC=C2C(=C1)N=C(S2)C3=CC=C(C=C3)NC(=O)CNC4=CC=C(C=C4)O,4.886056648
C1CN(CCN1C2=NC(=NC(=N2)C3=CC(=C(C=C3)F)N)N4CCOCC4)C(=O)C5=C(C=CC(=C5)CC6=NNC(=O)C7=CC=CC=C76)F,8.960189446
CC1=C(C=CC=C1C2=CC3=C(C=C2)OCCO3)COC4=C(C=C(C(=C4)OCC5=CC(=CC=C5)C#N)CN6CC[C@@H](C6)C(=O)O)Cl,8.102372909
C1CCN2C(=C(C3=C2C(=NC=N3)N4CCN(CC4)CCC5=CC=C(C=C5)Cl)C#N)C1,6.399027104
CN1CC2=CN=C(N=C2N(C1=O)C3=CC=CC(=C3)NC(=O)C=C)NC4=CC=CC=C4,7.356547324
COC1=C(C=CC(=C1)C2=C3C4=CC(=C(C=C4C=CN3C5=C2C6=CC(=C(C=C6OC5=O)O[C@H]7[C@@H]([C@@H]([C@H](O7)CO)O)O)OC)O)OC)O,5.937042166
CN(CCCNC(=O)C1=C2C(=CC=C1)N=C3C=CC(=CC3=N2)Cl)CCCNC(=O)C4=C5C(=CC=C4)N=C6C=CC(=CC6=N5)Cl,7.013228266
CNC(=O)C1=CC=CC2=C3C=NC=CC3=C(N=C21)NC4=CC=CC=C4F,8.397940009
C[C@]12CC[C@H](C1(C)C)CC(=O)N2CC3=CN(N=N3)C4=CC=CC(=C4)C#N,6.585026652
COC1=CC=C(C=C1)NC(=O)CCC(=O)OCCCCCCSC2=CC=C(C3=NON=C23)[N+](=O)[O-],5.798602876
CC1=C(C(=O)C2=C(N1C)C=CC(=C2)OC(F)(F)F)C(=O)NC3=CC(=C(C=C3)OC4=NC=NC5=C4C(=CN5)C6=CC=CC=C6)F,7.13076828
CN1CCN(CC1)C2=CC(=C(C=C2)NC3=NC=C4CN(C(=O)N(C4=N3)C5=CC=CC(=C5)NC(=O)C=C)C)F,5.300162274
CN1CCN(CC1)C2=CC=CC(=C2)NC3=NN4C=CC=C(C4=N3)C5=CC=C(C=C5)P(=O)(C)C,6.49757288
C1CSCCC12N=C(N=C(N2OCCCOC3=C(C=C(C=C3)Cl)Cl)N)N.Cl,9
CC1(CCC(=C(C1)CN2CCN(CC2)C3=CC=C(C=C3)C(=O)NS(=O)(=O)C4=CC(=C(C=C4)N[C@H](CCN(C)C(=O)CCCN5C=C(N=N5)COCCOCCOCCNC6=CC=CC7=C6C(=O)N(C7=O)[C@@H]8CCC(=O)NC8=O)CSC9=CC=CC=C9)S(=O)(=O)C(F)(F)F)C1=CC=C(C=C1)Cl)C,6.11407366
CC[C@@H]1C(=O)N(C2=CN=C(N=C2N1C3CCCC3)NC4=C(C=C(C=C4)C(=O)NC5CC5)OCCO)C,7.518414064
CC1(CC(CC(O1)(C)C)(CCNC2=CC=CC=C2)C3=CC=CC=C3)C,7.823908741
CCCCC/C(=N\S(=O)(=O)CC1=CC=C(C=C1)F)/NC2=CC(=C(C=C2)OC3=C4C(=NC=C3)C=CS4)F,7.543330371
C1CCC(C1)SC2=NN=C(N2C3=CN=CC=C3)COC4=CC=C(C=C4)C#N,6.215382707
CCN=C(N)NC1=C(C=C2C=NC(=NC2=N1)NCCCN(CC)CC)C3=C(C=CC=C3Cl)Cl,5.568636236
C1=CC=C(C=C1)N2C(=C(C=N2)C(=O)NC3=NC4=CC=CC=C4C=C3)Cl,7.537602002
CCOC1=NC2=CC=CC=C2C(=C1)C(=O)N3CCC4(CC3)CC(=O)C5=NN(C=C5O4)C(C)(C)C,7
C1=CC(=CC=C1CC(=O)NCCCN2C(=O)C3=C(C=CC(=C3)F)N4C2=NNC4=S)F,5.869666232
CC1=C(C=CC(=C1)OCC2=NN=C(N2C3=CN=CC=C3)SC4CCCC4)C5=CC=C(C=C5)C(=O)C,7.27572413
CCC1=CC=CC=C1N2C(=C(C=N2)C(=O)NC3=NC4=CC=CC=C4C=C3)C,8.920818754
C1CCC2=C(C1)C(=O)NC(=N2)N3CCC4(CC3)C5=C(C=C(C=C5F)F)NC4=O,8.124938737
COC1=CC2=C(C=C1)C=C(O2)C(=O)C3=CC(=C(C(=C3)OC)OC)OC,7.229147988
COC1=CC2=NC(=C(N2C=C1)CC(=O)NC3=CC4=C(C=C3)C=CS4(=O)=O)C5=CC=C(C=C5)[N+](=O)[O-],5.356547324
C1=CC=C(C=C1)C2=C(C=C(N2CCCN)C3=NC(=NC=C3)N)C(=O)N,6.100726813
CC1=CC=C(C=C1)C2=CC(=O)C3=C(N2)N=C(C=C3C)C,5
CC(C1=CC=C(C=C1)N2CCN(C2=O)CC3=CC=CC=C3)C(=O)NC4=NNC(=C4)C5CC5,5.838631998
CCC1=CC2=C(C=C1)N(C(=C(C2=O)C(=O)NC3=C(C=C(C=C3)OC4=NC=NC5=C4C(=CN5)C6=CC=CC=C6)F)C)C,7.522878745
CCNC(=O)CC1C2=C(C3=C(C=C(C=C3)OC)C(=N1)C4=CC=C(C=C4)Cl)N(C(=O)S2)C,6.13076828
CN(CCCNC(=O)C1=C2C(=CC=C1)N=C3C=C(C=CC3=N2)OC)CCCNC(=O)C4=C5C(=CC=C4)N=C6C=C(C=CC6=N5)OC,6.22184875
C1=CC=C(C=C1)C2=C(N3C=C(C=CC3=N2)Br)CC(=O)NC4=CC5=C(C=C4)C=CS5(=O)=O,5.698970004
CN1C=C(C2=CC=CC=C21)C3=C(C=C(N3)C4=NC(=NC=C4)N)C(=O)N,7.167491087
CN1C=C(C2=C1C=C(C=C2)NC3=NC=C(O3)C4=CC=CC(=C4)CNC(=O)C5=CC=CC6=CC=CC=C65)C#N,5.602059991
C1=CC=C(C=C1)C(=O)NCCCN2C(=O)C3=C(C=CC(=C3)F)N4C2=NNC4=S,5.795880017
CC[C@@H]1C(=O)N(C2=CN=C(N=C2N1C3CCCC3)NC4=C(C=C(C(=C4)F)C(=O)NC5CCN(CC5)C)OCCO)C,8.446116973
COC1=CC=C(C=C1)OCCCON2C(=NC(=NC23CCOCC3)N)N.Br,5.823908741
CC1=CC=C(C=C1)OCCCON2C(=NC(=NC23CCOCC3)N)N.Br,5.621602099
C1=CC=C(C=C1)C(=O)NN2C(=O)C3=C4C5=C(C(=CC=C5)O)NC4=C6C(=C3C2=O)C7=C(N6C8C(C(C(C(O8)CO)O)O)O)C(=CC=C7)O,7.318758763
COCC/C(=N\S(=O)(=O)CC1=CC=C(C=C1)F)/NC2=CC(=C(C=C2)OC3=C4C=C(C(=CC4=NC=C3)OC)OC)F,8.040005162
CN1CCN(CC1)CCCNC2=NC3=NC(=C(C=C3C=N2)C4=C(C=CC=C4Cl)Cl)NS(=O)(=O)C5=CC=CC=C5,7.167491087
C[C@@H]1C(=O)N(C2=C(N1C3CCCC3)C=C(C=C2)C4=NN=C(N4C5=CC=C(C=C5)C)C)C,8.283996656
COC1=CC=CC(=C1)/C=C/2\CCC=CC2=O,5.974694135
CN1C(=NC=N1)[C@@H]2[C@H](NC3=CC=CC4=C3C2=NNC4=O)C5=CC=C(C=C5)F,8.835647144
C[N+](C)(C)CCC(=O)NC1=C2C(=C(C=C1)NC(=O)CC[N+](C)(C)C)C(=O)C3=CC=CC=C3C2=O.[I-].[I-],5.66756154
COC1=CC=C(C=C1)C(=O)NC2=CC(=C(C=C2)NS(=O)(=O)C)OCC3=C(C=CC(=C3)OC)OC,7.872895202
CC(C)(C)C1=CC=C(C=C1)OCCCON2C(=NC(=NC23CCOCC3)N)N.Br,5.793174124
C1COCCN1C2=NC(=NC3=C2N=CN3CC4=CC=C(C=C4)C(=O)NC5=CC=CC=C5N)Cl,5.571865206
C1=CC(=CC(=C1)Br)NC2=NC=NC3=C2C=C(C=C3)NC(=S)NC4=CC=C(C=C4)S(=O)(=O)NC5=NC=CS5,7.657577319
CCC/C(=C\C1=CC(=C(C=C1)OC)O)/C(=O)C2=CC(=C(C(=C2)OC)OC)OC,8.657577319
CCOC1=C(C=CC(=C1)C(=C)C2=CC(=C(C=C2)OC)O)OC,7.443697499
COC1=CC(=CC(=C1OC)OC)C(=O)C2=CN(C=C2)C3=CC=CC(=C3)N=C(N)N.Cl,7.698970004
CCOC1=C(C=CC(=C1)C(=CC#N)C2=CC(=C(C=C2)OC)O)OC,7.823908741
CCC(=O)N1CC[C@@H](C1)N2C3=NC(=NC=C3CN(C2=O)C4=C(C=CC(=C4)OC)F)NC5=CC(=C(C=C5)N6C[C@H]7CN(C[C@H]7C6)C)C,8.15490196
CCN1/C(=C/C2=[N+](C=CS2)CC3=CC=C(C=C3)F)/S/C(=C/4\N(C5=C(S4)C=C(C=C5)Cl)C)/C1=O.[Cl-],5.958607315
CC(=O)C1=CC2=C(C=C1)C(N(C2=O)CC3=C(C=C(C=C3)Cl)Br)(C4=CC=C(C=C4)Cl)O,8.721246399
COC1=CC(=CC(=C1OC)OC)C(=O)/C=C/C2=CC=C(C=C2)F,5.823908741
CC1=CC=CC=C1NC(=O)N2CCOC3=C2C=CC(=C3)OC4=C5C=C(C(=CC5=NC=C4)OC)OC,9
CC1=C(N=NN1C2=CC=C(C=C2)F)C(=O)C,6.638272164
CC1=C(C(=O)O[C@H](C1)[C@@H](C)C2=C[C@@H]([C@@]3([C@@]2(CC[C@H]4[C@H]3C[C@@H]5[C@]6([C@@]4(C(=O)C=C[C@@H]6OC(=O)OC)C)O5)C)O)OC(=O)C)C,5.747146969
CCN1/C(=C/C2=[N+](C=CS2)CC3=CC=CC=C3OC)/S/C(=C/4\N(C5=C(S4)C=C(C=C5)OC)C)/C1=O.[Cl-],7.207608311
CN(C)CCN1C(=O)C2=C(C=CC(=C2)F)N3C1=NNC3=S,5.610833916
CN(C)C1=CC2=C(C=C1)C=C3C=CC=C(C3=N2)C(=O)NCCCN(C)CCCNC(=O)C4=CC=CC5=CC6=C(C=C(C=C6)N(C)C)N=C54,6.647817482
C[C@@H](C(=O)N[C@@H](CC1=CC=C(C=C1)OC)C(=O)N[C@@H](CC(C)C)C(=O)C(=O)NC2=CC=CC=C2)NC(=O)C3=CC=C(O3)C4=CC=C(C=C4)C(=O)C,7.294992041
CC(=O)O[C@@H]1C[C@]2([C@@H](CC[C@@H]2O)C3=C1[C@]4([C@H](OC(=O)/C(=C/N5CCN(CC5)CCCN(C)C)/C4=C(C3=O)O)COC)C)C,7.420216403
C1CCC(C1)(CC2=CC=CC=C2)NC(=O)[C@H](CCCCCC(=O)NO)NC(=O)C3=CC4=CC=CC=C4N3,6.045757491
CN(C)CC1=CC=C(C=C1)C2C(NC3=CC=CC4=C3C2=NNC4=O)C5=CC=CC=C5,8.232844134
CCCC1=CC=C(C=C1)OCC(=O)N(CC(=O)NC2=CN=CC=C2)C(C)C,5.774174009
C1=CC(=CN=C1)/C=C/C(=O)NCC2=CC=C(C=C2)C(=O)NC3=C(C=CC(=C3)F)N,5.172630727
COC1=CC=CC=C1N2CCN(CC2)C3=NC4=C(CCCC4)C(=O)N3,7.71219827
COC1=CC(=CC(=C1OC)OC)C(=O)C2=C(NC3=C2C=CC=C3Cl)C4=CC=CC=C4,8.045757491
CS(=O)(=O)N1CCN(CC1)CC2=CN3C(=C2)C(=NC(=N3)C4=CN=C(C=C4C(F)(F)F)NC(=O)OC5=CC=CC=C5)N6CCOCC6,7.35261703
CC1=CC(=CC=C1)NC(=O)NC2=CC=C(C=C2)C3=C4C(=CC=C3)N(N=C4N)CCO,6.568636236
CC1=C(C=CC(=C1)NC(=O)NC2=CC=C(C=C2)C3=CC=NC4=NNC(=C34)N)F,8.920818754
C1COCCN1C(=S)NC2=CC3=C(C=C2)N=CN=C3NC4=CC(=CC=C4)Br,7.57024772
CC1=CN=C(N=C1NCC2CCN(CC2)C3=CN=CC=C3)C4=CC=CC=C4C(C)C,7.096910013
CN1C=CC2=C1C=CC(=C2)C3=NC[C@@H](O3)C4=CC(=C(C(=C4)OC)OC)OC,8.207608311
C1=CC2=C(C=C1F)C(=O)N(C3=NNC(=S)N23)CCC4=CC=NC=C4,6.050609993
C1=CC=C(C=C1)NC2=C3C(=NN2)N=CN=C3NC4=CC=CC=C4,5.075720714
C1=CC=C(C=C1)C2=C(C=C(S2)C3=NC(=NC=C3)N)C(=O)N,6.387216143
CC1=C(SC=N1)C2=CC=C(C=C2)[C@H](C)NC(=O)[C@@H]3C[C@H](CN3C(=O)[C@H](C(C)(C)C)NC(=O)CCCC(=O)N4CCN(CC4)CC[C@H](CSC5=CC=CC=C5)NC6=C(C=C(C=C6)S(=O)(=O)NC(=O)C7=CC=C(C=C7)N8CCN(CC8)CC9=C(CCC(C9)(C)C)C1=CC=C(C=C1)Cl)S(=O)(=O)C(F)(F)F)O,5.698970004
CN1CCN(CC1)C2=CC3=C(C=C(C=C3NS(=O)(=O)C4=CC=CC(=C4)[N+](=O)[O-])C(F)(F)F)N=C2,7.004364805
C1CCN2C(=C(C3=C2C(=NC=N3)N4CCN(CC4)CCC5=CC(=C(C=C5)F)F)C#N)C1,6.640164518
C1=CC2=C(C(=C1)NC(=O)[C@H](CCCCCC(=O)NO)NC(=O)C3=CC=C(C=C3)C(F)(F)F)N=CC=C2,6.588380294
CC1=C(SC=N1)C2=CC=C(C=C2)[C@H](C)NC(=O)[C@@H]3C[C@H](CN3C(=O)[C@H](C(C)(C)C)NC(=O)CCCCN(C)CC[C@H](CSC4=CC=CC=C4)NC5=C(C=C(C=C5)S(=O)(=O)NC(=O)C6=CC=C(C=C6)N7CCN(CC7)CC8=C(CCC(C8)(C)C)C9=CC=C(C=C9)Cl)S(=O)(=O)C(F)(F)F)O,5.905528871
COC1=CC(=CC(=C1OC)OC)C(=O)C2=C(NC3=C2C=C(C=C3)F)C4=CC=CC=C4,6.619788758
CCOC(=O)C1=C2C(=CN1)C(C3=C(N2)CCCC3=O)C4=CC=C(O4)SC5=NC6=C(C(=C(C=C6N5)F)F)F,7.657577319
COC1=CC(=CC(=C1OC)OC)/C=C/C(=O)C2=CC3=C(C=C2)OCCO3,5.251811973
CCCCN1C=NC2=C(N=C(N=C21)NCOCC3=CC=C(C=C3)C(=O)NC4=CC=CC=C4N)NC5=CC=CC=C5,5.348721986
COC1=C2C=C(C=N1)C3=NC4=C(C=NN4C=C3)C5=CN=CC(=C5)CNC(=O)C6=CC(=CC=C6)S(=O)(=O)N2,8.301029996
CC(C)(C)N1C=C2C(=N1)C(=O)CC3(O2)CCN(CC3)C(=O)C4=CC(=NC5=CC=CC=C54)N6CCNCC6,7.698970004
CS(=O)(=O)NN1C(=O)C2=C3C4=C(C(=CC=C4)O)NC3=C5C(=C2C1=O)C6=C(N5C7C(C(C(C(O7)CO)O)O)O)C(=CC=C6)O,6.568636236
C[C@@H](C(=O)N[C@@H](CC1=CC=C(C=C1)OC)C(=O)N[C@@H](CC2=CC=CC=C2)C(=O)C(=O)NC3=CC=CC=C3)NC(=O)CN4CCOCC4,6.438183336
CN(C)C1=CC2=C(C=C1)NC(=CC2=O)C3=CC(=CC=C3)OC,6.41999931
CCNC1=NC=CC(=N1)C2=CC3=C(C=C2)C(=NN3)N,5.100000128
CCC(=O)N1CC[C@@H](C1)N2C3=NC(=NC=C3CN(C2=O)C4=C(C=CC(=C4)OC)F)NC5=C(C=C(C=C5)N6CCN(CC6)C)C,7.694648631
CC1=C(C=CC=C1C2=CC=CC=C2)COC3=C(C=C(C(=C3)OCC4=CC(=CC=C4)C#N)CN5CC[C@H](C5)C(=O)O)Cl,8
CC1=CC2=NC3=CC=CC=C3N=C2C(=C1)C(=O)NCCCN(C)CCCNC(=O)C4=CC(=CC5=NC6=CC=CC=C6N=C45)C,6.326058001
C[C@](C1=CC2=C(C=C1)[C@@](N(C2=O)CC3=CC=C(C=C3)Cl)(C4=CC=C(C=C4)Cl)OCC5(CC5)CO)(C(=O)NC)O,8.387216143
CC1=C(C=CC=C1C2=CC=CC=C2)COC3=CC4=C(C=C3)C=C(C=C4)CNC(C)(C)C(=O)O,5
C1CCN(CC1)S(=O)(=O)C2=CC=C(C=C2)NC(=O)NCC3=CC=CC=C3,6.327902142
CNC1=CC(=NC=N1)OC2=CC3=C(C=C2)C(=CC=C3)C(=O)NC4=CC=C(C=C4)Cl,7.7000571
CC1=C(SC(=N1)NC)C2=NC(=NC=C2)NC3=CC(=C(C(=C3)OC)OC)OC,7.619788758
CCCN1C(=O)C2=C(C(=CC=C2)F)N3C1=NNC3=S,5.68613278
CC1=C2C(=O)C=C(NC2=NC=C1)C3=CC=CC4=CC=CC=C43,6.031517051
COC1=C2C=C(C=N1)C3=CC4=C(C=CN=C4C=C3)C5=C(C=CC(=C5)CNC(=O)C6=CC(=CC=C6)S(=O)(=O)N2)F,7.872895202
C1CN(CCC1C(=O)N)S(=O)(=O)C2=CC=C(C=C2)NC(=O)NCC3=CN=CC=C3,7.920818754
COC1=CC=CC(=C1OC)/C=C/2\CCC=CC2=O,6.214670165
CC(C)C1=C(C(=C2C(=C1)CC[C@@H]3[C@@]2(CCCC3(C)C)C(=O)NCC4=CN=CC=C4)O)O,5.568636236
C1=CC=C(C=C1)S(=O)(=O)C2=CC=C(C=C2)NC(=O)OCC3=CN=CC=C3,7.795880017
CC1=C(C(=NO1)C)C2=CC3=C(C=C2)N(C=C3CCC4=CC=CC=C4)CCCCCC(=O)NO,6.536107011
C1CCC(CC1)C2=CC=C(C=C2)CNC(=O)C3=CC(=NC4=C3C=CC(=C4)O)C5=CC=CC=C5,4.301029996
C[N+]1(CCCCC1)CCC(=O)NC2=CC3=C(C=C2)C(=O)C4=C(C3=O)C=CC(=C4)NC(=O)CC[N+]5(CCCCC5)C.[I-].[I-],6
CC(C)(C)NC(=O)NC1=C(C=C2C=NC(=NC2=N1)NCCCCN3CCN(CC3)C)C4=C(C=CC=C4Cl)Cl,7.455931956
C1OC2=C(O1)C=C3C(=C2)C(=O)C=C(N3)C4=CC(=CC=C4)F,6.279997898
CC1=C(C=CC=C1C2=CC=CC=C2)COC3=NC(=C(C=C3)CNCCNC(=O)C)OC,7.21395879
C1=CC(=CC=C1CC(=O)NCCCN2C(=O)C3=C(C=CC(=C3)F)N4C2=NNC4=S)O,5.935542011
CC1=CC=C(C=C1)NC2=C3C(=NC(=N2)Cl)N(C=N3)CC4=CC=C(C=C4)C(=O)NC5=CC=CC=C5N,6.327902142
C1COCCN1C2=CC(=O)C3=C(O2)C(=CC=C3)C4=C5C(=C(C=C4)OCC(=O)NCC6=CC=NC=C6)C7=CC=CC=C7S5,8
CC1=C(SC=N1)C2=CC=C(C=C2)[C@H](C)NC(=O)[C@@H]3C[C@H](CN3C(=O)[C@H](C(C)(C)C)NC(=O)CC(=O)N4CCN(CC4)CC[C@H](CSC5=CC=CC=C5)NC6=C(C=C(C=C6)S(=O)(=O)NC(=O)C7=CC=C(C=C7)N8CCN(CC8)CC9=C(CCC(C9)(C)C)C1=CC=C(C=C1)Cl)S(=O)(=O)C(F)(F)F)O,5.698970004
CCCC(=O)NC1=CN(C(=C1)C(=O)NC2=CN(C(=C2)C(=O)NCCOC3=CC4=CC5=C(C6=CC7=C(COC(=O)C7(CC)O)C(=O)N6C5)N=C4C=C3)COC)COC,5.488116639
C[C@H](C1=CC=C(C=C1)NC2=NC=C3C=C(C=C(C3=N2)OC)C4=CC=NC=C4)NC(=O)C,7.244125144
CC1=C(SC=N1)C2=CC=C(C=C2)[C@H](C)NC(=O)[C@@H]3C[C@H](CN3C(=O)[C@H](C(C)(C)C)NC(=O)CCCCCN4CCN(CC4)CC[C@H](CSC5=CC=CC=C5)NC6=C(C=C(C=C6)S(=O)(=O)NC(=O)C7=CC=C(C=C7)N8CCN(CC8)CC9=C(CCC(C9)(C)C)C1=CC=C(C=C1)Cl)S(=O)(=O)C(F)(F)F)O,7.086186148
CC(C)C[C@@H](C(=O)C(=O)NC1=CC=CC(=C1)C(=O)C)NC(=O)[C@H](CC2=CNC3=CC=CC=C32)NC(=O)[C@H](CC(C)C)NC(=O)OCC4=CC=CC=C4,7.530177984
CCC(C1=NC2=C(C(=O)N1CC3=CC=CC=C3)SC=C2)N(CC4CNCCO4)C(=O)C5=CC=C(C=C5)C,6.508638306
C1CCN(C1)CC2=CC=C(C=C2)C3C(C4=NNC(=O)C5=C4C(=CC=C5)N3)C6=CC=C(C=C6)F,8.694648631
COC1=CC=C(C=C1)CC(=O)NCCCN2C(=O)C3=C(C=CC(=C3)F)N4C2=NNC4=S,5.974694135
CCCCN1C(=O)C2=CC=CC=C2N3C1=NNC3=S,5.987162775
COC1=C(C=C(C=C1)C(=C)C2=CC(=CC(=C2)OC)OC)N,7.886056648
C1=CC=C(C(=C1)N)NC(=O)C2=CC=C(C=C2)CN3C=NC4=C(N=C(N=C43)Cl)NC5=CC=C(C=C5)C6=CC=CC=N6,4.73189027
CC(=CCC[C@@](C)(CC=O)/C=C/[C@H]([C@@](C)(/C=C/C(=O)/C=C/N(C)C)O)OC(=O)C=C(C)C)C,5.328827157
CC(C)CCN1C(=O)C2=C(C=C(C=C2)C(=O)NC3CCCC3)N4C1=NNC4=S,4.954285941
CN1CCC(CC1)(C2=CC=C(C=C2)C3=NNC4=C3C=CC(=C4)[C@@H]5C[C@]56C7=C(C=CC(=C7)OC)NC6=O)F,8.823908741
C1CCC2=C(C1)C(=O)NC(=N2)N3CCC4(CC3)C5=C(C=CC=C5F)N(C4=O)CCO,8.086186148
CC(=O)O[C@@H]1C[C@]2([C@@H](CC[C@@H]2O)C3=C1[C@]4([C@H](OC(=O)/C(=C/N5CCC(=O)CC5)/C4=C(C3=O)O)COC)C)C,7.22184875
C[C@@H](C(=O)NC(CC1=CC=C(C=C1)N=C(N)N)P(=O)(OC2=CC=CC=C2)OC3=CC=CC=C3)NC(=O)[C@@H](CO)NC(=O)OCC4=CC=CC=C4,8.366531544
CC(=CCC[C@]\1(C/C=C(\C(=O)/C=C/[C@@]([C@@H](/C=C1)OC(=O)C)(C)O)/CO)C)C,5.296708622
CC1=C(C(=O)O[C@H](C1)[C@@H](C)C2=C[C@@H]([C@@]3([C@@]2(CC[C@H]4[C@H]3C[C@@H]5[C@]6([C@@]4(C(=O)C=C[C@@H]6OC(=O)/C=C/C7=CC=CO7)C)O5)C)O)OC(=O)C)C,6.346787486
CC1=C(C=C(C=C1)NCCC2(CCOC(C2)(C)C)C3=CC=CC=C3)OC,7.045757491
COC1=C2C=C(C=N1)C3=NC4=C(C=CN=C4C=C3)C5=CC=CC(=C5)CNC(=O)C6=CC(=CC=C6)S(=O)(=O)N2,7.069050969
C1CCN2C(=C(C3=C2C(=NC=N3)N4CCN(CC4)CCC5=CC(=C(C=C5)F)F)C(=O)NCC6=CC=CC=N6)C1,7.214670165
CC1=C(SC=N1)C2=CC=C(C=C2)[C@H](C)NC(=O)[C@@H]3C[C@H](CN3C(=O)[C@H](C(C)(C)C)NC(=O)COCCOCC(=O)N4CCN(CC4)CC[C@H](CSC5=CC=CC=C5)NC6=C(C=C(C=C6)S(=O)(=O)NC(=O)C7=CC=C(C=C7)N8CCN(CC8)CC9=C(CCC(C9)(C)C)C1=CC=C(C=C1)Cl)S(=O)(=O)C(F)(F)F)O,6.290730039
CC(C)(C1=CC2=C(C=C1)[C@@](N(C2=O)CC3=CC=C(C=C3)Cl)(C4=CC=C(C=C4)Cl)OCC5(CC5)COC)O,7.420216403
C1=CC=C(C=C1)NC(=O)NC2=CC=CC(=C2)NC(=O)C3=CC=CC=N3,6.123205024
C1CCC(C1)C[C@H](CC(=O)NO)C(=O)N2CC3(CC3)C[C@H]2C(=O)NC4=CC=C(C=C4)Br,8.213248578
CC(C)N(C/C/1=C/C[C@](/C=C/[C@H]([C@](/C=C/C1=O)(C)O)OC(=O)C=C(C)C)(C)CCC=C(C)C)C(C)C,6.13076828
C1C2=C(C(C3=C(N2)NN=C3)C4=CC(=CC=C4)OC5=CC(=CC(=C5)Cl)Cl)C(=O)CN1,6.522878745
CC(C)OC1=C(C=CC(=C1)N2C=CC(=C2)C(=O)C3=CC(=C(C(=C3)OC)OC)OC)OC,5.769551079
CN1C(=NC=N1)C2C(NC3=CC(=CC4=C3C2=NNC4=O)F)C5=CC=C(C=C5)C#N,8.408935393
CC1=NC2=C(C=C1)C(=O)C=C(N2)C3=CC=C(S3)Cl,5.770000934
COC1=CC(=CC(=C1OC)OC)/C=C/C(=O)C2=CC(=C(C=C2)O)OC,5.455931956
CC1=C(C=CC=C1C2=CC=NC=C2)COC3=C(C=C(C(=C3)OCC4=CC(=CC=C4)C#N)CN[C@H]([C@H](C)O)C(=O)O)Cl,7
C1=CC(=CC(=C1)Cl)NC2=NC=NC3=NNC(=C32)NC4=CC=C(C=C4)O,5.974694135
CC[C@@H]1C(=O)N(C2=CN=C(N=C2N1C3CCCC3)NC4=C(C=C(C=C4)C(=O)N)OCCO)C,7.683610249
CC(=O)C1=CC2=C(C=CN=C2C=C1OC)OC3=CC4=C(C=C3)C(=CC=C4)C(=O)NC5=CC=C(C=C5)Cl,9.7000571
CN1CCN(CC1)CCCNC2=NC3=NC(=C(C=C3C=N2)C4=C(C=CC=C4Cl)Cl)NC(=S)NC5=CC=CC=C5,6.494850022
CC1=CN=C(N=C1NCC2=CC=C(C=C2)N3C=CN=C3)C4=CC=CC=C4C(C)C,6.522878745
CCC(C)N1C=NC2=C(N=C(N=C21)Cl)NCC3=CC=C(C=C3)C(=O)NC4=CC=CC=C4N,5.540607512
CC1=C(C=NN1C2=CC=CC=C2)C(=O)NC3=NC4=CC=CC=C4C=C3,8.657577319
C1CCC(C1)[C@@H](C2=CC=CC=N2)NC(=O)C3=CC4=C(C=C3)NN=C4C5=CC=C(C=C5)N6C7CCC6COC7,8.920818754
COC1=C(C(=C(C(=C1)/C=C/C2=NN=C(S2)NC(=O)C3=CC(=CC=C3)F)Br)OC)OC,7.096910013
CC1C(=O)N(C2=C(N1C3CC3)C=C(C=C2)N[C@@H](C)C4=CC=C(C=C4)OC)C,6.638272164
CN(C)C1=C(C=NN1C2=CC=CC=C2)C(=O)NC3=NC4=CC=CC=C4C=C3,8.22184875
CC1=C(SC(=N1)NC)C2=NC(=NC=C2)NC3=CC=C(C=C3)N4CCN(CC4)C(=O)C,6.655607726
CC[C@](C1=CC2=C(C(=C1)F)[C@@](N(C2=O)CC3=CC=C(C=C3)C#N)(C4=CC=C(C=C4)Cl)O[C@H]5CCOC5)(C6=CN(C=N6)C)O,9.193820026
COC1=CC=C(C=C1)C(=CC#N)C2=CC(=CC(=C2)OC)OC,8.920818754
C1=CC=NC(=C1)CCN2C(=O)C3=C(C=CC(=C3)F)N4C2=NNC4=S,6.060480747
COC1=C(C=CC(=C1)C2=C3C4=CC(=C(C=C4C=CN3C5=C2C6=CC(=C(C=C6OC5=O)O)OC)O[C@H]7[C@@H]([C@H]([C@H]([C@H](O7)CO)O)O)O)OC)O,7.431798276
CCN1CCN(CC1)C2=CC3=C(C=C(C=C3NCC4=CC=C(C=C4)F)C(F)(F)F)N=C2,5
CN(C)C/C=C/C(=O)NC1=C(C=C2C(=C1)C(=NC=N2)NC3=CC(=C(C=C3)F)Cl)O[C@H]4CCOC4,7.017412209
CC[C@@]1(C2=C(COC1=O)C(=O)N3CC4=CC5=C(C=CC(=C5CN(C)C)O)N=C4C3=C2)O,7.201349355
CNC(=O)C1=CC=CC(=C1)C2=CSC3=CN=C(N=C32)NC4=CC=C(C=C4)CP(=O)(OC)OC,6.488785299
COC1=CC2=C(C(=C1)OC)C(=O)NC(=N2)C3=CC=C(C=C3)OCCCC(=O)NO,7.494850022
CCC(=O)NC1=CC(=CC=C1)N2C3=NC(=NC=C3CN(C2=O)C)NC4=C(C=C(C=C4)N5CCN(CC5)C)OC,5.168130226
C=CC1=C(NC(=C1C(=O)N)C2=CC=CC=C2)C3=NC(=NC=C3)N,5.940815382
CCCN1C(=O)C2=C(C=C(C=C2)C(=O)NC(C)C)N3C1=NNC3=S,5.521433504
C1=CC(=CC(=C1)O)N2C3=C(C=CC(=C3)C#N)C=C4C2=NC(=O)N(C4=O)C5=CC(=CC=C5)Cl,7.698970004
CC(=O)C1=CC=CC=C1C2=CSC3=CN=C(N=C32)NC4=CC=C(C=C4)CP(=O)(OC)OC,5.965371543
COC1=CC=CC=C1N2CCC(CC2)C3=NC4=C(CCCC4)C(=O)N3,5.192667961
CS(=O)(=O)N1CCN(CC1)C2=CC3=C(C=C(C=C3NCC4=CC(=CC=C4)[N+](=O)[O-])C(F)(F)F)N=C2,9.086186148
CN(CCOC)CC1=CC=C(C=C1)NC2=NC=C3C=C(C=CC3=N2)C4=CC=NC=C4,7.537602002
CN(C)C1=CC=C(C=C1)/C=C/C(=O)C2=C(C=CC(=C2)OC)OC,7.397940009
CCOC(=O)C1=C2C(=CN1)C(C3=C(N2)CCCC3=O)C4=CC=C(O4)SC5=NC6=C(C=CC=C6N5)N,7.22184875
CCC[N+](C)(CCC)CCC(=O)NC1=C2C(=C(C=C1)NC(=O)CC[N+](C)(CCC)CCC)C(=O)C3=CC=CC=C3C2=O.[I-].[I-],5.853871964
C1CCC(C1)SC2=NN=C(N2C3=CN=CC=C3)COC4=CC=C(C=C4)C5=CC=CC(=C5)C#N,5.855737226
CNC(=O)C1=CC=CC2=C3C=NC=CC3=C(N=C21)NC4=CC=CC=C4Cl,9
CC1=C(OC2=C1C=CC=C2OC)C(=O)C3=CC(=C(C(=C3)OC)OC)OC,6.397940009
CCC(=O)N1CC[C@@H](C1)N2C3=NC(=NC=C3CN(C2=O)C4=C(C(=CC=C4)OC)Cl)NC5=CC(=C(C=C5)N6CCN(CC6)C)C,8.356547324
CCN1/C(=C/C2=[N+](C=CS2)CC3=CC=CC=C3)/S/C(=C/4\N(C5=C(S4)C=C(C=C5)Cl)C)/C1=O.[Cl-],6.408935393
CN1CCN(CC1)C2=NC=C(C=C2)C3=NNC4=C3C=CC(=C4)[C@@H]5C[C@]56C7=C(C=CC(=C7)F)NC6=O,8.229147988
CC[C@@H]1COCCN1C2=NC(=NC(=C2)C3=CC4=C(C=C3)C(=NN4)N)N,7.500038134
C1=CN=C(N=C1C2=CC(=C(N2)C3=CSC=C3)C(=O)N)N,7.408935393
C[C@@H](C(=O)NC(=O)[C@]12CCCC([C@@H]1CCC3=CC(=C(C(=C23)O)O)C(C)C)(C)C)NC(=O)OC(C)(C)C,6.283996656
CC1=CC=C(C=C1)NC(=O)[C@@H]2CC3(CC3)CN2C(=O)[C@H](CC4CCCC4)CC(=O)NO,8.446116973
CC(C)(C)C1=CC(=NO1)NC(=O)C2=CC=CC3=C2C=CC(=C3)OC4=C5C=C(C(=CC5=NC=C4)OC)OC,9.100015437
C1CCC2=C(C1)C(=O)NC(=N2)N3CCC4(CC3)C5=CC=CC=C5C(=O)O4,7.677780705
CC(C1=CC=C(C=C1)N2CC(=O)NC2=O)C(=O)NC3=NNC(=C3)C4CC4,7.769551079
CC[C@@](C)(C1=CC2=C(C(=C1)F)[C@@](N(C2=O)[C@@H](CC(=O)O)C3=CC=C(C=C3)Cl)(C4=CC=C(C=C4)Cl)OCC5(COC5)F)O,8.721246399
CC1=CC=C(C=C1)OCC(=O)N(CC(=O)NC2=CN=NC=C2)C(C)C,6.317854924
CS(=O)(=O)NCCN1C(=O)C2=C(C=CC(=C2)F)N3C1=NNC3=S,5.557520231
CCO/C(=C\C1=CC(=C(C=C1)OC)O)/C(=O)C2=CC(=C(C(=C2)OC)OC)OC,8.585026652
COC1=CC=C(C=C1)C2=C3C(=NN2)N=CN=C3NC4=CC(=CC=C4)Cl,5.795880017
COC1=C2C=C(C=N1)C3=CC4=C(C5=CC=CC(=C5)CNC(=O)C6=CC(=CC=C6)S(=O)(=O)N2)N=CN=C4S3,8.537602002
CC1=CC(=CC=C1)CCCN2CC=C(C2=O)CCC(=O)NO,6.37675071
CC1=C(C=CC=C1C2=CC=CC=C2)/C=C/C(=O)C3=C(C=CC(=C3)CNCCNC(=O)C)O,5.27572413
COC1=C(C=C(C=C1)/C=C\C2=CC(=C(C(=C2)OC)OC)OC)O,8.522878745
CC1=C(C=CC=C1C2=CC=CC=C2)COC3=CC4=C(C=C3)C=C(C=C4)CNCCN,5
C1CN(CCN(C1)CC(=O)NC2=C3C4=CC=CC=C4SC3=C(C=C2)C5=CC=CC6=C5OC(=CC6=O)N7CCOCC7)CCO,7.522878745
CNC1=CC=CC(=C1)C2=CC(=O)C3=CC4=C(C=C3N2)OCO4,6.190002845
CC(=O)O[C@@H]1C[C@]2([C@@H](CC[C@@H]2O)C3=C1[C@]4([C@H](OC(=O)/C(=C/N(C)CC(=O)OC(C)(C)C)/C4=C(C3=O)O)COC)C)C,5.801342913
C1CCC2C(C1)C3=CC=CC=C3N2CC(=O)NC4=CC=C(C=C4)C5=NC6=CC=CC=C6S5,4
CC(=CCC[C@]\1(C/C=C(\C(=O)/C=C/[C@@]([C@@H](/C=C1)OC(=O)C=C(C)C)(C)O)/COC)C)C,5.512861625
CC1(C=CC2=C(C=CC(=C2O1)C(=O)/C=C/C3=CC=C(C=C3)OC)OC)C,5.821023053
CCC(C1=NC2=C(C(=O)N1CC3=CC=CC=C3)SC=C2)N(CCCN)C(=O)C4CC4,5.173925197
CC(C)C1=CC=CC=C1C2=NN3C=CC=C3C(=N2)NCC4=CC=C(C=C4)C5=CN=CC=C5,6.585026652
C1CCN(CC1)S(=O)(=O)C2=CC=C(C=C2)NC(=O)NCC3=CC=CC=C3F,7.585026652
CC1=CC(=CC=C1)CCN2CC=C(C2=O)CCC(=O)NO,6.37675071
CC(C)(C1=CC2=C(C=C1)[C@@](N(C2=O)CC3=CC=C(C=C3)Cl)(C4=CC=C(C=C4)Cl)O[C@@H]5CCOC5)O,7.585026652
CC(C)(C1=CC2=C(C(=C1)F)C(N(C2=O)CC3=CC=C(C=C3)C#C)(C4=CC=C(C=C4)Cl)OCC5(CC5)CO)O,8.107905397
CN1C=NC=C1C(C2=CC=C(C=C2)C#N)OCC3=C(C=C(C=C3)C#N)/C=C/C4=CC=CC=N4,8.795880017
C1C[C@H](N(C1)S(=O)(=O)C2=CC3=CC=CC=C3C=C2)C(=O)N[C@@H](CNC(=O)NCC4=CC=CC=C4)C(=O)O,7.301029996
C1C/C(=C\C2=CN=CC=C2)/C(=O)C=C1,5.978810701
CN1C=C(N=C1)S(=O)(=O)N(CCN(CC2=CN=CN2C)C3=CC(=C(C=C3)C#N)F)CC4CCN(CC4)C5=NC=CC=N5,6.638272164
CC[C@H](CC#N)OC(=O)NCC1=CC(=CC=C1)NC(=O)NC2=CC(=C(C=C2)C#N)OC,8.22184875
COC1=CC=CC=C1N2CCN(CC2)C3=NC4=C(CNCC4)C(=O)N3,5.155895769
C[N+](C)(C)CCC(=O)NC1=CC2=C(C=C1)C(=O)C3=C(C2=O)C=CC(=C3)NC(=O)CC[N+](C)(C)C.[I-].[I-],5.647817482
C1=CC=C(C=C1)C[C@@H](C(=O)N)NC(=O)CCCCCCC(=O)NO,6.075720714
CN1C=NC=C1C(C2=CC=C(C=C2)C#N)OCC3=C(C=C(C=C3)C#N)C#CCCCCO,8.769551079
C[C@@H]1C(=O)N(C2=C(N1C3CCCC3)C=C(C=C2)C4=NC(=NN4C5=C(C=C(C=C5)C)C)C(=O)N6CCN(CC6)C)C,8.346787486
CC(=O)C1=CC2=C(C=CN=C2C=C1OC)OC3=CC4=C(C=C3)C(=CC=C4)C(=O)NCCOC,7.659952682
C[C@](CO)(C1=CC2=C(C(=C1)F)[C@@](N(C2=O)CC3=C(C=C(C=C3)Cl)S(=O)(=O)C)(C4=CC=C(C=C4)Cl)OCC5(CC5)CO)O,8.522878745
C1=CC=C(C(=C1)C2=NC3=CC=CC=C3C(=N2)NCC4=CC=C(C=C4)C5=CC=C(C=C5)Cl)C(F)(F)F,5.443697499
CN(CCCNC(=O)C1=CC=CC2=C1N=C3C(=C2)C=CC=C3C4=CC=CC=C4)CCCNC(=O)C5=CC=CC6=C5N=C7C(=C6)C=CC=C7C8=CC=CC=C8,5.595166283
CN1CCC(CC1)OC2=CC=C(C=C2)C3=NNC4=C3C=C(C=C4)NC(=O)C(C5CCCC5)C6=CC=CC=N6,8
CC[C@@H]1C(=O)N(C2=CN=C(N=C2N1C3CCCC3)NC4=C(C=C(C=C4)C(=O)NC5CCCC5)OC)C,7.854803594
C1COCCN1C2=CC(=O)C3=C(O2)C(=CC=C3)C4=C5C(=C(C=C4)NC(=O)CCNCCN)C6=CC=CC=C6S5,7.657577319
CC(=O)O[C@@H]1C[C@]2([C@@H](CC[C@@H]2O)C3=C1[C@]4([C@H](OC(=O)/C(=C/N(CCCN(C)C)C(C)(C)C)/C4=C(C3=O)O)COC)C)C,8.017728767
C1CCN2C(=C(C3=C2C(=NC=N3)N4CCN(CC4)CCC5=CC(=CC=C5)[N+](=O)[O-])C#N)C1,6.387216143
C1=CC(=C2C(=C1NCCNCCO)C(=O)C3=C(C=CC(=C3C2=O)O)O)NCCNCCO,9.259637311
C1=CC=C(C(=C1)C2=NC3=CC=CC=C3C(=N2)NCC4=CC=C(C=C4)C#N)C(F)(F)F,5.244125144
CCN1/C(=C/C2=[N+](C=CS2)CC3=CC=C(O3)C(=O)OC)/S/C(=C/4\N(C5=C(S4)C=C(C=C5)Cl)C)/C1=O.[Cl-],6.013228266
CC1(C=CC2=C(C=CC(=C2O1)C(=O)/C=C/C3=CC(=C(C=C3)OC)N)OC)C,8.096910013
COC1=CC=C(C=C1)[C@@H]2[C@H](O2)C(=O)C3=CC(=C(C(=C3)OC)OC)OC,5.30980392
CC(=O)OC1=CC=CC2=C1C=CC3=NC4=CC=CC(=C4N=C23)C(=O)NCCN(C)C,7.173925197
CN1C2=NC(=NC=C2C=C(C1=O)C3=C(C=CC=C3Cl)Cl)NC4=CC=C(C=C4)OCCCN(C)C,7.48148606
CC(C)(C)OC(=O)N1CC(C1)CCN2C(=O)C3=C(C=CC(=C3)F)N4C2=NNC4=S,5.246416941
CC1=CC(=CC=C1)CC2=CN(C3=C2C=C(C=C3)C4=C(ON=C4C)C)CCCCCCC(=O)NO,6.536107011
CN(C1=C(C=C(C=C1)NC(=O)C2=CC=C(C=C2)I)OCC3=C(C=CC(=C3)Cl)Cl)S(=O)(=O)C,6.180456064
C1=CC2=C3C=NC=CC3=C(N=C2C(=C1)C4=NC=NN4)NCCO,7.259637311
C1=CC2=C(C=C1Cl)C(=O)N(C3=NNC(=S)N23)CCC(F)(F)F,5.669586227
CCOC1=CC2=C(C=C1)C(=C(O2)C(=O)C3=CC(=C(C(=C3)OC)OC)OC)C,8.920818754
CC1=C(N=NN1C2=CC=C(C=C2)S(=O)(=O)N)C3=NN(C=C3/C=N/O)C4=CC=CC=C4,7.397940009
CCCN1C(=O)C2=C(C(=CC=C2)F)N3C1=NN=C3SC,4.301029996
COC1=CC=C(C=C1)N/C=C/C2=NC3=C(C=C(C=C3Br)Br)C(=O)N2,4
C1CCC(C1)[C@H](C2=CC=CC=N2)NC(=O)C3=CC4=C(C=C3)NN=C4C5=CC=C(C=C5)N6[C@H]7CC[C@H]6CC(C7)O,8.387216143
CC1=C(C(=O)O[C@H](C1)[C@@H](C)C2=C[C@@H]([C@@]3([C@@]2(CC[C@H]4[C@H]3C[C@@H]5[C@]6([C@@]4(C(=O)CC([C@@H]6O)N(C)CC(=O)O)C)O5)C)O)OC(=O)C)C,4.698970004
C1CCC(C1)C[C@H](CC(=O)NO)C(=O)N2CC3(CC3)C[C@H]2C(=O)NC4=NC=C(C=C4)F,8.231361899
COC1=CC2=C(C=C1)C=C(O2)CC3=CC(=C(C(=C3)OC)OC)OC,6.113509275
C1=CC=C(C=C1)CNC(=S)NC2=CC3=C(C=C2)N=CN=C3NC4=CC(=CC=C4)O,7.196542884
C1=CC2=C(C=C1C#N)N(C3=NC(=O)NC(=O)C3=C2)C4=CC5=C(C=C4)OC(O5)(F)F,5.823908741
C1=CC=C(C=C1)NC(=O)CCC(=O)OCCCCCCSC2=CC=C(C3=NON=C23)[N+](=O)[O-],5.603800653
C1CSCCC12N=C(N=C(N2OCCCOC3=CC=CC=C3Cl)N)N.Cl,9
C1CCC(C1)SC2=NN=C(N2C3=CN=CC=C3)COC4=CC(=C(C=C4)Cl)F,7.148741651
C1=CC=C2C(=C1)C=C(N2)C(=O)N[C@@H](CCCCCC(=O)NO)C(=O)NC3=CC=CC4=C3N=CC=C4,7.677780705
CC(C)OC1=C2C(=C3C(=C1)N=CN=C3OC4=CC=C(C=C4)NC(=O)NC5=C(C=CC(=C5)C(F)(F)F)F)OCCO2,8.37675071
C[C@@](C1CCOCC1)(C2=CC3=C(C(=C2)F)[C@@](N(C3=O)CC4=C(C=C(C=C4)Cl)S(=O)(=O)C)(C5=CC=C(C=C5)Cl)OCC6(CC6)CO)O,8.795880017
CC1=C2C(=CC=C1)C=C3C(=CC=C(C3=N2)C(=O)NCCCN(C)CCCNC(=O)C4=CC=C(C5=CC6=CC=CC(=C6N=C45)C)C)C,8.408935393
CC[C@@](C1=CC=CC=N1)(C2=CC3=C(C(=C2)F)[C@@](N(C3=O)[C@@H](CC(=O)O)C4=CC=C(C=C4)Cl)(C5=CC=C(C=C5)Cl)OC)O,8.346787486
CN1C2=NC(=NC=C2C=C(C1=O)C3=C(C=CC=C3Cl)Cl)NC4=CC=CC=C4OC,7.180456064
CCC(C1=NC2=C(C(=O)N1CC3=CC=CC=C3)SC=C2)N(CCCN)C(=O)C4=CC=C(C=C4)C(=O)OC,5.22475374
COC1=C(C(=CC(=C1)C2=CN=CC3=CC(=NN32)C4=CC=CC=C4)[Se]C)OC,5.147215131
C1COCCN1C2=CC(=O)C3=C(O2)C(=CC=C3)C4=C5C(=C(C=C4)NC(=O)CCN(CCO)CCO)C6=CC=CC=C6S5,7.585026652
CC1=C(C=CC(=C1)NC2=NC=C3CN(C(=O)N(C3=N2)[C@H]4CCN(C4)C(=O)C5CCCC5)C6=CC=CC=C6Cl)N7CCN(CC7)C,7.54668166
CN(C1=CC=CC(=C1)C2=CSC3=CN=C(N=C32)NC4=CC=C(C=C4)CP(=O)(OC)OC)S(=O)(=O)C,6.194907122
CN1C=C(N=C1)S(=O)(=O)N(CC2=CC=CC=C2)[C@@H]3CC[C@H](C3)N(CC4=CN=CN4C)C5=CC=C(C=C5)C#N,6.420216403
CC1=CC(=CC=C1)N2C=C(N=N2)CN3C(=O)C[C@@H]4CC[C@]3(C4(C)C)C,6.619788758
CN(C1=CC(=C(C=C1)OC)OC(=O)CCCCCl)C2=CC(=O)OC3=CC=CC=C32,7.449771647
CC1=C(C(=O)C2=C(N1C)C=CC(=C2)C(=O)OC)C(=O)NC3=CC(=C(C=C3)OC4=NC=NC5=C4C(=CN5)C6=CC=CC=C6)F,5
COC1=CC(=CC(=C1OC)OC)C2C3=CC4=C(C(=C3OC(=C2C#N)N)O)OCO4,7.777283529
CC1=C(C=C(C=C1)C(=O)NC2=CC(=CC=C2)OC)C#CC3=CN4C(=CC=N4)N=C3,8.393618635
CN(C1=CC(=C(C=C1)OC)OC(=O)CBr)C2=CC(=O)OC3=CC=CC=C32,8.251811973
C1=CC=C(C=C1)C[C@@H](C(=O)NC2=CC=CC=C2)NC(=O)CCCCCCC(=O)NO,6.102372909
C1=CC(=CC=C1OCCCCCCN=C(NC#N)NC2=CC=NC=C2)Cl,8.698970004
CN1C2=C(C=C(C=C2)C3=CC4=C(C=C3)NN=C4C5=CC(=C(C(=C5)OC)OC)OC)C=N1,5.694004117
CCCN1C(=O)C2=CC=CC=C2N3C1=NN(C3=S)CN(CC)CC4CC4,5.777283529
C[C@H]1COCCN1C2=NC(=NN3C2=CC(=C3)CN4CCN(CC4)S(=O)(=O)C)C5=CN=C(C=C5C(F)(F)F)N,7.296708622
CC(C)(C)OC(=O)N1CCN(CC1)C(=S)SCC(=O)NC2=CC(=CC=C2)NC(=O)C3=CC=CC=N3,7.017728767
CC(C)OCCCN1C(=O)C2=C(C=CC(=C2)Cl)N3C1=NNC3=S,5.790484985
CC1(CC(CCO1)(CCNC2=CC=C(C=C2)C(C)(C)C)C3=CC=CC=C3)C,6.119186408
C1=C(C(=O)NC(=O)N1)F,5.671620397
CCN1CCCC1CNCC(=O)NC2=C3C4=CC=CC=C4SC3=C(C=C2)C5=CC=CC6=C5OC(=CC6=O)N7CCOCC7,7.522878745
CC(C)N1CCN(CC1)C2=NN(N=C2C(=O)C3=CC(=C(C(=C3)OC)OC)OC)C4=CC=CC=C4,5.571865206
CC1=C2C(=O)C=C(NC2=NC=C1)C3=CC4=CC=CC=C4C=C3,5.744727495
C1=CC(=CC(=C1)NC(=O)CCCCCCC(=O)NO)C2=CN(N=N2)C3=CC=C(C=C3)F,7.496209317
C1CN(CC2=C1C(=NC(=N2)C3=CN=C(C=C3)N)N4CCOCC4)C(=O)C5=C(C=CC(=C5)CC6=NNC(=O)C7=CC=CC=C76)F,8.100015437
COC1=C(C=C(C=C1)C(=CC#N)C2=CC(=CC(=C2)OC)OC)OC,7.744727495
CCCCC/C(=N\S(=O)(=O)CC1=CC=C(C=C1)F)/NC2=CC(=C(C=C2)OC3=NC=NC4=CC(=C(C=C43)OC)OC)F,7.293538262
CC1=C(C(=CC=C1)NC2=NC=NC3=C2C=C(C=C3)NC(=O)C=C)F,8.823908741
CC1=CC=CC=C1CN(CCN(CC2=CN=CN2C)C3=CC=C(C=C3)C#N)S(=O)(=O)C4=CN(C=N4)C,7.292429824
COC1=CC(=CC(=C1OC)OC)C2=NNC3=C2C=C(C=C3)C4=CC=CC(=C4)C#N,5.624336386
CN1C=C(C2=C1C=C(C=C2)NC3=NC=C(O3)C4=CC=CC=C4CNC(=O)OCCC#N)C#N,6.37675071
CN1CCN(CC1)CCCNC2=NC3=NC(=C(C=C3C=N2)C4=C(C=CC=C4Cl)Cl)NC(=O)NCC=C,7.455931956
CCOC(=O)C1=C2C(=CN1)C(C3=C(N2)CCCC3=O)C4=CC=C(O4)SC5=NC6=C(N5)C=CC=N6,7.508638306
C1C/C(=C\C2=CC=C(C=C2)C3=CC=CC=C3)/C(=O)C=C1,6.167491087
C1CN(CC2=C1C(=NC(=N2)C3=C4C=NNC4=CC=C3)N5CCOCC5)C(=O)C6=C(C=CC(=C6)CC7=NNC(=O)C8=CC=CC=C87)F,8.20999648
CC1C(=O)N(C2=C(N1C3CC3)C=C(C=C2)C4=NN=C(N4C5=CC=C(C=C5)C)C)C,8.244125144
CC(C)CNC(=O)CCN1C(=O)C2=CC=CC=C2N3C1=NNC3=S,5.534617149
C1=CC(=CC(=C1)NC(=O)NC2=CC=C(C=C2)C3=C4C(=CC=C3)NN=C4N)C(F)(F)F,8
CC1=C(C=CC=C1C2=CC=NC=C2)COC3=C(C=C(C(=C3)OCC4=CC(=CC=C4)C#N)CN5CCCC[C@@H]5C(=O)O)Cl,7
CC1=C(NC2=C1C(=NC=N2)NC3=CC(=CC=C3)Cl)C,7.568636236
CCN1/C(=C/C2=[N+](C=CS2)CC3=CC=CC=C3)/S/C(=C/4\N(C5=C(S4)C=CC(=C5)C)C)/C1=O.[Cl-],7.107905397
CC(=CCC[C@]\1(C/C=C(\C(=O)/C=C/[C@@]([C@@H](/C=C1)OC(=O)C=C(C)C)(C)O)/CN2CCN(CC2)C)C)C,6.075720714
CCC(C1=NC2=C(C(=O)N1CC3=CC=NC=C3)SC=C2)N(CCCN)C(=O)C4=CC=C(C=C4)C,5.274905479
CC1(CCC(=C(C1)CN2CCN(CC2)C3=CC=C(C=C3)C(=O)NS(=O)(=O)C4=CC(=C(C=C4)N[C@H](CCN5CCN(CC5)CCCCNC6=CC=CC7=C6C(=O)N(C7=O)[C@@H]8CCC(=O)NC8=O)CSC9=CC=CC=C9)S(=O)(=O)C(F)(F)F)C1=CC=C(C=C1)Cl)C,7.366531544
C1CCN(CC1)CCNCCC(=O)NC2=C3C4=CC=CC=C4SC3=C(C=C2)C5=CC=CC6=C5OC(=CC6=O)N7CCOCC7,7.48148606
CC1=C(C=CC=C1C2=CC3=C(C=C2)OCCO3)COC4=CC5=C(C=C4)C=C(C=C5)CNC(C)(C)C(=O)O,5
COCCNC(=O)C1=CC=C(C=C1)NC2=NC=C3C=C(C=CC3=N2)C4=C(C=NC=C4)Cl,6.432973634
CCOC1=C(C=CC(=C1)C(=CC#N)C2=CC=C(C=C2)NC)OC,7.259637311
CS(=O)(=O)C1=CC=CC(=C1)C2=CC=CN3C2=NC(=N3)NC4=CC=CC=C4,5.970210529
C1=CC(=CC(=C1)F)NC(=O)NC2=CC=C(C=C2)C3=C4C(=CC=C3)NN=C4N,7.602059991
CC1(CC(CCO1)(CCNC2=CC(=CC=C2)F)C3=CC=CC=C3)C,7.283996656
CC1=C(C=C(C=C1)C(=O)NC2=CC(=CC(=C2)CN3CCN(CC3)C)Cl)C#CC4=CN5C(=CC=N5)N=C4,7.855737226
C1=CC=C(C=C1)OC2=CC=C(C=C2)NC(=O)NCC3=CN=CC=C3,7.096910013
C1=CC(=C(C(=C1)Cl)C2=C(N=C3C(=C2)C=NC(=N3)N)N)Cl,5.522878745
CC1(CCC(=C(C1)CN2CCN(CC2)C3=CC=C(C=C3)C(=O)NS(=O)(=O)C4=CC(=C(C=C4)N[C@H](CCN(C)CCCCCCCN5C=C(N=N5)COCCOCCOCCNC6=CC=CC7=C6C(=O)N(C7=O)[C@@H]8CCC(=O)NC8=O)CSC9=CC=CC=C9)S(=O)(=O)C(F)(F)F)C1=CC=C(C=C1)Cl)C,7.455931956
CCC(C1=NC2=C(C(=O)N1CC3=CC=CC=C3)SC=C2)N(CCCN)C(=O)C4CCC(CC4)OC,5.045757491
C[C@]1\2CC[C@H]3[C@@]4(C=CC(=O)C(=C)[C@H]4CC[C@@]3(C1)C/C2=N\O)C,5.920818754
CC1=CC(=C(C=C1)C)N2C(=C(C=N2)C(=O)NC3=NC4=CC=CC=C4C=C3)C,7.853871964
CC1=C2C(=CC=C1)N=C3C=CC=C(C3=N2)C(=O)NCCCN(C)CCCNC(=O)C4=CC=CC5=NC6=CC=CC(=C6N=C54)C,7.823908741
C1CSCCC12N=C(N=C(N2OCCCOC3=CC(=CC=C3)Cl)N)N.Cl,9
CC(=O)N1CCN(CC1)C2=NN(N=C2C(=O)C3=CC(=C(C(=C3)OC)OC)OC)C4=CC=C(C=C4)Cl,6.391473966
C1CCC(C1)C[C@H](CC(=O)NO)C(=O)N2CC3(CC3)C[C@H]2C(=O)NC4=C(C=C(C=C4)F)C(F)(F)F,8.154281982
CC1=C(C(=O)O[C@H](C1)[C@@H](C)C2=C[C@@H]([C@@]3([C@@]2(CC[C@H]4[C@H]3C[C@@H]5[C@]6([C@@]4(C(=O)C=C[C@@H]6OC(=O)C(=C)C)C)O5)C)O)OC(=O)C)C,5.950781977
CN1C=C(C2=CC=CC=C21)C3=NC(=NC=C3)NC4=C(C=C(C=C4)C(=O)NCCCC(=O)NO)OC,6
C1=CC(=CC(=C1)Cl)CNC2=NNC3=C2C(=NC=N3)NC4=CC(=CC=C4)Cl,5.496209317
CN1CCN(CC1)C2=NC=C(C=C2)C3=C4C=C/C(=C\C5=C(NC6=CC=CC=C65)O)/C=C4N=N3,7.886056648
CC1=C(NC2=C1C(=NC=N2)NC3=CC=C(C=C3)F)C,6.251811973
C[C@@H]1C(=O)N(C2=C(N1C3CCCC3)C=C(C=C2)C4=NC(=NN4C5=CC=C(C=C5)C)C(=O)N6CCCN(CC6)C)C,8.337242168
C1COCCC1(CCNC2=CC(=CC=C2)F)C3=CC=CC=C3,5.488116639
CCOC(=O)C1=C2C(=CN1)C(C3=C(N2)CNCC3=O)C4=CC=C(O4)SC5=NC6=C(N5)C=CC=C6Cl,7.657577319
CCOC(=O)CC1C2=C(C3=C(C=C(C=C3)OC)C(O1)C4=CC=C(C=C4)Cl)N(C(=O)S2)C,6.318758763
COC1=CC(=CC(=C1OC)OC)C(=O)C2=CN(C=C2)C3=CC=CC=C3F,6
CN1C=C(N=C1)S(=O)(=O)N(CCN(CC2=CN=CN2C)C3=CC=C(C=C3)C#N)CC4=CC=C(C=C4)N5C=CC=C5,6.408935393
COC1=C(C=CC(=C1)NC2=NC=C(O2)C3=CC=CC=C3)C#N,6.397940009
COC1=CN2C(=NC(=C2CC(=O)NC3=CC4=C(C=C3)C=CS4(=O)=O)C5=CC=CC=C5)C=C1,5.677780705
COC1=C(C=CC(=C1)C2=C3C4=CC(=C(C=C4C=CN3C5=C2C6=CC(=C(C=C6OC5=O)O)OC)O)OC)O[C@H]7[C@@H]([C@H]([C@H]([C@H](O7)CO)O)O)O,4.862171336
CN(C1=CC=C(C=C1)NC2=NC=C3C=C(C=CC3=N2)C4=CC=NC=C4)C(=O)CCOC,7.494850022
C[C@H]([C@@H](C(=O)O)NC(=O)[C@H](CO)NC(=O)[C@H](CC1=CN=CN1)NC(=O)[C@H](CC(C)C)NC(=O)[C@@H]2CCCN2C(=O)C)OP(=O)(O)O,4.831502516
CC(C)(C)N1C=C2C(=N1)C(=O)CC3(O2)CCN(CC3)C(=O)C4=CC(=NC5=CC=CC=C54)C6=CC(=C(C=C6)OC)OC,8.447331784
CC1=CC(=CC=C1)N2C(=NN=C2SC3CCCC3)COC4=CC=CC=C4,5.555955204
COCCN1CCN(CC1)CCC(=O)NC2=C3C4=CC=CC=C4SC3=C(C=C2)C5=CC=CC6=C5OC(=CC6=O)N7CCOCC7,7.721246399
CC(C)CC(C1=CC=CC=N1)NC(=O)C2=CC3=C(C=C2)NN=C3C4=CC=C(C=C4)OC5C[C@H]6CC[C@@H](C5)N6C=O,8.522878745
COC1=CC2=C(C=CN=C2C=C1OC)OC3=CC4=C(C=C3)N(CCO4)C(=O)NC5=CC=CC=C5Cl,7.72010502
CN1C=NC=C1CN(CCN(CC2CCCCC2)S(=O)(=O)C3=CC=CC=N3)C4=NC=C(C=C4)C#N,6.455931956
C1COCCN1CCCNCCC(=O)NC2=C3C4=CC=CC=C4SC3=C(C=C2)C5=CC=CC6=C5OC(=CC6=O)N7CCOCC7,8.045757491
CC(C)(C)NC(=O)C1=CC=CC2=C1C=CC(=C2)OC3=C4C=C(C(=CC4=NC=C3)OC)OC,5.820000358
C1CN(CCN1CCC(=O)NC2=C3C4=CC=CC=C4SC3=C(C=C2)C5=CC=CC6=C5OC(=CC6=O)N7CCOCC7)C8=NC=CC=N8,7.744727495
CC1=C(SC(=N1)C)CN(CCN(CC2=CN=CN2C)C3=CC=C(C=C3)C#N)S(=O)(=O)C4=CN(C=N4)C,5.207608311
C1=CC=C(C=C1)CNC(=O)[C@H](CCCCCC(=O)NO)NC(=O)C2=CC=C(C=C2)Br,5.701146924
CC(C)C1=CC2=CC[C@@H]3[C@@](C2=C(C1=O)O)(CCCC3(C)C)C(=O)OC,6.079354999
CC1=NC2=C(C=C1)C(=O)C=C(N2)C3=CC=C(S3)C,5.770000934
COC1=C2C=C(C=N1)C3=CN4C(=NC=C4C5=CN(CCNC(=O)C6=CC(=CC=C6)S(=O)(=O)N2)N=C5)C=C3,7.690369833
CC1=CC=C(C=C1)C2=CC(=O)C3=C(C=CN=C3N2)C,5.540000226
CN1CCN(CC1)C2=NC=C(C=C2)C3=NNC4=C3C=CC(=C4)[C@@H]5C[C@]56C7=C(C=CC(=C7)OC)NC6=O,9
COC1=CC(=CC(=C1OC)OC)/C=C/2\CCC=C(C2=O)I,6.173925197
CN(C)CCNC(=O)C1=C2C(=CC=C1)N=C3C=CC4=C(C3=N2)C=CC=C4OCC(=O)O,5.415216621
CC(=CCC[C@]\1(C/C=C(\C(=O)/C=C/[C@@]([C@@H](/C=C1)OC(=O)C=C(C)C)(C)O)/COC(=O)C)C)C,5.530177984
CC1=CC2=C(NC(=CC2=O)C3=CC(=CC=C3)Cl)N=C1,6.142667504
COC1=CC(=CC(=C1OC)OC)C2=CN=C3N2C=CN=C3C4=CC(=C(C(=C4)OC)OC)OC,5
CC1=CC2=NC(=C(N2C=C1)CC(=O)NC3=CC4=C(C=C3)C=CS4(=O)=O)C5=CC=CC=C5,5.795880017
CC(C)(C)N1C=C2C(=N1)C(=O)CC3(O2)CCN(CC3)C(=O)C4=CC(=NC5=CC=CC=C54)C6=CC=CC=N6,7.85886391
CCCC(=O)NC1=C(C=C2C=NC(=NC2=N1)NCCCN3CCN(CC3)C)C4=C(C=CC=C4Cl)Cl,5.431798276
COC1=CC(=CC(=C1OC)OC)SC2=C(NC3=C2C=C(C=C3)Cl)C4=CC=CC=C4,6.552841969
CC(C)(C)N1C=C2C(=N1)C(=O)CC3(O2)CCN(CC3)C(=O)C4=CC(=NC5=CC=CC=C54)N6CCN(CC6)C,7.698970004
CCCC[C@H](CC(=O)NO)C(=O)N1CC2(CC2)C[C@H]1C(=O)NC3=NC=C(S3)C,8.025949097
CCOC(=O)C1=C(OC2=C(C1C3=CC(=C(C(=C3)Br)OC)OC)C=C4CCCNC4=C2)N,6.103639155
